INSERT INTO "roles" ("id", "name", "desc") VALUES (1, E'admin', E'admin sistem');
INSERT INTO "roles" ("id", "name", "desc") VALUES (2, E'siswa', E'siswa');
INSERT INTO "roles" ("id", "name", "desc") VALUES (4, E'pengajar', E'pengajar');


INSERT INTO "users" ("id", "name", "email", "email_verified_at", "password", "remember_token", "created_at", "updated_at", "role", "jk") VALUES (11, E'paijo', E'test@mail.com', NULL, E'$2y$10$Q6RahGp31RleM4SZITvoHOhB5au21PCAeD4VAMtr8csUDp/JL2lIS', NULL, E'2019-03-28 09:38:47', E'2019-03-28 10:07:53', 2, NULL);
INSERT INTO "users" ("id", "name", "email", "email_verified_at", "password", "remember_token", "created_at", "updated_at", "role", "jk") VALUES (19, E'guru', E'guru@mail.com', NULL, E'$2y$10$nWeRShmGfYz0qYqfZv6S/eDHfJKrluL.ilqLBNDAnmRg21phC8Jhi', NULL, E'2019-04-01 20:34:30', E'2019-04-01 20:34:30', 4, NULL);
INSERT INTO "users" ("id", "name", "email", "email_verified_at", "password", "remember_token", "created_at", "updated_at", "role", "jk") VALUES (24, E'siswa baru', E'siswa3@mail.com', NULL, E'$2y$10$NhVHjCrkRY5ZuQT9oogWmeyTUsLUOZiEXyFoszK4h8JfeFKA2nyL2', NULL, E'2019-07-17 01:52:41', E'2019-07-17 01:53:52', 2, E'p');
INSERT INTO "users" ("id", "name", "email", "email_verified_at", "password", "remember_token", "created_at", "updated_at", "role", "jk") VALUES (31, E'nama saya budi', E'siswabaru@mail.com', NULL, E'$2y$10$n2bnELMdZnIS9yc7Mwfebuq1Ad8DGZilVhrtwACJCgGGI/R9iEnN.', NULL, E'2019-07-20 10:39:29', E'2019-07-20 10:39:29', 2, NULL);
INSERT INTO "users" ("id", "name", "email", "email_verified_at", "password", "remember_token", "created_at", "updated_at", "role", "jk") VALUES (32, E'nama saya ani', E'siswabaru2@mail.com', NULL, E'$2y$10$q20Sw3NlXi3psaLLyiIEnOycDfwIYMMVtJkZIEfdM/wAP2wycO3v2', NULL, E'2019-07-20 10:39:57', E'2019-07-20 10:39:57', 2, NULL);
INSERT INTO "users" ("id", "name", "email", "email_verified_at", "password", "remember_token", "created_at", "updated_at", "role", "jk") VALUES (33, E'roberto', E'bdb112@mail.com', NULL, E'$2y$10$mtQU3Q1GRv6enmgdRN5XNOntxeq/EY8/mbY2SPl2YIuzicj4Fazi.', NULL, E'2019-07-20 10:44:15', E'2019-07-20 10:44:15', 2, NULL);
INSERT INTO "users" ("id", "name", "email", "email_verified_at", "password", "remember_token", "created_at", "updated_at", "role", "jk") VALUES (34, E'saya dosen', E'dosen@mail.com', NULL, E'$2y$10$dVidIoShO/dOK1FFqGzg4eGXjM4ixrgULPjbRUjjIGurotA6ceV.C', NULL, E'2019-07-20 10:47:41', E'2019-07-20 10:50:00', 4, E'l');
INSERT INTO "users" ("id", "name", "email", "email_verified_at", "password", "remember_token", "created_at", "updated_at", "role", "jk") VALUES (35, E'saya siswa baru', E'siswalagi@mail.com', NULL, E'$2y$10$hViWKWARUXI8It1VCkaQYeffY2PpfsLio15lx2rvpJOGycZuNIkuq', NULL, E'2019-07-31 10:44:24', E'2019-07-31 10:44:24', 2, NULL);
INSERT INTO "users" ("id", "name", "email", "email_verified_at", "password", "remember_token", "created_at", "updated_at", "role", "jk") VALUES (36, E'guru bahasa', E'gurubahasa@mail.com', NULL, E'$2y$10$Qddh8JP9vIEKSxEg3RbOeOHsHbRuOu7AVik9EGGPuN/cEcQmzt8hC', NULL, E'2019-07-31 17:37:45', E'2019-07-31 17:37:45', 4, NULL);
INSERT INTO "users" ("id", "name", "email", "email_verified_at", "password", "remember_token", "created_at", "updated_at", "role", "jk") VALUES (37, E'gurupp  pengajar', E'gurupengajar@mail.com', NULL, E'$2y$10$6SmwGvgsUuKaQTNuX/FaCem5xrvezUdnl3Bb/AkSSgwp1pPudLYPm', NULL, E'2019-08-01 13:26:36', E'2019-08-01 13:26:36', 4, NULL);
INSERT INTO "users" ("id", "name", "email", "email_verified_at", "password", "remember_token", "created_at", "updated_at", "role", "jk") VALUES (20, E'saya guruf', E'guru1@mail.com', NULL, E'$2y$10$uoFVuRn9aIDcY6vJvUZswOtrGUrPph4YxjQMOn5B4VPf0Ojd.3HUm', NULL, E'2019-05-30 23:51:57', E'2019-06-15 21:46:27', 4, E'l');
INSERT INTO "users" ("id", "name", "email", "email_verified_at", "password", "remember_token", "created_at", "updated_at", "role", "jk") VALUES (14, E'paijos', E'paijo@mail.com', NULL, E'$2y$10$K/PlrZRMeW1ROWkl37NWT.43zMi2BUTnVPXKL4bxe1F1vJZ51nKjG', NULL, E'2019-03-28 14:11:22', E'2019-06-18 17:23:44', 1, E'p');
INSERT INTO "users" ("id", "name", "email", "email_verified_at", "password", "remember_token", "created_at", "updated_at", "role", "jk") VALUES (17, E'saya murid', E'siswa@mail.com', NULL, E'$2y$10$yfNuUz/vrOx4c9mfYFOth.Tk7nREIu3eU1i7fLZpWqc3n688lX8k2', NULL, E'2019-04-01 15:47:55', E'2019-06-18 18:05:36', 2, E'l');
INSERT INTO "users" ("id", "name", "email", "email_verified_at", "password", "remember_token", "created_at", "updated_at", "role", "jk") VALUES (22, E'murid kedua', E'siswa2@mail.com', NULL, E'$2y$10$kWFIfRcVXTfGG5rQtc6AMOKZyXa5kiKuWIb4aKNkOC9ZG/bGkaIem', NULL, E'2019-06-22 13:22:30', E'2019-06-22 13:26:03', 2, E'p');


INSERT INTO "menus" ("id", "name", "path", "component", "desc", "order", "parent", "icon", "apiendpoints", "paths") VALUES (2, E'testadmin', E'testadmin', E'TestAdmin', E'-', 1, 17, NULL, NULL, E'[]');
INSERT INTO "menus" ("id", "name", "path", "component", "desc", "order", "parent", "icon", "apiendpoints", "paths") VALUES (3, E'testadmindua', E'testadmin2', E'TestAdmin2', E'1', 2, 17, NULL, NULL, E'[]');
INSERT INTO "menus" ("id", "name", "path", "component", "desc", "order", "parent", "icon", "apiendpoints", "paths") VALUES (4, E'testsiswa', E'testsiswa', E'TestSiswa', E'-', 1, NULL, NULL, NULL, E'[]');
INSERT INTO "menus" ("id", "name", "path", "component", "desc", "order", "parent", "icon", "apiendpoints", "paths") VALUES (8, E'All', E'all', E'All', E'-', 2, NULL, NULL, NULL, E'[]');
INSERT INTO "menus" ("id", "name", "path", "component", "desc", "order", "parent", "icon", "apiendpoints", "paths") VALUES (17, E'Admin', E'#', NULL, E'-', 1, NULL, NULL, NULL, E'[]');
INSERT INTO "menus" ("id", "name", "path", "component", "desc", "order", "parent", "icon", "apiendpoints", "paths") VALUES (43, E'Pengajar', E'#', E'', E'-', 1, NULL, E'fa-graduation-cap', NULL, E'[]');
INSERT INTO "menus" ("id", "name", "path", "component", "desc", "order", "parent", "icon", "apiendpoints", "paths") VALUES (50, E'Mata Pelajaran', E'mapel', E'Mapel', E'pengelolaan mata pelajaran (pengajar)', 1, 43, NULL, E'["mapel","mapel-req-list","mapel-req-process","mov-siswa","rem-siswa","get-materi-file","add-materi","rem-materi","add-kuis","rem-kuis","start-kuis", "detail-kuis","detail-hasil","koreksi","publish-hasil"]', E'[{"path": "mapel/:mapelId", "component": "MapelSetting"}, {"path": "mapel/:mapelId/:materiId", "component": "ViewMateri"}, {"path": "hasil-kuis/:dataId", "component": "KuisHasil"}]');
INSERT INTO "menus" ("id", "name", "path", "component", "desc", "order", "parent", "icon", "apiendpoints", "paths") VALUES (59, E'Profile', E'profile', E'Profile', E'-', 1, NULL, E'fa-user', E'["update-profile", "update-pp"]', E'[]');
INSERT INTO "menus" ("id", "name", "path", "component", "desc", "order", "parent", "icon", "apiendpoints", "paths") VALUES (68, E'Mata Pelajaran', E'mapel_siswa', E'MapelSiswa', E'browse mapel', 1, NULL, E'fa-book', E'["mapel-siswa","mapel-detail","mapel-action", "materi-siswa", "mulai-kuis", "update-jawaban", "selesai-kuis", "kuis-selesai", "detail-hasil-siswa"]', E'[{"path": "mapel_siswa/:mapelId", "component": "MapelSiswaDetail"},{"path": "mapel_siswa/:mapelId/:materiId", "component": "ViewMateri"}, {"path": "kuis_siswa", "component": "KuisSiswa"}, {"path": "mulai-kuis/:kuisId", "component": "MulaiKuis"}]');
INSERT INTO "menus" ("id", "name", "path", "component", "desc", "order", "parent", "icon", "apiendpoints", "paths") VALUES (78, E'Kelola Materi', E'materi', E'Materi', E'pengelolaan materi pelajaran', 2, 43, NULL, E'["materi"]', E'[{"path": "materi/mapel/:materiId/:dirId", "component": "Materi"}]');
INSERT INTO "menus" ("id", "name", "path", "component", "desc", "order", "parent", "icon", "apiendpoints", "paths") VALUES (79, E'Kelola Kuis', E'kuis', E'Kuis', E'pengelolaan kuis', 3, 43, E'', E'["kuis","soal","kuis-soal","soal-pertanyaan", "add-soal", "rem-soal"]', E'[]');
INSERT INTO "menus" ("id", "name", "path", "component", "desc", "order", "parent", "icon", "apiendpoints", "paths") VALUES (80, E'Kelola Kategori', E'kategori', E'Kategori', E'pengelolaan kuis', 1, NULL, E'fa-list', E'["kategori-admin"]', E'[]');

INSERT INTO "menu_role" ("role", "menu") VALUES (1, 80);
INSERT INTO "menu_role" ("role", "menu") VALUES (1, 3);
INSERT INTO "menu_role" ("role", "menu") VALUES (1, 8);
INSERT INTO "menu_role" ("role", "menu") VALUES (1, 17);
INSERT INTO "menu_role" ("role", "menu") VALUES (1, 59);
INSERT INTO "menu_role" ("role", "menu") VALUES (1, 2);
INSERT INTO "menu_role" ("role", "menu") VALUES (2, 68);
INSERT INTO "menu_role" ("role", "menu") VALUES (2, 59);
INSERT INTO "menu_role" ("role", "menu") VALUES (4, 59);
INSERT INTO "menu_role" ("role", "menu") VALUES (4, 79);
INSERT INTO "menu_role" ("role", "menu") VALUES (4, 78);
INSERT INTO "menu_role" ("role", "menu") VALUES (4, 43);
INSERT INTO "menu_role" ("role", "menu") VALUES (4, 50);


INSERT INTO "mapel_kategori" ("id", "nama") VALUES (1, E'Umum');
INSERT INTO "mapel_kategori" ("id", "nama") VALUES (3, E'Manajemen');
INSERT INTO "mapel_kategori" ("id", "nama") VALUES (2, E'Pemrograman');
INSERT INTO "mapel_kategori" ("id", "nama") VALUES (20, E'Coba');
INSERT INTO "mapel_kategori" ("id", "nama") VALUES (22, E'Kategori baru');
INSERT INTO "mapel_kategori" ("id", "nama") VALUES (23, E'Jaringan Komputer');
INSERT INTO "mapel_kategori" ("id", "nama") VALUES (24, E'Database');
INSERT INTO "mapel_kategori" ("id", "nama") VALUES (25, E'Bahasa');



INSERT INTO "mapel" ("id", "user_id", "kategori_id", "nama", "kode", "status", "akses", "keterangan", "groups", "image") VALUES (7, 20, 2, E'new12', E'KD', E'nonaktif', E'private', E'haruslah', E'[]', E'false');
INSERT INTO "mapel" ("id", "user_id", "kategori_id", "nama", "kode", "status", "akses", "keterangan", "groups", "image") VALUES (11, 20, 2, E'testtest', E'K1', E'nonaktif', E'public', E'Ini keterangannya panjang sekali sekali  sekali sekali kali kali sekali sekali kali kali  sekali sekali kali kali  sekali sekali kali kali', E'[]', E'false');
INSERT INTO "mapel" ("id", "user_id", "kategori_id", "nama", "kode", "status", "akses", "keterangan", "groups", "image") VALUES (13, 20, 1, E'validasi ok', E'KD-01', E'nonaktif', E'public', E'test validasi sudah oke', E'[]', E'false');
INSERT INTO "mapel" ("id", "user_id", "kategori_id", "nama", "kode", "status", "akses", "keterangan", "groups", "image") VALUES (17, 20, 2, E'125331', E'22', E'nonaktif', E'private', E'sadasd', E'[]', E'false');
INSERT INTO "mapel" ("id", "user_id", "kategori_id", "nama", "kode", "status", "akses", "keterangan", "groups", "image") VALUES (1, 20, 2, E'Pemrograman Web Dasar', E'WEB1', E'aktif', E'public', E'Berisi materi dan latihan soal pemrograman web dasar', E'[{"kode":"K1","nama":"kelas 1"},{"kode":"K2","nama":"kelas 2"}]', E'true');
INSERT INTO "mapel" ("id", "user_id", "kategori_id", "nama", "kode", "status", "akses", "keterangan", "groups", "image") VALUES (2, 20, 2, E'Pemrograman Web Dasar - 2019 - Kelas 1', E'WEB1201901', E'aktif', E'private', E'Kuliah web dasar tahun 2019 kelas1', E'[]', E'true');
INSERT INTO "mapel" ("id", "user_id", "kategori_id", "nama", "kode", "status", "akses", "keterangan", "groups", "image") VALUES (3, 20, 2, E'Pemrograman Web Dasar - 2019 - Kelas 2', E'WEB1201902', E'aktif', E'private', E'Kuliah web dasar tahun 2019 kelas2', E'[]', E'false');
INSERT INTO "mapel" ("id", "user_id", "kategori_id", "nama", "kode", "status", "akses", "keterangan", "groups", "image") VALUES (10, 20, 1, E'testtest', E'K1', E'aktif', E'private', E'123 hhdsudhs udhdhdudd ddhdhdhdd dddjdjjd jdhdhjjd hddujdjdjd dudididd udgdjdfjdd udjjdidjd jddujjdjd hdudududud', E'[]', E'false');
INSERT INTO "mapel" ("id", "user_id", "kategori_id", "nama", "kode", "status", "akses", "keterangan", "groups", "image") VALUES (53, 20, 3, E'211212', E'2', E'aktif', E'private', NULL, E'[{"kode":"kdx","nama":"kelompokx"}]', E'false');
INSERT INTO "mapel" ("id", "user_id", "kategori_id", "nama", "kode", "status", "akses", "keterangan", "groups", "image") VALUES (54, 20, 1, E'E-Learning', E'SIEL19', E'aktif', E'private', E'mata kuliah e learning 2019', E'[{"kode":"","nama":"kelas1"},{"kode":"","nama":"kelas2"},{"kode":"","nama":"kelas3"}]', E'false');
INSERT INTO "mapel" ("id", "user_id", "kategori_id", "nama", "kode", "status", "akses", "keterangan", "groups", "image") VALUES (55, 34, 3, E'mata pelajaran lain', NULL, E'aktif', E'public', E'ngetes', E'[{"kode":"15","nama":"kelas 15"},{"kode":"12","nama":"kelas 12"}]', E'false');
INSERT INTO "mapel" ("id", "user_id", "kategori_id", "nama", "kode", "status", "akses", "keterangan", "groups", "image") VALUES (56, 20, 25, E'Bahasa Inggris', E'ENG1', E'aktif', E'public', E'bahasa inggris', E'[]', E'false');
INSERT INTO "mapel" ("id", "user_id", "kategori_id", "nama", "kode", "status", "akses", "keterangan", "groups", "image") VALUES (57, 36, 25, E'b.inggris 1', E'ENG1', E'aktif', E'private', E'mata kuliah b.inggris 1', E'[{"kode":"k1","nama":"kelas 1"},{"kode":"k2","nama":"kelas 2"}]', E'false');
INSERT INTO "mapel" ("id", "user_id", "kategori_id", "nama", "kode", "status", "akses", "keterangan", "groups", "image") VALUES (58, 37, 2, E'Pemrograman web', E'WEB001', E'aktif', E'private', E'keterangan web', E'[{"kode":"k1","nama":"kelas1"},{"kode":"k2","nama":"kelas2"}]', E'false');


INSERT INTO "materi" ("id", "user_id", "kode", "judul", "isi") VALUES (2, 20, E'HTMLF1', E'HTML dasar', E'{"type":"file","ext":"docx","name":"201561760627_22.docx"}');
INSERT INTO "materi" ("id", "user_id", "kode", "judul", "isi") VALUES (3, 20, E'REACT1', E'React Hooks', E'{"type":"video","ext":"mp4","name":"201561760694_react2.mp4","desc":"reacjs"}');
INSERT INTO "materi" ("id", "user_id", "kode", "judul", "isi") VALUES (4, 20, E'HTMLT', E'Tugas pertemuan 1', E'{"type":"text","isi":"1.apa itu HTML\\u00012.HTML itu apa\\u00013.Siapa saya?\\u00014.Siapa saya?\\u0001\\u0001kirim jawaban dengan sms JAWABAN <spasi> <APALAH> kirim ke 3030"}');
INSERT INTO "materi" ("id", "user_id", "kode", "judul", "isi") VALUES (5, 20, NULL, E'Pendahuluan', E'{"type":"text","isi":"ok bosss"}');
INSERT INTO "materi" ("id", "user_id", "kode", "judul", "isi") VALUES (6, 20, E'MB2', E'Materi bari', E'{"type":"text","isi":"test"}');
INSERT INTO "materi" ("id", "user_id", "kode", "judul", "isi") VALUES (7, 20, E'BB', E'BUAT bARU', E'{"type":"file","ext":"txt","name":"201561831074_romel.txt"}');
INSERT INTO "materi" ("id", "user_id", "kode", "judul", "isi") VALUES (8, 20, E'TEST', E'TEST rEDIrect', E'{"type":"text","isi":"saffa"}');
INSERT INTO "materi" ("id", "user_id", "kode", "judul", "isi") VALUES (9, 20, E'RR', E'Router redirect', E'{"type":"text","isi":"test lagi"}');
INSERT INTO "materi" ("id", "user_id", "kode", "judul", "isi") VALUES (11, 20, E'SDO', E'Sudah oke', E'{"type":"text","isi":"kurang insert"}');
INSERT INTO "materi" ("id", "user_id", "kode", "judul", "isi") VALUES (12, 20, E'LC', E'Langsung Crot', E'{"type":"text","isi":"mantab sip jos"}');
INSERT INTO "materi" ("id", "user_id", "kode", "judul", "isi") VALUES (16, 20, E'fwqqwfqw', E'wqfqwqwfwqf', E'{"type":"text","isi":"fqwwq"}');
INSERT INTO "materi" ("id", "user_id", "kode", "judul", "isi") VALUES (21, 20, E'MB', E'Bisalah', E'{"type":"text","isi":"ayolah"}');
INSERT INTO "materi" ("id", "user_id", "kode", "judul", "isi") VALUES (22, 20, E'FGG', E'asfas', E'{"type":"file","ext":"txt","name":"201561832876_romel.txt"}');
INSERT INTO "materi" ("id", "user_id", "kode", "judul", "isi") VALUES (23, 20, E'qfqwfw', E'qwffqwsss', E'{"type":"text","isi":"fqwfqw"}');
INSERT INTO "materi" ("id", "user_id", "kode", "judul", "isi") VALUES (24, 20, E'vVASFA', E'React Hooks Make Using Context 10x Better', E'{"type":"video","ext":"mp4","name":"201561832934_React Hooks Make Using Context 10x Better.mp4","desc":null}');
INSERT INTO "materi" ("id", "user_id", "kode", "judul", "isi") VALUES (25, 20, E'dh', E'pandas cookbook', E'{"type":"file","ext":"pdf","name":"201561869998_Pandas Cookbook_Develop Powerful Routines for Exploring Real World Datasets.pdf"}');
INSERT INTO "materi" ("id", "user_id", "kode", "judul", "isi") VALUES (26, 20, NULL, E'file pdf', E'{"type":"file","ext":"pdf","name":"201561870215_2PAVXM_payment.pdf"}');
INSERT INTO "materi" ("id", "user_id", "kode", "judul", "isi") VALUES (10, 20, E'SBB', E'Sekarang bisa', E'{"type":"text","isi":"xok sip"}');
INSERT INTO "materi" ("id", "user_id", "kode", "judul", "isi") VALUES (14, 20, E'xxx', E'xxxxxxx', E'{"type":"text","isi":"xxxx why"}');
INSERT INTO "materi" ("id", "user_id", "kode", "judul", "isi") VALUES (27, 20, E'sdsasasa', E'safsafasfas', E'{"type":"text","isi":"fsasafasfsafafsas"}');
INSERT INTO "materi" ("id", "user_id", "kode", "judul", "isi") VALUES (28, 20, E'null', E'makalah elearning', E'{"type":"file","ext":"docx","name":"201562458205_201561651684_22.docx"}');
INSERT INTO "materi" ("id", "user_id", "kode", "judul", "isi") VALUES (29, 20, E'VBB1', E'video', E'{"type":"video","ext":"mp4","name":"201562532551_[eChanime] Shelter (720p)_3.mp4","desc":"Lorem ipsum dolor sit amet, consectetur adipiscing elit, sed do eiusmod tempor incididunt ut labore et dolore magna aliqua. Ut enim ad minim veniam, quis nostrud exercitation ullamco laboris nisi ut aliquip ex ea commodo consequat. Duis aute irure dolor in reprehenderit in voluptate velit esse cillum dolore eu fugiat nulla pariatur. Excepteur sint occaecat cupidatat non proident, sunt in culpa qui officia deserunt mollit anim id est laborum."}');
INSERT INTO "materi" ("id", "user_id", "kode", "judul", "isi") VALUES (30, 34, E'MT1', E'Materi dosen lain', E'{"type":"text","isi":"ini ngetes"}');
INSERT INTO "materi" ("id", "user_id", "kode", "judul", "isi") VALUES (31, 34, E'MT2', E'Materi 2 dosen lain', E'{"type":"text","isi":"oke test lagi"}');
INSERT INTO "materi" ("id", "user_id", "kode", "judul", "isi") VALUES (1, 20, E'HTML1', E'Pendahuluan HTML', E'{"type":"text","isi":"<p>isinya html ll ll ll<\\/p>"}');
INSERT INTO "materi" ("id", "user_id", "kode", "judul", "isi") VALUES (32, 20, E'QQ1', E'Ngetes quill', E'{"type":"text","isi":"<h1 class=\\"ql-align-center\\">HEADING 1<\\/h1><h2 class=\\"ql-align-right\\">HEADING 2<\\/h2><h3>HEADING 3<\\/h3><p>normal text normal text <strong>bold text<\\/strong> <em>italic text <\\/em><u>underlinetext<\\/u> <strong><em><s><u>texttext<\\/u><\\/s><\\/em><\\/strong><\\/p><blockquote>quote<\\/blockquote><p><br><\\/p><p class=\\"ql-align-center\\"><img src=\\"data:image\\/jpeg;base64,\\/9j\\/4AAQSkZJRgABAQAAAQABAAD\\/\\/gAsT3B0aW1pemVkIGJ5IEpQRUdtaW5pIDMuMTIuMC40IDB4NDkwNDlhMzgA\\/9sAQwAIAwQEBAQJBAQFBgUJBQ0UDgwMBwgZEhMPFB0aIB8dGRsbISUvKCAgLCMcHSk2KSwwMjQ1NCAnOT46Mz0vMzUz\\/9sAQwEICAkLCgsVDAwVMhwZHTEyMjIyMjMzMzMyMzIyMzMzMzMzMzMzMzMzMzMzMzMzMzMzMzMzMzMzMzMzMzMzMzMz\\/8IAEQgAZABkAwERAAIRAQMRAf\\/EABsAAAIDAQEBAAAAAAAAAAAAAAAFAQIEAwYH\\/8QAGQEBAAMBAQAAAAAAAAAAAAAAAAEDBAIF\\/9oADAMBAAIQAxAAAAH34AAAcDuYjaAAc5iQIKHGHzuJ9pMWk3LQskEHoZIkABn4n5\\/h05ZP7OPW6qWlXbLLeCD0ckSAK8zz5KabPHZL+Em88+ss59JX3qkj9HJEgohFfzXvnVltUeRtSydd8bon1cm0kHo5IkCi+tfdyEmzxtt6LG3pZNea1pnusIPRyRIEuivFbyANvO0acOjR6WXdnsZZLySD0ckSDN1yj1V1lrr6dZbCvq1nO6ixlkvJIPRyRICI49OXUaa5skCW7PYyyXkkHo5Ilk75VX8ce4C0Trrltn7undnsZZLySD0clJjze2qAJIAY09NqLN2exlkvJIPRyc5jze2qQACDfV04z2bs9jLJeSQejk5zHm9tQAABvq6cZ7N2exllvD\\/\\/xAAnEAABAwMCBgIDAAAAAAAAAAACAQMEAAUQEjEGERMgMjMUIhUhQf\\/aAAgBAQABBQLubcVTqVJ6TnZrGtY1rGtY04f1+WPRn8TXJXOGrn+QgtSGwn6xpCRcl5dktsnWrhDcZOLJfiORruUhyO+1IG3b4LfJEI11m64mAXI8mM40rW8RHWls94UF+SdNrqEt8OmLYk99uu8tQlZIpEUn1dZVFjRnREGkVLEThR6LyxdXFUsJ+lkNCQjHQhTaA22aiKClF5YuY8nsuBygNpzGrdvgt8TWOsJiQLUOMTpKIqmlOdW7fBeWXEZKkbioqKPZbt8F5VKlC1Tkl5yuZVzWkNwaZnGKtGLg1bt8F5OLyEl1F22kl1Vbt8F5O+vutPtq3b4Ld31\\/3ttPtq274\\/\\/EAB4RAAEFAQADAQAAAAAAAAAAAAEAAxARIAIhMDES\\/9oACAEDAQE\\/AfbasKwrCsZsYOeTSBtEWvx48Iivqbk4pUmvJRFQRf1c8182euirK5cQNoile+sNGxUtnXWGjRRhrRFyAvi\\/Rhr0UMtSYJpXgdIQ16+Yawd8Q1JR3zDU\\/wD\\/xAAkEQABAwQDAAEFAAAAAAAAAAABABARAgMSMQQgIRMiMDJBUf\\/aAAgBAgEBPwH7uJWJWJWJWJUIeqFCxKiHGutQlEYmEDGl8kn6lSQdK\\/px0JhZBcj8ZQMooEj0Kq5kPXDgT4qbNFO0aKTsK5xwB4jTBVJ\\/qiOg09kfvpyaMa5QHrXw409rXTkiZVOw19w9FWJQMtXVGkfdr46Zlr7jXQZDSmvrfcaaiiUKAHhVWwdIiGvuNIbQ87Xh5LX3GkN972mvuEN972mvv\\/\\/EACgQAAECBAYCAgMBAAAAAAAAAAEAAhESIDEDEBMhIkFRYQQUNFJxgf\\/aAAgBAQAGPwKpzCIS5NwWN1HYvVN1cK4VwuBbH2i93Es6KOjiYbYdsahiYpE7dnJ\\/2Y4ZdsyaxCuFsc7q6urq6LWER9rmxzPTlqfHeWFNd84mVvTFPhPnCNfIgK90GRAfHiuYCgtTAxHNK0\\/k4Zie2r8fFUxEsfNEzlHDEqgXRRnBmf8AsU+BjpHtWghM0j+qBFlLiRMlo06fjOI6X2G7E+EHQBjkZmNP+KAAFMfNG\\/SGRq9hQdlM4bBSwUcjXzgulxIoNMBuVdXV1sVB6macjQT4Ux7qLcjQazkaDWcjn\\/\\/EACUQAAICAQQCAgIDAAAAAAAAAAERACExECBBUWGBcaEw8ZGx8P\\/aAAgBAQABPyHc5MP+Rod1umSHJg2X2NT99P32nJOsxKAwHZLBExU4x7nqfBcOVLMHoHTubNXa2ZfaX2l9pfaDQC4xMRVn+HzPj8HPqVlEqb7PcSeTkHZsuwa3vZgOQBXAqpwaA7ldXZhYaED\\/AAcYzvSOSLGf4ETk9HGZ9WrQEvBtybP3CBQnIMO5A02V1FOUEGYKo28Rmf4S8CDgzCLppk1AAKGWpEREYIHCCyVx0Jk+JROpTE9wqIHQ0yamdGo\\/3OiZwZAyU9uy6hrQwRKyCI\\/DcEEoMICBwRANAW3ZtcWSBObY6IlFEABOMbtl0xtA5ZAQmyZ0RxlmdIgQ89uyRG8IcjCdwV1jbsmm5P41s\\/zPrQ5bwdi\\/\\/9oADAMBAAIAAwAAABCSSSSCSQCSlyKTpJOg4ySSDlg3CSMdffASS2kS+SSa2rQ6CRtwPHSCOXpQ6ULkpuHQ22m0w6G0kmuHScf\\/APQMn\\/\\/EAB4RAQACAwADAQEAAAAAAAAAAAEAERAhMSBBYVEw\\/9oACAEDAQE\\/EP6oPc+k+k+k+kEaL7GhoihpZZ259II8c2tm5ubm5YtgCxuAKSNVfcRUKnbnp8BLoizbCoGriQbKgChcFtsvXKgWzWDUAbiKXqoYF9wlZALpnc+3LtrPG5tXqPGPVjKi5eudW8\\/IgH7OHHTl65qRs0zcZbYXsagZV3jpy9c6jT2ED8PDpz04DiKZv9m\\/2CnuIdiEvHTl6x4x35JusdOXrOHz6cdOemcMfLtx05\\/\\/xAAgEQEAAgICAwADAAAAAAAAAAABABEQMSFBIFFhMHGB\\/9oACAECAQE\\/EPyiFhPjPjPjPjFAqalwKVcE6LlrpJ8YrYrNKcSiUSiUSlxGsFRlaqFSnB6g9q5qzoeAbMGQGIAjkhDie0csqMQKqGNDKKkIsWwJLLiDa\\/cZA2SwqFckqa3DGjPAoygiPcux3OBcOAhAIbzoyxr6ydsIp6g4IampDGhnedwBYz+wTS5gLUu4oKVUJqQxoz+iOBaI7TFG8akMaMLVeCdVADRKPUQ8JBLhlTjUhjRBYIKAeRUpjUhjRNU6PLRCakMaE1To8tEJqZ\\/\\/xAAlEAABAgUEAgMBAAAAAAAAAAABABEQITFBUSBhgaFxwZGx4fH\\/2gAIAQEAAT8Q1MIebBKEe4bS9SapaggeM0xNQePOf3FTGpSkdiycIiz2I3xuhxI3EmT0p8LMoOC7CxTuqyMHACTUFl\\/eVCucT3Sun\\/Sn\\/Sn\\/AEp\\/0ocCCA6yag7IwA3XhwFG6zwYFIMGghPQeUmbar4IB8LF5GVvoOu+UyaGKNBh+EcC7VuOHypcvFieUsIxdckldDlXWWgJB85ClUEDDFuLK0DID7TlkLtT2FdooIo1wgpU4pTjlzcMjQvKLpqiPKgtwE9a3EAe19tOcKSSpi2hQK0WpFAOAfmgQrRAkAmT5ACaepmqwZF1WpwBdBYwUWMWNlAlOgaEO1GgRSUEUKPM5CAlOqpGDGRnT+0UEYBiNdmFVZMh+l7iqDWfWEk7BseXxp4fNH2Ar8MkqfCocrFKACm8CZNo\\/dMOGULI8wpl3zFb75XGDdCm5pulqT6P3yrjJCeJCsGgyZU6GQxp\\/fK6q+w6uhp\\/bQvvauhpP\\/\\/Z\\"><\\/p><p><br><\\/p><pre class=\\"ql-syntax\\" spellcheck=\\"false\\">console.log(\'hello\\")\\r\\n<\\/pre><p><br><\\/p><p><a href=\\"http:\\/\\/192.168.43.65:8000\\/google.com\\" target=\\"_blank\\">link to google<\\/a><\\/p><p><br><\\/p><p><img src=\\"data:image\\/jpeg;base64,\\/9j\\/4AAQSkZJRgABAQAAAQABAAD\\/\\/gAsT3B0aW1pemVkIGJ5IEpQRUdtaW5pIDMuMTIuMC40IDB4NmEyZTI1OGEA\\/9sAQwAGAwQEBAQEBAQFBgUEBQYQBgUFBwgUDw8GEBgMDhkNFRYWGx4nIRsaJR0XGBItIiUoKSssKxsgMDMwKjMnKywr\\/9sAQwEGBwcJCAkRCgoRKhcUGCkqKSopKioqKioqKioqKioqKioqKioqKioqKioqKioqKioqKioqKioqKioqKioqKioq\\/8IAEQgBtgHMAwERAAIRAQMRAf\\/EABwAAQAABwEAAAAAAAAAAAAAAAABAgMFBgcIBP\\/EABQBAQAAAAAAAAAAAAAAAAAAAAD\\/2gAMAwEAAhADEAAAAbaW8pkhAiCJUPQeornsPSegrFUqFUiVCYnKhVPWe8iCiaTJSmes9RXPUVycqFQnKhORIggSggCJUKpUL6e05jNzmUk5EEAQKB5zxHmKBQPOUSmSEhKUiUokhj5mxtAiSnNht8yAEAUiiCUplMkKRKRIEScmIApniPEYuVDeRzQbqMuAAAAAAAAABAiQNXGPm8gQOczbJmgAAAAAAAAAAIGAmvDf5zgbgMyAAAAAAAAAAANdmDG\\/QDnk2YZ0AAAAAAAAAAAYOarOiznY2oZsAAAAAAAAAAAYQatOiQDn02EbAAAAAAAAAAAAMLNQHSJzybQM4AAAAAAAAAAAMSNMnSREgaAM\\/NggAAAAAAAAAAGIGmDpQ58NmGcgAAECylhLwX8mAAAAAMVNJnSpEGgjOTYgAAAAAAAAAABipo46ZOfzYpnoAAAIGvzLywFzIloJjLycAAGKmkjpYiDQJnRsQAAAAAAAAAAAx45\\/OnTQJsQz4AAAFtMOM2LIeo9hZwZSRAABixpI6UJiBoEzs2IAAAAAAAAAAAWE55OnzQRsUz0AAAAsxKY8X0ok5bzMCYAAGKGlDpQmIGgjOjYgAAAAAAAAAABYznY6fNBGxTPgAAADHTwnqPCec9RSM0JwAAYiacOkCINCGamxgAAAAAAAAAACzHOR0+aDNjGegAAAAEDHDIyIAAABhpqI6OIg0KZibJAAAAAAAAAAALWc2HThok2GZ8AAAAADCjKz1At5Zz1kp6S7Awg1cdEAGiDLDZYAAAAAAAKZjZ6SJIX8mLWc2HTRoo2KZ6AAAAACkYUZmUS0mQkxAtJQL8YCa6OgwDRZkps8AAAAAAAlMWMmKoKJjBlZ4Dmk6ZNEGzDOQAAAAACkW48ZkBMAQMMMyNdGFG\\/ADR5fTaYAAAAAABaicuQALETnqOZzpk0GbUM3AAAAAAAMfL+RIAGHmUmvTEje4BpIuxtcAAAAAAAx8v5EAFMw4yU5oOlzQJtszMAAAAAAEDHy9lEmPQRMHM2NYmPG8gDSpcDbQAAAAAABZiqVD2lA9RZCgXY5kOlDQRt4zIAAAAAAAtx4y8FQgY6Wozc1SWk3aRBpg9ZtwAAAAAAAlMcMhJweIwE2QeY5lOkzQJuEzEAAAAAAAgYSXErlrKp4DMTWRbDdZEgafBuEAAAAAAAGLlIuJ4S0mUFkMnOZDpQ0AbhMxAAAAAAAJDAyke0mPMZIY4Y+eQ3ORIGoSiblAAAAAAABhh5Sc9ZYzOzXZsU5nOkzQJuEzEAAAAAAAlMHMvMJM6McLSY6Y+Xo3ORBqU8BukAAAAAAAGEGWmAGxiwnlMALiaxOkzQJuAzIAAAAAAAgYoSnkPcX81kavBsA3QRBqoshvAAAAAAAAGKF1MGNmGJHuOeyQidJmhTbhmYAAAAAAIHhLAY8UjJDV5jJ6j1GTm6wDV5jhvMAAAAAAApGHGQGiTok0OY4UTJTFzpM0YbNM6AAAAAAALAUzDiUvRKZAXg0+TG5ADWBi5vcAAAAAAAt5ZzyGvzYxYTIi+g5lOkjR5czJycEARJCIJyseg9Z6j1HqKoIkQUjzGmDJzawBrAxI3WVCJAEQQKZQKBQPOeYoFIokhISggSHlNbnS55y3luJCUiRIEpOCBTKB5zxHmPKUCQlAJiuek2AZUAWg1uW8okoIAgRJz0FUrnoPSVyoVyoRJiqRIlQnMkKoAAAAAAAAAAAAAAAAAAAAAAAAAAAAAAAAAAAAAAAAAAAAAAAAAAAAAAAAABAiAAQIgAAAgARIAiQIkARAPKVCoQIkQAAAACIABAESABEsxrQoFQrFYqFYrE5VIkSQ8h5DyFApkhElBOTlY9JtU9RA55B6gQJSJMTlUrlQrFUnAAIkCBSJSBRMtM+MTNKHQJQKJSKZSKRSKZTJgVz0HqPaVyciQIgkLYaBOlz2kDnc2eZyRBAgQJSkUSiUCgSEoJgSgmBVJjHTW50OYoaXOlSIAAAAAAAAAALMc7HTR6CBzsbSM4AAAAAAAAAAALCc\\/HThiRps6TIgAAAAAAAAAAshz0dNFYgc6m0zOAAAAAAAAAAAC1HOB08YkajOjiIAAAAAAAAAALGc9nTZVIHOZtgzUAAAAAAAAAAA8xzIdLmJmrjokiAAAAAAAAAACxnPZ02VSBzkbZM1AAAAAAAAAAAKZzGdGGKGuzoIiAAAAAAAAAACxnPZ02VSBzcbgMyAAAAAAAAAAAJTmY6DMSMKN8kQAAAAAAAAAAWI59OmiqQObDchmAAABKRABEsheCJMAAASnNB0AYWYub0IgAAAAAAAAAAsRz6dNFUlOazc5l4AABaTGDODXhmxaiyk5ezyFAzQiACBzUb6MHLQbqIgAAAAAAAAAAsZz2dNFYlOaTdhlgAABZyyGXFqIFEmLgRMaMKNyk4AIHN5vAwQ85uMiAAAAAAAAAACyHPR00ViQ5oN4mUgAAECzFYtpkRIYiewv5ArFUAAHN5u41+VjbgAAAAAAABTPAC4E4LGc+HTRVJDmU3uZMAAAQMNPeYmVDPTCyU9pazPz0AqEQQObzd5rguZtUiAAAAAACBbS0F8Ji0FxLkWI59OmiqUjmU38ZCAAAQIAiSlqLsRBRMbPQVigXMuJA5uN4Gsi\\/G0QAAAAAACQxsycAgYkZOWo58OmiqUDmQ6FL6AAAAAQMBM6KpAxcyUqECBipkR6Tm43eaxMhNoAAAAAAAFnPWe0lJSoeUxkuhz2dNFY8xzKdEF7AAAAAB4zDzNyQsJfyBIespGJGYnOJu01eZIbOAAAAAAALGe8kPYSlYpmEmQHPJ00VjxHNB0eXUAAAAAA8pYi5FYrgrkSBhBm5zebuNXGUmywAAAAAADyHiLuRBAxYupIc7HTRXLac2nSZcQAAAAAACiWcvwALYWgyk5xN1GsDKDZgAAAAAABAsJOXopGJluMyKZzkdMnqLSc4nTB7AAAAAAACBYz1lxBZjEDNy4nOBuw1eZObNAAAAAAABiROe48x4DKzADNjm46XPYWg5yOmT1gAAAAAAAx8tpdCiWwywwI2Mc4G7TVplpskAAAAAAAGElUxUzAspmpgRnpzUdLHvLIc7nTZ6AAAAAAAAYcUyzl3LYZWYabOObjeBqwyw2UAAAAAAAQMVMkMGM+LIeA1AectZ0mXQsJz0dOFcAAAAAAAGMl6MTMsPIWo1wSmJnQBqgy82SAAAAAAAQMWLwalN0mBniNRgHR5eTHzn06cKwAAAAAAAMWMiNPG3DFS6GgDzkToc1MZobGAAAAAAAPAYGZEaaOiznQGQGVmoDoQvxjpoA6bKwAAAAAAB5zAzLjnw6MNMGJFzMoMJN9GpTODYgIESBEgRAIAAiSkDwGGl4LqXUEhzMdBl7MeNAHTZVAAAAAAAJC2lM16ZYQMiPYROaDfJqEnL4SkhIAAUyUpkhKUiAABElJSiCib9PaY6c+m1isVSsViuVyuViqVCJAlKZISlAoFMpFIoFMomqzoY9paimRJiJMRJSJMRKxUJyYnBEAECJUJyIInkMOJgQKJRKRRKBRPEUSmUD1lUrlYqlcqk5XKhOVT2GTH\\/xAAyEAAABgECAgkDBQEBAQAAAAAAAQIDBAUGFjUHERASFBUhMDM0QBMgMSIjJCUyQUJw\\/9oACAEBAAEFArDK7BMk8qtzB5PcmNR3Y1FdjUV2NR3Y1HdhOUXJBOXWpBOZzwnNZARmwTmscJzOAY1hWAsuqTBZZTmCymmGqaYampwWR04LIacwV9UmCuqswxPhvq6XVdVMnJLNqa5ldsoFlVuQRmFmQLNJYTmr4bzZI1tHBZrFGtII1lXDWNaNX1Q1dUgstqBq2oGragatqBq+pGrqkavqhq+pBZdUgssqDGqacalqBFlsSUif7vE4kR2qKJFIdmYHZ2B9BkdnYHZ2B2WOFV0FQcqK1YXjtQsKxenMKxKpMKw6tMHhcIHhUYHhTQ0SkaKMHhKgeFPA8LkhWGTRo2eLerl06sGtZMhzoV+LcurOxOHEdq+668d1Vw7prR3TWg6WrMdwVI7gqAeP1A05ThWMU5jS9QDxOoGkqkaSqRpGpBYnUAsUqBpWnGlagaUqArEqkw5hsAwrCmxkdD3S1gq\\/7YWpdWdhJ86f4\\/EZP6cDVytOnIS6tngp86r4\\/EJPOuxFfUtxeEabLBdo+PxDRzhYarq2\\/TlRcrbAT51nx8+2nGj5Wwybd8C2n4+eI61XjKura9OX7vw92\\/4+dl\\/UUR8rIhlO8YDtXx80LnUUh8rAunMS5W\\/Dz2Hx83LnT0\\/hYDKy5XGAbX5FhKnMriX02S5PteyNJPmXl5ltNR79P46Mz3fh2f8AC+PmJdanrj5TBl+88Pdt8nE\\/CxlxYzynclrkFS2jdiV7Pcr46bp1NX3lNjx0HzT92ZbRU++T+OjM934d+y+PlO0Rj5PJPwy\\/eeHu3eRY9s+nArLuJJcbU7HiU8Hs0KsTFnWUZ2S3X0MaOkseh9Yi5F92Y7TUe\\/L8dGY7vw89j8fJS51TPqN\\/4y\\/eOHu2+TZWTEAV9nHnKxtwytF3ERLsm+r2C78gFHj5JHdfL78y2io9+XTme78O\\/ZfHyLbG\\/wDbXp5dvHD3bvJuKtUx2DRLjyYVYtizTVWEVTeMkQl461IkNUUtpbZdVP3ZqfKpo\\/GxLpzXd+HXs\\/j35c61H+mPSy7eOH22+YzMUm48rOdpx\\/xsi6c23fh0f8X491t6fzDPnHzDeOHu3eZlCFR3YryH2uifMZiIQ5bTTKDLCmrNgQp7b6ujPD5VWLl1rXpznduHHt\\/gOKShKrGTLUiHPWRxJ6AmwdjrSZGQutvT+YPtsv3nh7tvmOoS4ho3KJ9l5t1M6QiKxWw1Oq5dNnBTKRTzjkJHEE\\/67ES52\\/Tne68N\\/S88w4R20lttLaeh5pDqY7i6qUR8xbFzhf8Aa\\/xi5Wf9xgBf1fmutocTDro0NdlykTU\\/j7Ln+FZEOIh\\/xML3fpz7dOHB+Hn3D\\/ZodZHKNG+zIIvaYNBJ7XAtPZit9nkvjbYFtPnt7z9ua8u7o3izxF9vg5c7bp4gblw3\\/wBefkPjGL7XP84Uf8W09kKz2eRbpgZf1Hnyf2bRtxDhFLYU7JS6pJfgZCrt01Jci4jK\\/RgZc7Tp4hFysOHB\\/uefetKdgwpSpAfmNsrM\\/CKpxSBezEw4WMRFQ66f7U\\/zU+xyDdMF2jz7GOUlmsfQQJKCPotrZuMMb+kUgcR\\/9cP9z6eIhfzuHHreeouYZM61xPVV0zZbERt6X2yWjlysPan+an2F9ueDbR55h1HelswqQThvWwkRLuYKKNAjvZY0cVcJ9MljiOf6+H249PEX3XDr3XwMlfWlj6BVpKctEh\\/v14d3MRpFrBbmQsPmrfjTfbH+an2N7uWDbR56vxRzmIjXaPoyzupUh6wdvGCiNzkzrtsnq7AnXFwOI\\/rcPS\\/n9PEb3HDs\\/wCb8CycSm7tJcWwCr9yK0Tl8ph1NnZMQXHHGYXWj5bP9of5qfYXu5YNs\\/nmKyIyu7lR2ZCMYjpas3VoQl2PJgv3l24UOsyOPWQ8juO9lcPPf9PEcv18PT\\/n\\/AyyOh9TbTbbeRQmWp4sYpSyO1lMlFu2WLJ7MfqIPxOo9hfbng20eeYoPd3Upxizx7wt8vV1K2MvrMZ3Ztu9PD0\\/7Dp4j\\/jAT\\/s\\/gXW5XK1NwJr312z\\/ABiTvXbyGyar4az6x9FR7DIN0wTaPPlzI8UsfV15PETwTw9Wpx3NtpkZDYuMGZqOPDkyDs62RXjh9uPTxHL9rAz\\/ALTz3HEtlPlNTZ9x+qvpXXO3H+Ct5Va9LlSJS0NrWIOPT5Bf9qPYZSjqW2AGR1fn2FPFmulStDJ2GWDx1xqtKxTZXTMLEILZRqSsYCG0ILiGvnM4do5zOniP6ODbr59hDZnMs0TDRWkBmHFrmY\\/ae9Zr5R8S+q6xjdS0GYsdkTfCOf5qPYZV43GN5AmpZLNY41pFB5pFGtIw1pGGtIo1rGGtYwLNYwLNIgTmNeE5dVmEZRUqCMgqVhNvXKCZ0RQ7THH1WDH1WR9ZkfXZIKmRUg7SAQzF9qRZcOW\\/s4j+jhjrbNmVhCMdtiDtkUdsijtkUdsijtkUdsig7CEQO2riCr2rSFZHUpCsoqCCsuqiB5jXBWZQhrSMDzSOY1owQ1q2NbJGtiB5sYk5i663+TrS6sOfVQZocx2qcQeI1YPD60Fh9cNH1o0fWjR9cNHVwPEK0aPrRo+tB4bACsLiheFICsLfCsNnBeJWqQeM3JBWPXZDT92O4LsafuzBYzcGEYnaqGj7EYrWOVkTpta2NYtysMkEo8RtBpa3GlrcaXtxpe3Gl7caYuBpe3CMVtjBYhZgsOsAWFywnClhOFIBYXGCcMhBOH1w0hWDSNWCxKrIaVqRpWoGlagFjFQQLG6kglJJT\\/8AElSo6FE60Y6yR1kjmQ5l8e9mnXwncymKGsLIgWZTwWaSgnNXQWaqBZqgFmsca0iAszgjWdeNZ14VmcIKzVoKzVwLzOaDzCyMHltqNV241XbjVduNVXALLLYautA3mNgQLM5POI4brIMZItzvSDW2kto6m+QO778HEyAh9PIEj6mQJHeGQIBXV8gJya6SNWWpAswsgnM5gLNJA1q8NaujWrw1q8NavDWrw1q8NavDWcsazmDWc4KzCxMYpfPWbwzTZ6giOcurr1g6SrMKoKowrHKlQ0xThWK1Bg8SqgrD6wxo2uGjYA0bXjRteE4jVkE4rUkEY3UJCaasSO7K8FXwSHYIQ7vgjsEIHAhGO7YAta2vTDT4uV5dWL0ZPu2A7Z9nIh1Ej6TYONHMHAhmFVdeoHSVZg8eqTB45UGNNVALG6ghpyoGm6gaapwWN1A05UAscqCPuGpBUVUMrqYTNXjchUe0GbbPTbj8fIPCtZ9WL6PRk264Dtnx8lT1quErqSU\\/jONnpNx+PkW2RfXY9LoyXdcB2v490nrwGvBbXi3nW0Y8nrWhfHyPa4vrs+n0ZDueB7V8eUnrMn4LgnzjZ8rlVYx42xfHyPa4vrsen0ZDueB7V8dzxTJT1X6k+cHiFt2IJ61wXx8k2uL67HpgxenzscG2n46hP91R7bxEP+FhBc7j4+S7XD9wz6YMXO4YRtH38+nn03NgVegjHPyDFl72g2ziOf7OCJ523x8l2uJ7hn\\/AV+Lf32EbR99kiWpNG9a2LSeZJiz0v3Dk6O2739F+hlL6pdTUXE2W+qc0y\\/HyFh1EbIusovtMWxcp+OeNVxIMcPy52RfHyTa4vrsemF\\/i097he0ffYxpb4r6abBSkjJMGtZiPWdYzOCKWGUVmpioaTEj8nYjCwvsMFycxEmSkFyT9t8XKyxnaeI6v3uHRfzfj5Htkb12PSC\\/xYnzl4dtHkFYF3lLkfxqGyKRA66Q8f6MUlGpnHZrj4ceJC1PsEskp++\\/3PGdp4jH\\/ADOHBfv\\/AAVKJIXZQUGiygrMlErpyPa4vrsemHP8zvdYjtPkEw8WSM9sdOiqJEQ7KDLOaTKHY9RVNFaT6iwXZfQtFm4h87aQ8bDfXIgTiD+298bPGdp4hK52XDcv1fAsZiIbaIEmeGYcVonIkZZOQn4Yr5rctAyTa4nuGfTD3py\\/XxYuVT5HIcugxBntSX+XRyDq0Np7ROsQ3TRgqmgBbU6EIMxqWjovdyxrac\\/3Xhx\\/nz1n1SrGjmPdJi4bVBdjuJdbyPa4nuGfTEn0X\\/Vxra\\/LMWqV1Vq2tK09D5HZTEJJBdBkLdpcJyI8h9oX3hZ4ztOfbtw4\\/wAefeOG1BhkltkKPkELJZCY0TzOHvGqHke1xvWY9IS\\/Qd9THts8yZHblNRH3aJ1taVlJc+k1SKNph11DYaeQ6TLq1rDqErTia1I6L\\/dMX2jPd34cej5+Q+xYYaSp2Mpbhp5ky2hpIcPqpwwjUnINsjeux6YnnyjK8V0hcq\\/zZDDb6EU6mFWaVd31xkcWQw0+lhlthPTRfqvBe7njG053u\\/Dgv4\\/nzWifYqHjXH+zI5poaqIaYMS\\/wBtY9aN6ItvZf8Aqp9l576CcRQqNMf7LSYiFGxWKtqMMg3TGNpzvd+HHt\\/gWTXZjgWseSnmRh51tpMm\\/S4t+DOr01ktubHvPGva9SH7cXZ8q9H+6\\/wi\\/AlsOtvQZzEouixtYcEpnb5gq5bU2OL\\/AHPFtozvd+HHofAyMzkOXziIjRV8VRLq61wWDsevZLqvtYy6cGytvYp9SB7YXp8q5v1IPtvgZFJVGhPxotZWoiP9V2vmPFIrItWyw4iQxTOd2XYvD52WL7RnO8cOPa\\/AyRw4c0o9rLZnuPwFM4\\/A7O7XRIQgM9naeZ+tldn7L8LrD5wxkR8qxj1Yvo\\/Ayw+ql2W\\/bMKnvVwroUyZHcgnHXSxn4bGVtH32X4utxxjaM63jhx7b4GSfrU6tLTeRPtSFf8AIr7NmhdXIYT3lJjPqtLBRf8AaX2AyXa4\\/rRvS+BlZ\\/1kJpLEfNPou1cMiKOpyNMUmNbw02NpKj2ysstjOQ6p93GNozg+dxw59p8C\\/wDdWvjCZsGJEf8A5jUppp7JskYNk\\/z0UB860ZRtUb1o\\/pfAyz2R+kqSyuig+2rXi1Fd3EWvZkuqed6MZ2nNt54c+z8+xknEYVYrnuybWM8xAacan\\/8ALfrKsWKiyfEbELJwQsTiRkyPB3GvGrGVbVF9dj0\\/PkOoYbsrZq0bRPhdWX7uB7XKpD0W6M3XlRqexkCBh8tZz20sysZ2nNT53PDr2PwOSRYsOvx4lBYMr7olPCHVwonRzDnLqzS5ScdSaK0ZRtcT12PT89aSUXddfzfr4yW01Vm68hN84lnHIynWYUVkEXRa++x1JlV5mR98UWQO1TGtZIPNZQ1nMB5lOGs5w1lPGs541lPB5jZDWFmNXWoPLLcaquAeTXRjUl2NR3Y1HeDUd4NR3g1HeDUd2NQXigdneOjq3zwRS2riq9BtxRlO1Mq6i2s0YSnWsQFmcEFmNaE5dVGE5VTmCyanMFkFQYTdVZgratMd5147ygDvKADta4h3xWA7qrId+1IVkVQQPJqcHlNOQPLagKy+rIHmdeDzSEFZrHEpz679Ftr8SM8F0NSszx6nGn6gJoKgh3DUAqOpIdyVQ7iqR3HVDuWrCaarIFVVxAq2CQ7DDHY4o7LGHZo47NHHZo47OwOzsDs0cFHYIE02Q5fZMjtymnMRq1HpCqGj6saQqwrDq4xouGFYWwDwogrClg8MfCsTlEF4xLSNNyxp+UE4vLMFicoaQkhOGPGE4W4CwoFhTYLC4wThkEaNrgWHVgTiNSQaxinQGW0Mo\\/\\/EABQRAQAAAAAAAAAAAAAAAAAAALD\\/2gAIAQMBAT8BR2\\/\\/xAAUEQEAAAAAAAAAAAAAAAAAAACw\\/9oACAECAQE\\/AUdv\\/8QAQxAAAQMBAggKCAUEAgMBAAAAAQACAwQRIRIxMzRyc5GSBRATIjJAQVFxsRQgI2FigYLBMEJSY6EkQ1OiFYMGRNFw\\/9oACAEBAAY\\/Ap2wYDYmusaC1dNg+lZYbqy53Vl3bqy7t1Zc7qy53VlGnxYr+SPi1c6GErnUsZ+pc6k2PXOpX\\/Jy50MoXRm3VjkH0rpvH0LLHcKy53Cs4\\/1Wct2LOmLO49quqotqwYp43u7g71HGy2wYgpnsfYzCs5JwxLmuY3wasow\\/Sr2xO+Svp4tqvpWby59Ifk9ZpJvLNpNqyEqyUy6E2xf3t1Y5d1dKTdXTk3F0pNxdKTdWOXdWOXdX93dX97dX93dXTePpWWO6s4\\/hB0MjXtPceKp1h81SyPhjc\\/tcQroY91ZJm6smzYsmzYskzYskzdWRZuq+ni3VfSxbFfTNHgsiR9S6Mg+pXOlHzV08quqZNizp+6rqo7qzv\\/VZ3\\/qrqlu6s5ZsV08ZWViUfKPGE7olhTqSd2G0NwgTxlVQ\\/cKge+GNzjjJCzWLdWaxbqzWLdWaxbqzSPYs1Ys1Ys1Ys2G1ZCz6lkTvLoP3l0ZN5dGTfWKTeXRk3lk37yyTt5ZN28sm\\/eXRkH1LmSytXMqnfMKKXleUD3YOLEmNOIsPFVjulPmqf3E+fWKR\\/wAlZ3s9SsH7iYO53WI3fplVH73YP8cVcD\\/mPmo9M9Yhf3PVP7\\/Uq9JfX1g6wKg1vFX61DWHrBP6XqjPx+pVeKk1nWJPc8Kh1w8+Kv1i\\/wC09YnVJrB6lSpdZ1ifSCo9cPPirtP7L\\/tP4IFNR+kN\\/VhWKWOPg8uMJskAfiVM98TuVndgiLuQP4lQqTWj1KhT6zrFV7r1TH90efFW6X2T9b+Fw3rf\\/qinnbaYOcw9yksLnFvRFmUT7GGOSPpxu7FyzITN2XdilrniJ0jcUbHYlDV1bYnwykXMN7UCO316hUmtHqVCn1nWK7VqE\\/GPNBVul9lJrfwf6Lk+U+NVFSx1PbUG2QJ0UlznswXWKCCQNmdTnpKpq2PunF7O5YEU5gPeBjU\\/KuM7p8phJtrpXMYbWxl1wVnr1KpNaPUqVPrOsVw\\/bTNJN8FW6X2T9b+FGJcIvlNjGNGNSRMwmyx9NjxZYuGac4hJhAJ8LcORzOngNtwVE50hc2XoloT6nlOYw2EWXqKHkpG8oeafwKhUmtHqVCn0+sVurTPFM0VW6f2T9b+FT1EMvJVEHRNiZWelPdUHL\\/Gq6sJHJzi4KoFBPGI53YTsNt4VJhy4Rik5SS7pKeQvwY5b8AdhQMdUxg72x3oAm2zt9efxVJrB6k6n0+sVmrQ8VHoqt0vsn638Waif0XRh8X3\\/AA5NIKj1nqTeCqdPrFZqjxQHvYPJVml9lJrfxaPhSMWmndZJ4JkrDa14tHHhyu0Wj8ywo8Gkg7MIWkq+ult8FbHM2ob+h4sRicDFO3HE7jI73qjHx+pJoqrHxdRLnGwDGUWcGR2t7ah+JWy1zgfgarY61xPc9qbFwhHyeFc2ZuI8dZqjxU+rHkq3S+yfrfxXMeLWuuIRifa7gyU2sf8A4UHxuDmnEQnzPxN7O9enVl9Q\\/oM\\/xD1LWnAqGXxSjsT4Z+bVwnBlb38TB3yKl8fUdoKs8eovivFDA6x\\/7xQawANGIDjcyQBzXYwU2kmcTRzH+mefye7iq9UfLip9WPJV2s+y\\/wC0\\/jFrxa04wU58ALcL8ttyoqQ3tHtnjy9ahrW3MkPJTcVOPjUHqf8AWqweHUJ5R0g2xqhi7Q3nHvPb6s7W5Row4z3FU8x6eDY\\/xVVqj5cVLqh5Ku1qGtPUJieynGDt9YHtEosUWiqbSUWifUbq1WfLqEY7DO0Hb6zre5VTfytqTgqq1R8uKl1Q8lXa0pmmeoU8x6EsZi\\/+LCY4OHeFyIeDJ+lDkn4DrbzZx0XBsd\\/O5Sb3IBUjfege5nqRnvjVYPd1CUM6TeeFaGexLA5klvSTY3h1rsVjVaEDMzAf2jimk\\/MRgsHeVCx+Udz3qo1Z8uKk1I8lXa0qLTPUCzE4HCY7uK9GkaIagdJn6laALePkYPbVjrmRNVR6QT\\/yjr5Q77cVH4J2r9SHVqr0eouikzN7rY3\\/AOP3K3GOzjMk8gY0fyqap4SY6Lg7C\\/pfiPvQsxKo1Z8kVR6keSrtcVFpHqLmWkU9IOk3tKlhpqhs5hNjmyDErqaLx5RYMtRHTQ9ojxqogjBdVRZSR+Nyp+FoLpIXe0+IKKduKRtqox7k\\/V+pTaCqdDqLKWLLVT+Sb91TRRVTo3ScxrH3hxV0EUnvD1gxtgpwfzW22Knk4UmfVTSvwWW9FpUtMQOjzPh7k+lmy9K7k3e9Tn9s+SKpNSPJV2uPmodI9QKq5JyeUkqSABjcp6mlfyck551PO2zCTKOkgwKv+7h4mJhJi5P+5IxuJR8I4TKmJ7MB5jVU13bHansf0Y32MVJoqXV+pS6KnH7fUaAymyNkTn39ip3xukj5CTDjnMdyJqY2yW3RTRYnlcsBT4Tha2LuToHTR+ksdhOhc2wtTeVYY3i5zSp4osnLe8fJVGrPlxUepHkq7XFRaR6jXTBvNh6I96McrA5p71woASeS5jbexWvNg96dUULOUhkysFvkpWClljc\\/mYTxcFHTRRGR4ve5RO5Pk+TFmNS6v1KM+4qUd8fUeD47PaST4Fvu7U2JoGABYAuDDGMET1HPYMR4mz0jgKqF3s5PssGpopeUHay8FVPCVQwmV4wI4x+VPj9GucLMatVHqR5Ku1xUWkeo8Kn95cFtD8GN7rHjvXDItt59qefjHmon97LUyihdbgm2SzjlH7fqUZ8UdDqPAw7OUPkqt7DY5sZIK\\/8AGpy7CdynO4q5p\\/LVFSOJ9q4WMb3ouOM3njo9SPJV2tKj0z1C2eRrFwjOwO5CV9rHEY1RyDGCq1zyS4gXlS+4hMp2P5OJrcGxqtN5QEMT3k9wUXpADXSC0NUmr9Sj0kNDqGE9wa3vK4N9EPKuhmte4C4BVmqPkqGMuJY2YEN7uKvhpsFvKTElyMlRIXu96sa0u8Ai98ZiiAwi5ysVHqR5KuH7lqI7pD1ATyYQlAswgVfPUH61HByE85xtc51oT3tinmmlxtay5qNMKf0aB2N8hvXty6VytZTst965jQ3wUDP0xqd\\/cz1KPSTNHqBgmFrCsFs0wb+kOUsv9TNdYWB6ZUuilibE61kTW2lyspKCS\\/E6S6xOqK6TnPdhGNiFkGEfiXs4mN8Ap9WfJFUepHkq3TT4XQmQOdbaCr6Z+8s3k2rN5NqzaTas2k2rN5NqzZ+1Zs\\/as2k2q+nk2q+OUK\\/lB8llrPkrqlvzV1VFtV08Z+pZVm8umzaso3aso3asozar5ox9SzmLeTnwvD2YOMKrl+n1KTSTHyuDG4OMq6oi3ll495ZaPeWWj3llo95ZaPeWWj3llo95ZxFvK+pi3lfVR7VnAWVJ+Su5Q\\/SuhKroZSs2ftWav2q6kdvK6kO8szO+sz\\/3Waf7qSMUzRhNs6XFSt7oh5Imoha536kGGCyztC\\/uD5rpSbV0pdq6Uu1dKTaulLtXSk2rHJtXSk2rpSbVdJIFzZ3hcypOxc2pbsV0sZV2C7wK6H+yyZ3lk3byyTt5ZJ28sl\\/KvDW+JV7406OWzlHPtNnqcnUNts6J7kfR5mlnYCvybV0BtXQG1ZMbyyY2rJ\\/ysl\\/KyY3lexo+axxj5q+SNZdmxc6pGxc6pOxX1D9ivlkV7pT81jk2r+5tWJ5+aybtqybtqyTtqyP8rIfyg0YgLB\\/+J4D5WNf3Eq57T81jWPrMtU1uEWdi9nCxpXQj2K+KNX07FfTN2q+lG8r6Y7VfTP2rN5FfDIslKslKroZFzaZ21c2lG8ubDGFc2PYv7e6sbN1Y2bqxs3V0mbqvwN1Yo9i58cbggPR2bVFKbi9ttnHVYRvDrFy1M1zmYrQ5dCb5OXRn2rFUbVb\\/AFIWOpVmHPsVvKSfNqvdb4sV4ZurJx7FzoIyr6dm1Zs3as2btWbN2rNm7VmzdqzZu1Zs3as2btWQjWQjWRjVzIx8lLBUhoeG4TMHt4qn5eapAbwZRaPmudTR7FmsazZqzcbVkP8AZZJw+pYpN5XGQfNdOTaspIspIspIr+UPzWTcfqWb\\/wAq6lj2LNo9izePdWbx7qzeLdWbxbqzePdWbRbqqXinjBEZINiHiqcdzBx1mmvr9bEF0G7FfEzYr6ePdV9NHsWaxrNmrNws3G1ZuNqzYLNws3G1Zv8Ays2CzYLNWLNWKeWngayRhttCpHNON+CeKo8R5qi1w8+sVmrUekotHjrNNfX1itH7agf+mQH+UCp\\/EeaotcPPrFZq1FphR6PHWaa+vrFW3viKZ4ph+FS6YVCP3h1is1ah0x5pmjx1msQ0+sStPawo+4qnPfGPJWd8gVFrOsVmrUOmEzR46zWJun1hw9ymb3PI\\/lUh\\/aHko9b9lSe429YrNWodMJmjx1h\\/cUel1gqp1p81RakeSp298v2UHuB6xWatQ6YTPDjq9YVD4\\/jQyObhNfJgH3fh1WtPmqLVBUQ+In+E09zCesVmrUOmPNM8OIqq1hUHifwMKmnbFgi+1ttqdN6UxoZJg4PJ40MK89pVW+rmcyOndycUY7VHAXe0kbhMb3qObBfbI\\/AZGBeVywifEYpQ7BeEyORsMDf8b8ZXCFof\\/Txh771O7knsMcXLNafzhUvpEHJR1WSeHW+vVj94+aodUFQt8Snnui6xWatRaY80zR4iqrWFU\\/4HsKnkW2WOGDjRZBWgNLsIjAxoBxtPeqmZl5ndhOB7FG5xdHLH0JG9ijpHAkMNof2qWIl8jJRY4OdaohyYPJdAnsU1rB7ZuDJ8Stmo5BZHyIeBaCFTx8EwShwkte4jEh4etW64qh1aom\\/AVUnui+\\/WKzVqLTCj0eI+CqdYVTfgng\\/BvEfKYSqnw9OJpxqCaqkYJXXY8axp1\\/ZjVVDO\\/wBpFMQLSqunqDbPBLg+I7FGwg2yYrAhE57eUOJlqtAA9eu1xVDq1TDui+6rHfAOpWuIAVhqI7fFWNnZb4q0XjjrNWotMJmjxO8FUaw+apfD8F82CeSMFmEuFIZ28zFAe+5RSVFK2YOd2m+JTPljqJ2l1sPJusACbFMzm4NhaVwjysFkLTbCqiemkMMD2W2tOMrgmZ9ofGbKkW40Kqjp5TI51kvLNuag7k3SG2yxqvNnirnA+rW60qh1Sib3Q\\/dVx9w6jhO5zzcxg\\/MhLwk4iPG2mZ2eKwWQsA8FY6Jh+S5Tg9xwe2ncbiiW82Rt0kZxt4qzVqHTCZ4cT9FTaZ81R6H4tVTtukgdgkd\\/qOe4hrReSexEUfsKXF6Q7G7wVsxknf2ue9XRlp7w4rCgeamEY4n4x4LDjN+JzDjbx1uuKodWv+oKt8R1AuOIXp3CM14twadv6R6o4Upx0c4Z+sJkjb2uFoVZq1DphM0eKXRUmkqPV\\/ix8JNH9NNzKj3Jrmm1rrweN9N\\/6VPlv3D3INbcBiHqf8nS9mcx\\/wCQKOaM2seLW8VdriqHVo6oKtPvHUJy3pHmhRxN\\/I2yzitOJWtNo7xxSxOxPbYn07ulTyFirNWotMKPR4ptBP0lR6v8V8MotY\\/GvRKwl1C4+wn\\/AEIOaQWnEVJJ+huEqUGN5fVWyvf3IYbg224WomNwcAbCQpGOjLQ03OP5uJzHYnCwqt4Pcc0lsb4cVdriqHVp2rCrNIdQef0uB\\/lGZgsdIOce9B4nlZZ+UG4otN4ONBkbcFoxAcRJ7Aq+b8slRcqzVqLTHmmaPFUH4Cj4qkH7Y\\/GMcrA9hxgr+jqpadn+PGFVNJtdyJv77lTWYuTHksGVge3uKwImBjO4epw29vQubxVuuKodWn6sKsPx\\/bqEkR\\/OLE1j8rF7N49UUcF9XU8xgHYoqdv5Rzj3qs1ZUekotHiqtWV81S6sdQew4nCwr0Z+Upnckft6sk8n5RzR3p9RNl6t3Kv+3FXa4qh1afqwqzT6i+vhcGOA9q04npht5Nzh0X8WFI8Nb3lej8GMNTP3jE1HhbD5arxzMI7Pco6iLE7+FV6opmkodAcVWf20PFU+rHUfTKa+SyySL\\/IFbG7nC5zD+Xj9tJz+xgxlDhOaC2kgOFHSHG73plRD0XdndxVuuKotBP1YVYfj6jR8HD+++1\\/gqRvJRuidIIjhflCBjc9rfgkXtiZbP1yKOTg8xNZHJ7Zje0LvZI1VvBUhsbhYUQVVqj5IaSg0BxVmrTfFQaA6i\\/k8rKeSj+ajfLHhujswntx2oGGskDTeA4WqyThCQN7mNsUlbHEaieO8ukO1MkbfHIy1VXBjjZTzHDi93FW64qh1al9zAqvWfbqNFXlpcyMFt38Jsk7qch3OFO5i9HhD6SaY4Bitta7wTWyMLpSOfJhY02Csga+lecFlQMbPFNj5QyMHQJTCz8gwnqq1Z8l81TH9scVZq1HpKPR6jQSnJR1IMnuUjYaPlKImzCL7C9P5N7xgC11JU\\/YptXUVk0csvOa1huanRcIT1GBMcFtU193zQpnvbJCy6Fwx2LgsxZR3b8+Kt1x81Q6tTaA8lV6z7dR4Pg\\/yVAtTnuuawWkrgeWM4THzWtPFVQvZzWSGJw70RTV8sUQvwXX4KndDL7VxsdN2uRBqZSHYxhcVJqxxVmgo9JR6PUZm\\/rIZ\\/Khjbc1rLFygwXWSAB3zUAGIRhVdC68sFkgXJ00kU8QuZymNqdPUhr6mn5rGjE1XOYB3YKfM\\/pvOEVQ6tT6A8lV6z7dR4Kd2Cf7Kq1R8lwPSNt5eCa\\/i4W5Z7WNE9tpKfS0LsN77nSDs9Sk1fFV6Ci0lHo9RZr2+a+lVVM6T27KrCwPmoNWPJcKx97AnlzwZrOYwKSV97nuwjx0OrVR4DyVTrft1B8wjdLg\\/kaoX1XsIon4YiawkqaNrZrXMIyZVLhsLbZbreKsbHabZTcFzKaTYrZCyLxKMk7jM8Nts7FIPiVHocVXoqHTCZo9QdLIbGNFpK9Gpm8zCB5eR1gF6az0mLCss6Snwejyv3VPqx5KsdTvLC8AOI8FacJ7ivZ00lnfYgat4ib3BTxM6LH4IVDq1U+A8lUa3qT44JeRkOJ47EZTUQPlP91zLSv63hCWRv6GXL2MLQ79Zx8bvBTD4yqQH9HFWaCh0wmaPULCLQcYVppordFP5Cnh5Szm2tRdV0AewHmxxuDQgxop6WPEO0hekVznVVQek52JWRQsb4Djq9afNUI\\/aCqj4eSfCyFsmE7CtJWax7Vm0e1ZCNZGJZGJZGJZGJZGJXRxbF0Yti\\/tbqxs3V027qyo3Flv9Flv9FlTuLKncWVO4sqdxZY7qy7vk1ZaoNvcv\\/adtVvosvvtCp43CwtZYRxVmgmP\\/AEm1NaaZ9w71m8m1Xwyq9sg+SvMg+lZVw+lZwNizpiuq4tqzqLeWcxbyzmLeWcxbyzqLeWdRbyzqLas7jWctWX\\/hZU7quc8\\/SruUPyV0UpV0Ei5tM\\/apZcWG7CsVFqQrZYmPPeQrTSsWatWatWasWaMWaRrNI9izSNZpGs1j2K6lj2K6li3Vm0W6s3j3VkI91ZGPdWSZurJM3VkmbqyTN1ZJm6sjHuq6Jm6rmNHy9V8Et8b7nLm8oz5r+5vL+5vLHJtV0ko+aziVc2qf8wrqs7quqxurOmbFnEX8rLRfystF\\/KysX8q3lov5WXi\\/lZxFsKzpmxX1Td1Z3\\/qr6t26r6mTYr55SspKulKfmr+UP1LIYXiU2KMYLGCxo7l\\/\\/8QAKhAAAgECBAYCAwEBAQAAAAAAAAERITEQQVFhcYGRobHwQPEwwdEg4WD\\/2gAIAQEAAT8hl5LPmi3cIozojgp9WxoxYPje4GBZEeqVEH0BhEGQ1HecA4ofJi0\\/k\\/pfNmy8rxzDaqviCa4ATNHFhr9zYJWYETdYUYBPF8+rtQrCglEH0o9BdS9o1O90VVWPVMJX\\/B8NpZvQjN+nEy6+gs5HJCfdfL\\/RZ6T3vhlrBof+hTTl5au04nziKf8A1iepiuLliNjCT2WoeAacC8y2rkPpRB\\/KfXT6CN38Q20bVwF43IXbFBAhLC36YsXAFVD\\/AFLln0P5pMnzA\\/2IMjIoZ9etWIdGPiEe8Jj1raow16tgKlUnrii5BQCIpcxVR4WuSfAQRRvvhKbbV9PC2qdIf\\/bGYuBhvpDzDeTj3pj1lDdxKeYfuZp4cNo4Q+dNMy7F6CuFgcnjoanYobbruFbAfHMXqk2FqbOSFgzigN3JL47G6c+GStZjdQkXyEB520d\\/kLzKM5xLsLBiVVnMlVo\\/x2JLNP3E02rBYRuH5H6vkO0MZUCLRYMoh9wNT0+Qkfq+5MrQCUISPTZHscPkcItMk6v+4tWDOIWn2+SXDrO40jTwhC0OPsHq9LfgZNiFLhgR6C4MWJF51GVjamNPyeH5KfYqWMGeP4GRafIPgZF3DlV0zsEejsGoaN4X4WJVepCiLU0vWnXgmTvdFwJg5ugc0UVbJGvWigksKtJJX+\\/B8nqNUWOGDHnl+BPkBZ9FzaxgY3ao7R4HdPC\\/DTK9q7UPxpskeomjMkoVofGlyPiNCjQIsqy5wSNL2SE+QvVa32BSEslCX+0nhLyeg1LXDBmc28fJjiROzeR+j8Hq7DuHhfidX+FMopWTKg8B1uyqMpvNqGSaVVtkNrspHgj0gsplTfYeV\\/vxfJX7FSxcMGeH4GpFfH7+dt8lfBeD1th1beF+KSJHPJMdlhqdl0HVaaTdaj3Ia01iKE111scpRUC1mLKF1VTcxrMZIbZ\\/74+RdxV7apZgzsV4+SbFVeY0P0D9H4Fa53sO8fr8rdacPmFX8T+5mJD2FmDKd1PBSdPkPZaFgbrK7Ds3gd88L8rodCc3uLPSssJKODbi65BBQ+JXXBkKHFeQfM3VVXlqLDbIRmpcLBixvoxlwH4KRC0syFRVOLXw1EzRFaSKIlZdpiNTNcP5iQ05TUp64cx+osHqNBVwPgJV1bwvyryLSMylTwK\\/R7CHTVdy0CU1MkQXvGWykKGDRMdrAcVF\\/SDCEJwDPsLBiw7VCw2\\/AaCQNCPR4CoqQhbFDUozRADVm+rCQICoj0Gl6+ITbH6BSd6\\/o\\/K1IkKpCVzOM+25F4DeugJ\\/gyXXfeg8oYsmws8F+BYrRwHWT4H7SAdhb81\\/kDVrlQWG3y5ZfDjMb0Mg8ncLU1\\/R+diTlG8uLeK6hHWO2HeM9B6e8mWjOwsUrbCx2+AWT7exLP8AMNBOSdW0vqpFbSgZjS\\/3gNLyg3Xd\\/gVOhle8yI6i4bCKM3TIRiqlkpWeE2WZlTZVYiyyUIvSrZwb7DFjsEHIF9\\/gZSnvw5LF9QIqmd4xjQyaJcUQng+y5iuDRvncWKR\\/VmJKX6MXeI0v9YnptT3GvwOiBBWFNzK+5eR9VvdpFCUjmOUruOpkkPZfph3gq2G\\/xU8mGpbfPwEI01RlNLeM3dsOhJDKtqUKGvkgWldRqmUwzMhRSCSavZjuj2OkafQqe+1+CdRz2yHxS6K47nK5NsGraVnLcxrOkurBOFAhqFmmKcwWd0Fgxavqo9D4JTqfDCzDcSGRV2KPwKDIzAPOK30jKtBSNNVK4PFmuLpkPGi8g749bpww91r8DtBnAjKahNDoW75TEpIZywqVW7vlEgsdbejaFfUYm1CbhyRiPbn5FN2mJnc\\/I7dS7i+AppLgLKtkG7ERGpZyy2GZJJSc6ajxJCS1PJjgXe8iTkpEeYrh9mLvE9jpPcanptRfnWhZMCyEyqJ\\/ZEILKLKfLSSKK22Fn6qih6hHDJXyPXs2HCbLl1BVJLZCxtXIkUnvVi+BaeyL0RQFRWxDiiZaayISUZFPqwzauwxxdAlg9W78yiRNzy0Hl1OT0Ok9hqe+1F8A0vXp7DBzaQNVCBqdxED0GZkDdBMseSa2g8ItQFj1pCkav8G\\/ZqA6otDKg6UBE2roUuSsl+aIH3Pqw+qGYCuL6OUWEe0jJo08nwOBCN1ZDGUjVtRW+wyk07E8NjMEbas0KCKIt+Y\\/SMvuMqhCBPfClsIWKpNy7EC9W+A6rG7LEleRKVaiJC+WHm6pPUXxurGupaqx7Du7WH8uyQax5Y0GofQ4PY6RCS1DojPBO2JJJ\\/LTIQFBiA3mZxmoFKts4SSYn4gI+u6whqoZZpJGk2wSsdanU4RfcWPefB3\\/APOx4piaM4IXcCMQuWai6w1x4hjqU0UYKVbasi5jlkIzaRIkpQ8LB3wkejSWnOnoiA8zFg\\/RaC\\/5wRt0h9dPrgs1XINTp0Y914TM9CMuhXANOiakNddJmTiNoOAh8F0TLN5B3DuQS7J5MDtavQndMQmk6AiGIp5Q\\/Zp\\/h3PwKW1lPBfRyiZZvIfRj6sfVj6MfRhq\\/mJCehKakGUSNgilv4ItvCG8uCF7O5CfnEOt4Zmxyi\\/SQee8INNvXAyaiVm03ZQfUY9hdDsJkDpqLVQQr485XALNkhG7sQBN5FKZsyFME75YZbhsk0RHVbnO3iV8MHLaFPgMzeATTM1nBM6w4lkMqOeBkrho7s\\/xSeVJuWHkK1EZjpLU4lwva8BnZnaYeN43Fl+5DlozML1DdlwND0xzgCF2xPBGUgXVUtCo6hQWDMOcXxDZNVqoUrEY0+JH54\\/zH\\/jpRJJKJJJ\\/DKJJROEkkrGf8OqsuXtvKUJj1FpOpvC1CSUSiUSiSUSiUSsJxkkklEkolYLyOKvOomjXzqZppXiWuDEbnmxG+4H9YCl6M\\/wELM6hkyz6A+gM3WVkrSTlro2GO+FqZaskEtsGt4Pyjc4S7uLDgiIH7gcXCmYF9FMLWPy7gmLkqgbVgkWXzn9XidgsiZZp3qK0Mam+AbXAT1TxuE7tCKqG0mbQ1P8AHec6zzvC72Pc1IuLHk90cFO+RT2MU2GhzYd\\/4BL6SmZi6E3TpDeXPsJoauAmzdRYuAYbyMBFeQat+8+9PsSM60v68YwwVLjVsPBKoj0xdMfQj6oRfwF06IbpmoMlDYNBIOse57yowYwK34yFhBCNpGr0hsuwV1\\/lLkeQu3NAfQGUvkM\\/sQ2\\/0GbXMfYn2w2f2CeTqPvSZd3CEP4icGIW9SLcl76dxSe404RL47pp6\\/As7y+She3xg8PRW6\\/kcT7PWgQadQpGjBjS+PVxB6TUWEbPGDGGnd+R6uIGlaK+4+5I+w8b3kMxKnf5DvWGHavGDHl71HevkKtxB9BO+eZm7I7BTNGQtDo+Q70N7GZ2bxgzuwkO1b5C7vHseyIwlfZ+ONG6vkcYvY\\/kO5Cz7FTs3jCxjN8iRvt8izgPUaisVHvkIkZrsL4\\/dj02p2HxhY+B7bU7z+BoiUSiGuLUKNyecmhzch+EsIXow0t9oI9b2gbrGdhfHeH7sIO2+MO0Gn0qiexn+CuEjOPk2H0DFmCSqCuVgJSioUDmaKKpZyYNRMrAiMogWpnHF0MFh5CNQ7DO57CClppCnqGlf5sKlTFTmGlk2PSob5HlfIJPFFDQVP2eMOzPZaixz\\/P+2OUtYkJ7DtzihAYcLksWvwJ0Qm5NQh7wjzc4eziy7sMkhXSVDq3oHCOLcztGkkkci7qD\\/wAsga9GP05wozuieJuBfH7sew1O0eMWmXtIscF\\/gYwvexrDpCzgcRNtMLiGJSu4iwSzHYXFbSuKaDqZJmB+SyHoIQV3Sp8hZyzVIX+Weo1O3jXk5V1nDSO\\/wkzQV22cEYRlF6AoTUyzWPej2mp2bxhdeqDywCR+DscGh0aGdJcC1iqULqF4E1J8DBkpx0bWFvArHMGiSUkqCnFZCwRb5lEzhiBtEZcwNZNXGGkMtExOcWezZnZjYDnqHaKDz8FcU2c+fIcs1UoWiQmpahYkYyTBKz3BeRXwOcOHfj2Wp2nxh3LwVe1V+GBkCBCEoSoT7CS5CICOYjE6hXoOiI6zcCvIYqq2TQSaxS11gpsJNUc08Ges1O1npcT2mgvzpswkXPA3aa\\/+LCNZYrqDU6tHej2Wp2rxg0M0fwNLt\\/kSF\\/kJI4NknQxQZSFngxuG5qEZdCShGWMhF6tK+rxKjB7UYjQd\\/wBgjfDnsNxfZW+A8qE9dwR70mTKmCVbEku3kKij7MvgriXXXIdo3Vuk0O9GWv8AsO0eMO4eBus8iwjZ+WOvoQXP42Bi26SjMUys1lyISQOqM9RS6J6i5J0RNmRWPbbghyYlqVGm3jnQZB6H7DMCtHvUWr7R8BNk36SISzl0YewYUswIR5i3lPksE2NIRUqHvuLKd\\/gpMdm8YbWeI5m5sd4vzWlXslz65c4uEiFAQ+MGRei6DMW0YurRzGJYMpRS2cRntNcFf1cjkCgvz2Z2\\/wAFNDhqP8NwjkhwubLwEmozPRaDQ3RfI0s2+MKfSoI1hXtHwLpf6RmiSXn\\/AJP+jmHIRs1U+QZQj0kr9l2J6uQ9Hb4+A0M0QuX+jsNOKlIqhNNbDUtrsH510KdSPlhZkGsU6rVmhIfpBRwnkeWv0WHEqVe+4sBei+AyH8HrVx3RmzBsyRspBlrxjrpLaOryMsUX91hm7\\/sPT3Z6XQV6KC7fAYw+OlrlE5Jg5lrJkD6s5GMTmhJW4Q7juiaGMmTRWY7V5Kme0YOY3le7+5QjTxfByQRmjD4sIxDs6uSLwIdEeHndAQ+mmTiRFrEN00MkAlvMKqJm\\/RnobseU+tCVdoX52QxWOpoIyHU6WlRshVEE83yM6cYlsyns54cHrd2FLImDRLlwFlHtIs+7m9HgwkG4r4fyJCdvj4LqZYzySaCDDryJ+qzyjvCGcUsnKhXhgzlTIoqoOrcMyijlNsB7rULgGuzfBLpbHImMz4ICIeuoF4CDDeMLZNRdwbapbNiRIsIdcTKvcZOL2WDh7H5Oz+Pgxwk2pXFBFSRQ5E02DTLMZbYdEKaiW91QtLMTSMqjZkT2UMDyYlg2VOjRehFQskhamq\\/BJGnDfMLDWYIKC6V5oXiLJiqVmyOjMoUaWEjNCGdmFEI7D5O0ePgypWTH0iS0Z\\/qJDNpGdYiNL\\/SApBcs9EhvDQaq2MSlm4K4\\/TlPrUCGL87y\\/kasYjXkl7sj6iToFGDHFepKV9IFVVGZlRsufcSFSnlIO3ORrHAqSUSZJaVHkPCzUfuRJR6Sdu8fA4IikMSyZxCKJEbVU1oK0iqSGsz6jQOg9DegZmXZ3bIqQ1ngjOSWs2XYH1Ts5wgjsEhmv6YSSiSUSSiVgyhKJRKJQ4FpIbvVpg3zMtpAqfMKYs41BEtzFCIZjuttVfwe91S6dF4p6zU7F4+AxLJQzMbpVqECKekiciQJiZOrFxcs9QZHnmgbkK0jqwoVFYZ7rVguqBOHQNlsKH3EYsjmHlddjbojqL7Y9hiRfuDyu4PWPMN6t8432gGbL4BtyTCUuCHsQ33QfRD6IfVD6YP\\/AJ0atBWjW0IyBlveoVJTmWCPAuipiEiKYY8yCGglFSVj4Bqy6DqUtgIPlQ5FUuLlp5+DjZq4TP5z6GNf85cBNdzX4jR\\/Ul5fwTF9fBzNHgwgu7SyCqNwHC4td80WjHFSAVV7FT3mgxdnB7keg3NPg2JaS77JFp06jcNIXQwU\\/wDgEP8ADDyOIcmxPlLEjkEr+IX\\/ADYkW6A+nH0Y+hH1o+tDffoCzHkO0wEqsoIFgj1oQJixPaRUFZjNkmbePg0B5SuSHrVbJ+2Ct5IQVOrGjiDgM1xEhJ7jufwLVDkMv9YT7kIk3LxjLt9mNcf1gM1tYUtnXISrv5iFyWKaQ5O4Yz1Mo2UuQ\\/\\/aAAwDAQACAAMAAAAQ2Sy2WWS20EEkAkkSSy2y2yEEmSAEgUEAkAEkyWyWSyUgSgAkEgEgEAAi200EkkkEAAkkgkmwgUkkgEAAEAEkggUUkkkkkkkkkkkEQg0kkkkkkkkkkkEQQkkkkkkkkkkkgQg2kkkkkkkkkkkEwWEkkkEkkkkkkkwkSkkkkkkkkkkkkUykkkkkAAAkkkgwgSkkkkkkkkkkkEUSkkkgGkgUkkkkwgyEkkkkkkkkkkE0WkkkkgAAgEkkg0kWkkkkkkkkkkkEwSkkkkEiggkkkE0kyEkkkkkkkkkkE0Wkkkkgkk0kkkgQgWEkkkkkkkkkkkQ2kkkkkEEkkAkg0gWEkkkkkkkkAkgwWkkkkkgUAEAAkwgSkkkkkkkggEAA0SkkkkkkgEEEEEwgWEkkkkkkkgAEgUSkkkkkkAEkgCmwkykkkkkkkEkkAkwSEkkkkkkEkggCQkSEkkkkkkEggkgQQkkkkkkkgAEEGQkWEkkkkkkEgEEgw0kkkkkkkkgkkmUgykkkkkkkggkGg00kkkkkkkg00km0kWEkkkkkkgEEEk0UkkkkkkkEiw0SUkWEkkkkkkgkQw0UQEkkkkkkkwUAWUg2Ekkkkkkgkwkyw0Ekkkkkkkg0i20g2EkkkkkkgQ0k20UkkkkkkkkiUSSQgWEkkkkkkkAU2ywWAAAAAEkEGWAmwg2EkkkkkkEEwQAU2CSSy20EkEAgmwk2AEgAgAm2CWSW0Ai2y2S2W22ySSAgmS2yWWy2Wy0kAEAAEkkkkkgAAAAEkAAAAAEkkkgEkkkkkkkkkkkkkkkkkkEgkkkkkkkkkkkkEAAEEkgAkgkEEggEEgkkkkkAAEgkgGWSW2WW2yyWS20gSyS22WyyySWWywiggEGW2kAAggEwkwgEkkkgAkEAkkUGkkkkkkkkkEkgQkwEkkkgkkkkkkEwikkkkkkkkkkkE0k0EkkkkkkkkkkAwCEkkkkkkkkkkk0kQkkkkkkkkkkkEUGEkkkkkkkkkkkQkUkkkkkkkkkkkA0Wkkkkkkkkkkkgwk0kkkgkkggkkkgUSkkkkkkkkkkkg0k0kkkEkEEEAEkkQWkkkkkkkkkkkgUkUkkkgQAikkEkgQykkkkkkkkkkkgUgUkkkAgAkAmEkkU2kkkkkkkkkkkgUkwkkkkEEgkkEkgUSEkkkkkkkgAAkQg0EkkkgwCkkgAkwSkkkkkkkkggAEUkQEkkkkEkAkgAE0SEkkkkkkggEkE0kwEkkkkkUkkEEk02EkkkkkkkAEAEUkUkkkkkkgAEAEkUWkkkkkkkgAEkkUk0kkkkkkAAgEAkUSEkkkkkkgkkkgQkQkkkkkkkkAEAkUUEkkkkkkkEkCAwEQkkkkkkkkAkCAw0kkkkkkkgyAAEQAUkkkkkkkgkEgQQSEkkkkkkgyQQwwg0kkkkkkkgAS0wUWEkkkkkkkgEk2wk0kkkkkkkkgUkSw2kkkkkkkkEUyS0AwkkkkkkkgAQUWUSEkkkkkkg0Q2w0g0kkkkkkkEwwSSw0AgggAkkEA0AAwgQEkkkkkkAAUkAU2Wy2y2yWy2y2ywk2yWkkgEAgEGSSUgAAEkggEEgAAEEg0AiWSySyW22W0k\\/\\/8QAFBEBAAAAAAAAAAAAAAAAAAAAsP\\/aAAgBAwEBPxBHb\\/\\/EAB0RAQADAQACAwAAAAAAAAAAAAEAQFAgMHAQYJD\\/2gAIAQIBAT8Q9GnT9SLh02DhvNxvNxvNxvNxvNxvNxvNx8pRbjYOSNxsHJG42DkjqHJHUOSOkfByR02EeCOq8EdV4I5xHxF1pHRHg1ng\\/EVtm0bRtF9tkdkjskdp2SO00DJI7TtOyR2SNMvHgI7JHafVv\\/\\/EACoQAQACAQMDAgcBAQEBAAAAAAEAESExQVEQYXEwgSBAkaHB0fCx4fFQ\\/9oACAEBAAE\\/EMZAQAYyx9buJ57L4o39D9U3b\\/b+piv7P9QD\\/qP1E9fcH6lKG8CKCS8P5hodhV\\/MPeyP8Sktv+tozuGL8Q4LuP3R2sgKL7+GsQAkF4X\\/AIaQoL3n9E2L4H8QEaj+Gkeov73+o19zCgX3SAXtssFp5l9AC5KlvjFx5pgnaU8zbP8AsqjJWF82n+Mq3DxmY8XPxFl+0PyRWh8foj2L4j9olUdj+K5jFRE4+uiDfLz\\/ANzZby\\/3EtfqIP8Acn\\/oZlr+PvOJP73ibi\\/gfuYOXh+5qz\\/zvGwb3LGAM\\/I\\/iVZb4k0F4mv0lIaCtJls3cTzlYHnH6oBoX8cTadO+3o2pN\\/HELVTn9UXW15lhvGEldN3pDFA2SGot\\/O0So+0P4i+POT9ZYaflIu63gm3Z2Zsh7yjF3v\\/ANwS7oBDe7kngK7CBFHQt+G0GkS65YPG4LjowEu1MpzmSG0\\/WHlFSq32RUp+ig3A+yCUv2R3Pswp9DUW\\/Ww3D90UUh4\\/ZFLJIZTwpCY8b\\/ib5\\/XxLv6f5Gf3\\/wAloP8AxtNT8tQHSQ3WP3S3FXhQ+v6TiW9+8\\/gRuoXsx8mcMyNdOaa+yXyhm6RoQIK8+hUJUqd5XxPSpTOIuYS\\/IzzwdDh7x38SdJxGGnwVKlRldKlSoSpUr4amiGFK+5k7qjxlKWFsMKoZSukJp8s6Ren5yLnBC0dWl5E1kXMafLaIe6KjvjEZ0mHKg6K2Th+WdJQS5enbT648HTdAaBhFtjKw0+Wckx5bMWa0jAal1NQCK0hlXiYK9B6YPUYMsIuoSZt00MU63EZjwofL6iqXPa0SdhAQ\\/wDeNh8ehrgprH2UouPDM5agbgix1LnmOmOSIGXLg\\/GkFzHZ16tjDDUhSdIGT5ZaIMi\\/sU4woqOM5zM6eEbPQxEirG7EEgaSQhtPXzLyE2oLSt7MTwhvBvHWV1Y7ntKmc2GTHZl3CC\\/IsMvUq3fG6iXeozKhg1Cq3Rm+Yr5Z0ikK1sbKswQyyyUwaSTk59DHSWgW6hR7QvxU0e31mn7EN0YjYY4y8rM0q8HUmBNhKOEZiRAzwBgjqfFJzYcQl6+PDxODyZ8ZiaGF20NtBofLOkJRrJFScJFj3qkPQ4RBj1fQxiGst6ZZ8doZvmSPtEZ7QY7U+9RJQSZmxIywsbMvpb\\/BNR2m+8hsjWvxMxQgafT8aTdAlsPAp0fLMFlzPFICId4Bh7Iim9FjN3MTByTFzYfbNiamWRjlLYHk7EHiJd6VhYUcEonc12yA73T\\/AAFBupd78TmLxpYTcDAcOmhho+Zsjk0r5fXGPN0qGIuGF5vfj6hqqJi4lM5qDARgv4VqX0HpUcla9e0QRszx2GnyF9LJZL6i4k5+8x8uIPT9UDjpMNSLzIL6JzZgjEGVlz1BFtwRwRnn5rQjj2bz6Qv8ffZnHnaeS2RD0z1U41CEY6aJaKqEqxI0+B9N+8UOdigTIGfxk2wgKlv1iQ1z08gNS8Am7XflAXUwdEZZA1YJwF3YaA0nKEKPUTGUmcvgzWZ6y+DWP6EhZkwJy2l3ZR\\/9E4jmtYWgOgM12Rmv0pkk5d3Hsw0tg3mlEobkNHTRL6nWRM9e1pcyI\\/1obXhvMax3AwAKImsr4tyyGOoQvu3HEqXLB0emIUMwmWt4IO9VKFMyRdAPMm0KEnw7IAPsicbe7AKHVgsq4B\\/S3S+tgWjcMGqg3yI46OkMUjrS4GnrMW0Da\\/F97LNUKtUynvfwJLF9L6tukWewHfYlU0zrl0mtSFcFV6yIFR+4IiViWQSDeSYintedZOup0xsEGreI0dHSKQaijT1mPXrMYqB4CDcvmCPQs8GD7VGUrNI10EYcZ7NQBNFJZ8+QD0Szia52LSv7EuYxcCycwkBYrLJ2IEKUW5UXEUUf1SQsSN44ROGBBqcsdHSUIxODJhp6zLZ2qhq\\/WlaynAiwa7S\\/tw9yCRusG3NR\\/hJXvJF7wmVrfkoEESkk8twiViVQ0HDIiTapfQkNeuJzrL6oYvMTJyxVH+sY0wrpf1j4RFd1DvJTd3Ah9mHJ4oGk5UQIYCEXEQp1CGcQHrJBTIUjLzFKuPaDgxizaLcPKpjpUOUGB57A3YINd5740dlKzWKj1IgazvekTQM5+Q0MXiL3OKw2pxByAqr8V1hXupK\\/ybexUEZV2iXbHiPvB+9EQ0ahedoUi1cljqY73FVDbD1mO8EugEu\\/Y7EIzQ33JmAqsYsfaxfjwh4BCuwb7pAIC6gpMjiKvsB6jL7QXtMKGn74r+RQeSYqxXFjMg34kD3GCI+7OSaV5QmpHk9djcr2gfWC1fsE131m6LHK8RLKvlws92AbQ6DmkNhxdHru8uvHLCDWHFKimN3iADXWJZOU1i7qD7kzftaKXvHeC5S1eBqO5OBBZU\\/mhQWVgFDdby6kDd9PWvXspKX3lVAOZqkpS+zzO15m4VzQfrGMzHL2\\/wCNXKl7WkF3C5AcQXrRyGUVbkfPR0iaZtEdirI0eu8xoITWnP6EMq\\/QgEf08yim9lwNoAwFROXluEeaTMRwAqtR2JqDnoJT3Yl+dy1RTxQ9Ixe+mNq5fR6+iJnkkolJoecNqNE94+TEusDtdNJzkAMHsituXMIasG\\/RhutIxAjT12JbBXnJdIU2VAOrWraNUVntErUoPeS30CyBrF1t0eVms0vMAmpnSC7Pr1ppP7NOBC8Z9WSPTzu0WgElbDGRcHtZEnMIRuZtUzlQDDqsqsnvDl75o6MJSmVW169YWjdPIErOSVUvolRy0jH6OwuEIi7kxPxDnSn6HmoINXdQYsR4FINhDIbIsngVW5aO8BK370SkpKSyWMvMu8S5dy5d6fBtKMbbc8QfhwH2m+KKX4h683nai6wS22lOBEfjiL+FTYzxaBIbp+6RaZf+mNHR0lF9Zzc009dtQqduYb\\/sP0SwLqMl\\/EYrh7TkiYnKR3TDrsbkdo3gsGOEtARCnA0I1DziAYFECtwS+mLHhqIwLyJZpnEW\\/wA\\/BSDfrNHAR99BpheIVDsCFa7aDMsd1JbPl0xvuomOT7YffioG34yGU820w3gpf+YlwF5gVc5Uw\\/D04uBM5YDow4Qmw02xTFRD7BHSyQhHUKKI7Mo2kqD9u8I5YHcjwCO+ywRO5L4UgQXviSy90CDweuYEVUTf9U0If1xDaEO5\\/UT094\\/qOp7iXkff\\/iAxczM6Sy4pkLFZXDjhVT65VY9qsOWewwQV9Ala\\/KzdmXBp9KUdl\\/ZB6o8SKNTiNO\\/YsatqiwFXjOV5GgdfWSa0mUJRk10eXC1bFaleYrHTMrU0bsi5jxmQPRZqkzVHkm5vwFO8ujUGAGcSPdB5ky7fENNn0sK1bTtmcw+2NOPoIGI3F+RxDBQPeJStdihRaVuzXGTFo3YwCr1tREj3QSqI6kXmDryhA6Je7n\\/VYKv3Dh+05YESBQPLiCVKqVcrEqvSrrUo6KJRKJRKJUoPgS4FSsyiUgSiURIUgVfV6V8CSvjr\\/wCFfzN8s70pzKOjKNZR0blOZTZl3MfBcuWck7hKczvSks5JTkiOZ3CXL7kQbkEd+jQZmk0Bxg1+UEZCQ0Ox20VgFynJO5DmncneJTmCZuPJO5O50pLJZzAckpzKcks3JTknclmjMzPzYqLUneGmxarzijHhYPz0iL7gxLVTBn6Mxug8SvYPtjD2sE\\/8hOJPZAnvqiXx2JRmORKM\\/ezFvo6j9y2sVFJkoToXtgjqdIhxPkpvfFjhETAPkBHd0WaJev8At7S7l9qZ+sSyncv5mr\\/2\\/dFAbu0HSY0IKKuPJGUd8f1LdC834iwRoM0MQ+a7uFPIAhL9qUAMp8oLp9bGi7vfKz\\/ZS5ke+bD6yb33EpoWeUekndDbzy\\/tGUC\\/zmOU9sT+YUpWEpzgypawi7qxYYD+z43bfE1eO4k96BiUM\\/0d+gINN8VQavATtL7JqWT\\/AMPKmfHkWzRQ0HdtDK95Bv2HBaWF2J2S5RgBSGp8kkjwQXTzBeabrDB1+i8ZV5cqNzM4JUpxFjIRfVvaKavyYXQXcx5QvMrvJcwvzxQhTTdpYBN7kXFPw5+EpZo8iF5oe+cn1c1D2JL2P5ksfkwIUrlzvvm5mz3FNTDD1QfB7QzCpqe8aUzBYHUcejUo+GiV0olSphWioxmGehftmV3KAuJno11Pir4Eg013BWn6CAmGChlE2RMjxfy5BsxiZSA6gq7ziF6fl9jVVugnmWYYuQpl1PwXT7CNJ8u0UwzyDV+CYUUWyx+X16VmUgjQkLobRBC3cQo9RLT8wapuJck56i4TpafLllsaNB8T\\/kQuV3aFD2iKft9Nlo+XVTqEGsooOOg1HBFU2szWFMJ8ePixddMehqIVtvGovWQrSn7SVTRF7Pl9rrDSdTY5nacyGu\\/8axalphRrKN43hq4g77S+JRZ\\/h3JToIJZuQTmKQ+E4eGEeoJi45vTlKXH06AC0kGz5fB1wwfrFPuksdVUGYvX0JdMi9na3me3buRm7hHWWgHviWcQLbwtqGjUk0jMG7s3sKMcKMTySzBKX9sWX+1O+yGziVmGn5ZDjaxE7NpQOz8OanhkqG2VyoVhM+\\/zoaPlxElkl2KRUW8BPuMupJs7Oz0ADTppz3GxjGNl7pUMqql94ltS0TcqNozWq4yeIiEhLvocpZDFMUcTLWkinlCfOBcT9Y7c3L4PEATXNjMDpNIYfCEqBjwQorbIEusG1CAwFfI2fGs2MJ6OdPwpcWrDRqq\\/Rj\\/NYNcmIttKZUrxlQJxLh1RHAGlg6oNck0B7pl44DTQiFk5Ksyo9qN0p5dppSACJ+gbEmBXw6Zex6NyHC1736I7\\/wB4yfI7bgmJV04hneasjDE1lWQemEM2bvKaHjoECtBwRujIZi6XrD49PiFB7QjRiNvABgFaInP9E19WYTePuEe2htUuufe+Cxy9Bp7MzTvQ9xBn1vwCibwB8MBuptJbEEstv4gdJOCDFnYztodHHZcLOkEhXDZ9SiGhnFPXWV5NHbdATQQqVcDKzZYgD953wYMJfTFhw2VG3dDPhpLxLYIWYnQ9I6TiB3jeQg0q4PjymS0zzNuu8Ch2QzAi3Eo5O0sYAsW1IqVWJZ+OFA7wPt3Onzwd4JFOU\\/BqUmtiT7ptIcY\\/dezHtHo2zGzBHSYix3NuUwPaMZNpNHrtRSreCMfhIwqV7sDGkDoLRH1WGn87uQe4Y3Zgs+nDknPQZiqOjmVnRbWkPToJsx4gzavcg\\/ipYPTCFRDs9+zwbyo66aDMTWWxaqBtC6X+A5gJSS7GaHohOgydgukWhMshp69eS6uf3I6WbyVzWKqI3D84RrB7uF36AmpBOLWbR9CW+XWbaOmvp5pnFBI09NhVbnn9mZE0sv8ATlupx2TlL8SLRYIbs9ntMG9Jl+IxvtgA2gmdKFHcQ0gsX17GWnW5eZ7ZamXPVS0d1WN4CTuKE9e1P+JRCWJy0xxV0\\/cKg4+FrMNKko6Xypk4pPGyG1CJQR2pBtHxs3MRYxDYeqS2b8fHJhCAfYmiITx8q2tKmNLku9fTLmh3w5cAcYmkGJk8cEzol2yF140uetJELWGJo9cnhzXmKW8harC\\/pUDfrmI3LmPlNXgmfTvE65rJCpergOyxgV1h3vkLkY8FMXXphMg1+Eg3KvPRhTNAOV0kfEfe30fRmmDscavGKEGLd4dUtkZfrklMyE1Kj88cGU+8dfxdyGWxymno0wmmU2e4sAbrUfRCH5cX94mN7hVjSRnly7RQL7MVJNsCMr5A5TeMFUF+O0ysQ6iaEgNblG87+MrHAQ3tJY\\/0kDqeSe5GFyrh4WyO7HMHKiaevgYi0v8Ab4jp0sP2OJpZdj7czs1nv0uZfuvWxoioDeYDlRad7Q0YFUw412gMjalswVL5BWXWQbNOFc983BsY1YkYepF7z9pybZ3DiuWO8rp1lxoEu+I7D5o+8ba4jIruMfQQuaCObmLR6+mUqSrMupCOF0OxqFLR9R4iVTRu5KuOZh7625eZsEYfDXvNRdy4gmXxQu1IA24pEBhjmIBvXbEiiGgqDUwpOmYdQ1D7\\/Re9wuJl3nGWnlE6lapPHUoxCkOy895\\/Faw9rgTJupnbvE33b0mU8HrXGGw\\/QhEOl21SEgGU0xh4QjKgLw3iyyUFXZbRnkvL\\/wACMv4gqRIQoK+go8yGONF8iwtDyOJKIqoQKJKcXSAwcQkJm43trkTRv0dnEahMs3du0iXVwEJ6DSot6SCav6zDCTEA9ZjpLWa9xIKKuABRuuOYehqkNOPchWV\\/o0eYyWMuICXQlw2jU4Qr+Re+sFr7DYIDCHxLbAFKJxMQW8b+eYwMZd7w4jZ1B5YTYhFUgcJjUPWojR69HXtf\\/wA4TwMxbsURZik1n2zU5iZSS8QDczDoF79qX6O\\/H3gPPoH0ILuxq7BANB4iinZ1BRISgDPXLDEvPNMyW3OQWDlhaulGRDpc6gRrXEithwRE9QlDcF7\\/AHf4w2s1cz6rczsUhCEHLhViQ2G8RzO5K8zvEA7k5khySzmI3ZcYNY7zDaZ3I3hZqjN26QagPauFHttEyVug+81qB3yYLyqDiPEQ1QCDcQixUI\\/xNowuzKpX5CosptIGw954MCRb++alGlW8cgtYA1diK4zVy47mvoG02yGGC0B2EOJlFGYaQvUtRIPD5jPDEx70ktKk+qdyx7ICUqwymsKK+L\\/O8UsfyfmUA\\/tczGnxf9xG7fhhNHjCYFS\\/hiW6L2\\/RLH+z6Tj\\/AKu0T1\\/q7QTT+rtP678Qeof1xKF7E\\/UAH8jUQxRzQEf0kJGJgfzfDpKIMCsYh7RQAKpmjCB6KvDnNo9ha3UIyztIAsn+GIwg67j8T\\/XEOAx7EyA8B5GQRIaF\\/bGa+iQW\\/ZSJn2Ju3lh+OiyKxOrl4KS9eFrCTwhAH1KFf2fJvsPO+1R4+I0qrQF+sUXbsJKBkfyzLaIc\\/snippfzM6\\/Rf3BtF5m4gW39xMpVkMQrZpFHdbppAVVXEtCjD0D+OJjhV\\/WkCcf2dugD\\/Ef5A2iQxjUh5kTXhf0T7eCQKg8JS6qAvTpjLhI15j95F\\/7D3XmlXAY2wykF8P0RtpS7zWPMlMukdiBl17sZYpzM7YHf9EFNZ\\/NosOgc\\/pOZaQWf2OJn38naaMfEBoeyNMkyj8cVMzwQzAAh4KDP8qf6jd+aE5EsEVO\\/PEO0BoQbT\\/\\/Z\\"><\\/p><p><br><\\/p><p><br><\\/p><p><br><\\/p><p><img src=\\"data:image\\/png;base64,iVBORw0KGgoAAAANSUhEUgAAAYQAAAGECAYAAAA2vVfTAAAAAXNSR0IArs4c6QAAAARnQU1BAACxjwv8YQUAAAAJcEhZcwAADsQAAA7EAZUrDhsAAP+lSURBVHhe7P13tG\\/bVd8JrpNzuOfcc\\/O9L7+np\\/z0FFEkSCAEiFBgYxBgsDHJZePC7hrVo7sZo\\/6pHl2j+48aFdztGuVy2RhjF2CMjXiSQBKSkJCe4nsSL4eb08k59vfznWv9fvv3O7+TbpLAmr8zz957xbnmmmvOlfbabeszL2+lrSRoa8I64L3Z6GSwE55Nfm0twjoYHsK1tfW0NL+QZmen09rKctrc2nAACGnTr72tnf9pq0MubZuprb0jdXZ3JXmk9vb21KH73sH+1Cl3BUhbG5tpc30jra2uptXllbSp9MmrTWGdZ867s6sr9fT2po319bSxseE4G4q7oevW5mbqIHeCK01F9iXitpumkWNH04vnz6fr09Pp0Phx0dNlihUidSi9taXl9NQTX0\\/PPP10Wl5YSmmNtNfT8sZa2lT64IZwa2vL9+QJX8lnU24DAwNpaHQktXWqXCor9F08f8F82dzYUtmj\\/NADdqj8bXLr8H176uzsNJ2dHR2pr68vdeja1aFn+XV3d6celR8+dnf3pIHePvOvU3kVHrnwbVtpcmYqPfvCCyJ\\/PbV3BB9FbDp96lT6ofd\\/f5SY+hLNzbCJh+itQjhtDwtQtkiHVLnf9LVAPY\\/gWzOo5mpp85\\/48HVrU\\/Wrq93l73u5EQp529xaVxjlBzq+UIRuyY80oHnT4QNK3pukD43xGOB4he7My1oA3IMOVaoQf67NQHjCFT7gVsIVGnVXaK2lD+TnrbW0Ljls2+pS3fem5589l\\/7jH34sras99Pb1pq6untQtGaCN0WaQoUi20My13N84BC+qQI5QWGgueVTLIFfRsytkHmyDIr83AKRYY4FuSlK1rNo23O7wW1NbXltfTUeOTKR3vutd6dFH36D2tqU2vqZw4ifSmOWHeBYTxeN5M8tZeY4wPBMossIfPVDuVUkKghyHewTVPyMyHG2ijvLHS6An3SO\\/0LWVpqaup8WleYVRHITbYQQqmvVJOKF14UAz3ixsTxOljpKNZ8gUIyWUUXA7+WrFiYKXYG9JIVJKCtamaxgUnLbSqpQ\\/wr8hPwzBuiqLOCh6K\\/uCuGMAwA3CSBGYkXW0sjAd5AVj475Gl4C8t3L+QLvuQ5G6eelCYKXja6Dd8SKuXGqRdwPSJE41rCNHCg3QlFyLEAboxs\\/GJ6iyISn0G+TIHQYlPzZA67RL\\/Eo6rWBXr108axDEQXMrgLYqfa6\\/CsRjcQsTHo7UF5IoGUAOaMyEa4xuKCJhvxb+24FcSkDuq7g71OmvZKZLocFoJ35BP3c0bHUN3Gk4d\\/Zi+t3\\/8w9SV2dvGhubSAN9w6m7s1u5qx0qVFtbR5RnH\\/QcGII40xOoPCxrBXKAg0JJpxlvIRT+1kEq0r1hOl2dqbenL124eDn9zu\\/82\\/TCi2fT8vKqaMCwEqbQkssn2bKM6b7UU9WtVpG7gNSRjcF2KPlVsBpsWxQ5xN+2YO5AZV2o1l8SBMr1ANAUJZRMKyikZHLyxQZABbYFFG6oN7Mui2uFv6ae9bqIVFgUcFdPt3v5Her1Em91TSMChan3uhUwp7Xhaz1t7rHwGBGeC0AvPYCitOs+Ac29lvBXGV3OelnrsalsnsOP\\/40N\\/JsDhbqgQKON3FBrJagXZRsgKNuBCM14GyGzzkbhJrOq10KVK3XXWw\\/IUKMc3VoQQ7ba0\\/pqe1pcWEuf++wX07\\/7d7+n0V+PRoq9Wb5DsZQRTohkYeTNlp22W1cqRRxovwXpkJVe8l8lcHGyYSv1ODg0lHpkGP7p\\/\\/JP07\\/9t\\/8uPfG1J9Li4rLKR8EVlhF14W2lg7gd69CSL3LCuY7in3nY6E5e0BnPweOi+8rzNnQG22F\\/UoriQKgqWHrIzejgzWj3EqYxyxDQII+e\\/ZqMwdpqTOm4py9lz9RHR0dnvtanOFDwKzIcVvByUkphCLhXRaDG6PMZccf4KM0q4FbybwmRVQOU\\/PeG\\/YZrAkXblaYDAuTWSVa6ty7p2wM7sQ26C95JqOV3kIxbhS3EV3F\\/0BhS7QjF494+04Q9aWF+LX3jGy+kf\\/\\/7j6XH\\/vgTaW2lLY2OHHZY2lGoAJTBHvK+byj0kybyldu\\/7nlekxG4PjmZrl67lq5cvZomdQ+urNDRW1c8KrmO+29Ttx5aZ13KF3ppndmKDMxgMD2L7nj8C19Mf\\/AHf5g+\\/anPpJnpWZVE+k3G2XWja8zA7A8itzo0VJPuiyL3tcFzdyhhG2JU4jvNjA3aGcaUIV4DZv\\/9AGGb49vd1+0pReGkqFHWwg2NCJj+sRCLQkYDMN+GIMchHYhnZLDONJCemBbp6NRwGVScdsLrqtYSSOTCGF1LWlXG4uZgoG7sU\\/feB5RUA6LIVbdG\\/92Aqq+QduNQ+N5Ax0HhZuIeDGoyo78Goc\\/PBe8kUBe++rLfvOFZFeu071YOu5drBZF40CNldY66Opj+6VYj6EovPncx\\/clHP51+99\\/9YfrzzzyeOtr70vjYMSXSljs8dHxIh3QD9b+CQLnuD5wOaeZROdO\\/lJN2uri4mC5dvJQWFhY8MoBmOm0YiasyDleuXrFxWFpaclpMcR0w+1sHogv+ZqZkYPqNOsO56Cb0kTWNq5M4jBSGRkZUzqX0Rx\\/+4\\/R7v\\/8f0rnzl+TZIR1GLz3qviHpApF8A1Tr2zRVmBLP3ORwFbeaX4Z63JJOizCg3Oyer2CDQQhojHg7oU4kTIPpPOeKsICFIGMgPD2k0QDrBWu6p5KsPCRMjqVrR1dX6u7t0XCuJ3WxgCpD0qnGEwuxSjdXclQ2eTaWtfYk7zpl2JOItx8oSXLxLVFrCdduGsHlvr2w\\/xJUAUZ8ExvrX3mw9OTr3jUQ8ijU1SzPj8w6MMXHj2Hv+upGmrw2m557+qX0Jx\\/5dPqdf\\/376c8\\/9XiampxP\\/X3DaXBgRBFLnoEhl\\/m5em8EyvUAUInOhdE3I\\/bLly6lru6udOzo0XT8+PF0THhU9ydOnEiDg4Mu55UrV9L58+eF59LMzIynfr8ZgN4oGzUKQF+ZnUBXxOxEp8N4Oog46nii79vl3t3blwYGR9Ljj38p\\/Zt\\/8+\\/SU0+\\/oM6qeL4hQyhs5G3zcyM066QqIBUx71GHVuGz9NwQtK1Pn63FDqZsJ9Z9k45Gd4S0VbFakiIG2l0RpMKt0Odm59LM1FRaWVpwEBY21leZa5Qlzgqyu7crtXXqys4ICVhnX19kCspdteOHjrYOGQCGzqokDImQNDAmtu6qXBafge6u7hhtqKI3lN+6RiSEL8kCLBCVeUBGG4Rtb+9IQ0cm0kvnzqXJmdk0dvi4BKLLulzcSR2bMlqLy+kbTzyhhvpsWtF9YrSztpGWswHD6G1AkyrRz9CmTD3Xp6t3GR0a0cgmhI31k0sXLrjS68IJ7SHApRxll1EHIyndl11GXLuE7CTCQMKjrs6u1NPdnYYHhxy2rJ8AXJkOvDZ9PT3zwgsinx0W4oO9t9KZ0+wy+r7glcodC2lViHJwbQQ95zptBUwbRiaEESpxylzkoOaWn\\/ErNFOr0SjAUu\\/Ba\\/gLRO9YIf0snrvzsWY352P+Rh5OR\\/ekXnYZRZiSD2lzrYDpJW3c6zxxchmUgzEYVA9TFvEjxIZ8wi9IVz1vdapNpDQ3N5euX7+eLl9m+mVKPfDLaWF+xfI7PDTiHjrlpb6QcUbHdGTW1ZkibWh2\\/ZK+eVenoUC4bHdvKq0heBA+IYvt7vFfu3bNyvPQoUPumHlKWHQVXiCzyDujBwzBzOysO3ojoyPp1MlT9jeJO9J3awGy0A3QAK6srHgX5OrqStoQ7ezkQwdAV5l1sE4Qn92m1La6bTDkp9SuXrmsso+m3\\/jH\\/zD1SX+lLfG\\/jXXLkDXnaXlUBVtu5Ka\\/mDrXrf4FwjPkNOQNLHIdzIwwjs9T6UAXN+LkMGzImZq+lhala+1WEUzEsSqnHf\\/3\\/\\/rXf9N3O1RCDZh2qQBPO4WuyXxGiKBzY3GUMGJ9mUtcWl6SwlwlgHFrQyFVaBVJgdusyKKDRQ9H1lbXaNwqfMeWRwAoMBsSVSoMsz+Mo4ELvK3U00\\/EI6l2MQ13DI\\/SIZiDVghWPoRjGoorBg0B6JHCnpUAL0lo+vqHFE6KO8dqF00siF9Tz2dKDXdThkDEWKjY3WSadJ\\/JMj3ww5XKs34IGCMcGyP4psDzUgS18KYnaOJaRj40fKOeyxUjWjMUoAS2XNluSmMlLD+gnnZbWlS9TE5Pi9aseB2kLY1oePzQA\\/f5scRrhuLX+AMQ2NZxKHuzXzSazCz5QwbB6m4BmHLEIdKnPklNP4ePsHFxZF\\/9c6Twj3JzDd9wpn70P0er0rINCFhz94OhONsQ5PSqPImQxCvl4z5kXTXpck1PLqZnNBL45Cc\\/lb7+xNPp3NlLkoll9zx7egbUiRhWnbLRIow9I2LXmZJCsTH3HfWc83Y7RnW5YQU68xKiEYI6QcUjeId4x5X85qXg6fUvLy+nU+o4dKrzQbrmm7A53W518PrUnvr7+zWy70zLMiboA9IqnRA6YTVdUr\\/cciiGoCCbWlifRKegP3heXl5JC0uLLufc3HyamZtN8\\/PzaVadwznphGl1bln7pB4uXrosY9Cbjh87ojqCD+JVzSAge5QESQv+lYKFf3YrnM9xQPs3GIMIW3jsZ7UbJ6fncsV\\/cXlR9KkTlH+WEUCXfGdAKu4IRGHr4Dm5LFCiL0O5CRJRyBsyEmtUCgpVwXOZ0bVGh1PazE+GdWdKKRoCow1bVZSL0NtZlYCHgyAJwDBlB8ZidB2hJmdhWsinlKO5PAWKIaIIrUNsh53SumPQMvviqILcOTHZEWp8vU1AFdTqlrLrvtT3wesnh3cyCMLe\\/Iss4HWEZw76uWdfTB\\/5yJ+kP\\/vkpzUaWLbiHxocTgP9gzYEnZ3dTj+LcYY6rUyvorSmpmak9Og00QYUogj1TYI7GUKMwKXLl61YT5486Y6a6eEfqLaDArISoogZ6KBgECYOH07Hjh2XQVhOFy5e9DoDbdkKrl6c2wLQ1CvlPazOzpEjR9LJU6fS6dOn09133ZXuuese4d1xvfvudNeZMxoln3YZj4vesUNjHtWzpX5dvJ2ZnUuXr1yTwVhIv\\/u7v5c+85nPpsXFFRVZRsFGICBkqrCnlXw1yl5DmBynQP2+OY3GcPuFO9fSK7SZUGFp5LrzVZwVRQhOBN+SwGy6l8AwUleFd1Rra\\/b+EkhRNIQjTRQ8QolFp1e+LitfFH9hTswNMoVUeuYB1XuENrLIPSpfmfaq2fSdQcFrQEGAWsJ3DqpZ0qlg6y5XI47VALtCtUDfqrDvwuwCNSm8ZXDQ9EK22yWjbenrTz6THvvjP\\/UUEdN\\/AwODaXBwyC8Veooxy3Pk0iqnrdTLtKGUMwqbXuusFJZ35bk93LhVKL1LevKMmM+ePevFY5Q6dMYCs9oQlkrg0FmMbBgUL0a5TL8wndmtsg2kU1K0o1LMLDi\\/9PLL3qFEWwYY5dwOgI+wktRjhN3ure3dGkH3CpleBbkf7OtPw4OD6ZBonBgbT8cmjqRTx0\\/ZaNx\\/3\\/3pbhmNu++5J91\\/\\/wPSQ+vpw3\\/0kfT4F75q417Pq1pf9Xor9cm16CtPY2a3cs23DeCw9qvjjUKDQSCdaqJ7JQ4RzcivCrWKt0KNOFUoecQcbvZHAUvJbyoehgBkxZ5BUAy3XH2KrGs2FIpRSwul7xGCGFuEspZ3yZ689IDiF3EhpFn5MxrQg4OShVH3HqXkPPSPVLZBHtGZwm8FgI5iCKhsZjrLFML+IIaX1KGZcJuhxl9BUTxVCFoCHTY3mv1CdCoaMaYhs\\/8292aMcECje5GN+rWZX43ht2Obaof1gie+9lT65Cc+q953fxoZHpVS7xLd7OtnCiPWGQgfGQhVuRLfDIVnwaPh4eF0ZGLCc\\/rM26Ns6TQF3yJf\\/YsoFSjlqIFvy3OkjTE4d+6cRwmxYDzgeAXc9mlXXPO9s3M7ypjvAQwfi8\\/33nuvDcPM9HR6\\/vnn09UrV7zoXOr9toDSbVDA3Ovq9iMU9TEFqzujvNsVpg394kJtmQ+9vT1paGgo3Xv3fYrVkT76kT9Nf\\/n1Z6z\\/gFqnln8C8izyh1sDz\\/eA\\/Ya1XnYeUae78bAmRrW6vkFozCLYeJDKKyH9mjgLOe0s1HSldg2L27mK2Z4vVqV4\\/tP0Kqy0NW9dco9c6Snc8YIRehIbCGw37mEQIliSQBgwBG5VCDBX3HGTX80gSCh5sS3mOAlQu9SfhTC1KGGgFR\\/24k2Ja2gKWvXaC\\/xSH7Tk5x2BQt52gPKCVSh570yDhX9H7xun3ZQoOpJSa2DITTOJu8FBwgKEL1iBleWV9NTTz6SvfOVrqauT3mmfp3iifJJD0PUU5UWEjH5qDchZl3q4IxiGI8xp99gozMzO5BBR7qKUq6QFFr8glh77wuKCF48vXrrkXUNnzpyxMmdkUDpgNwOkdfjwYe9Q4n5qaipdOH8+jKHKcxC9si8oyXGFnyrqTjnkILUw5Z42j9EAoa\\/PU2FH0uLiUvrd3\\/19GWHWctBrsREEqBqgmuxl8GPNHaNR4aucSviGeNVbxw0DAOyXZe2eGy8oh4Iuae4x+74JKnkb6s\\/BEPcoQzUGZkFuy9ewvbrL2hYlLV\\/9zFJFZTjZJeXMGUbduvYoGIu4LNJwzYaB8FbQuEUZ5BDlEe2e+tF9rAlEviVv3AnLyMDDxYw8R89GYQnicLEbwecuCWJxTrlxkX\\/8eNRPkfgVIeEPbOZZFfAr6LDEydAsoH7OgRvcK1gys0DIIbO5ds1P8isYjZ6fR1J7gTM5CBChKhNAzrtmnnfLF8KJJ6ReHJR7UxzlFPLj6qNOCOIrzzwEuLjl2gL1F+koUMky3AD5kI+wBpFRBQO8m0PI1b\\/q1VhCc9OeXn75fPrS419KK0srqbOjWz3S6BjhT3alreRIhpBNE7AjuD1Kntm0MD42loaGh9y7ZyrJspuRNhLtJa7xcudWWl5Z8WLqlHrsGIILFy74ZTOmUo4dO+Y2gzHg2sCXfQCUNyPTNiyQD\\/QP2IgdFULfJRmgRRmjWwnO07ytYHjtCMXfYUWXN3LI1ZIttzhZocPTe0ePHPMazhe\\/+JW0ssLCMqFagdqAFDiK31NGIL+yE873CqMMojtb2gygawhIBQmrNHzlWcFEZ0Bca+JUnAWMeuSYlSRKLmPVQJBQGfbVgERqYXOiPMMWCl1zzGkLizHAPfJUOF7goGy6d5lQ7BBOWhoVJF7A6ezTc6\\/8ehWuU\\/HALsVrU68dxhG+PbNJ9\\/wpPshuB5BeUidzgbLcXT1Ky8amU0EVuAmirNFIij98WFfl8CJcYbKLyc9B4E2U2798xVUJRZn4E1bnQ4O\\/vs3pqAwIQE0IFCIqKedAqnqUO0rPR1DIr6DTVnj8uOp\\/zltIg+XZ8RE0YXaJIEEzi++7AXQSa\\/+gVFWvRYZCjpQCBFNjPGYB9n2Goly4RBxlDOo5igd\\/MNBR82EYihQQSPfCNhlytvAVI2GMpH1vfnElUcdRSsI4\\/iRjpC6sQ+mBBS8j7zoqLWUSu0v07JjZrfojvuS4Qx2fT\\/3ZZ9Ls9Fzq6ZKssi4GKRuKo6vpJU3npzREs+mijvN1L4jOTntMI0nJnlOve2lFRkF5rSszftQt243ZEooCZn3g3Plz6cLFC+na9Wtpdn4uLS4teUrnxImTnv8HvCNQ5UOGdgPLGHSoPv1uRQt0\\/WTskWEYHhpKJzRawIg999zz6dLFi948UtrozUI1v\\/2mVisH9xUs07Eg1YVAj48fSf\\/+9\\/4wffHxr8qtw\\/pOtSbPAsiAuC\\/dEnKK\\/LryVcfISJZxCUHIO2iBsHu04yJ38RxhFAd3wmU9HS1DqcupJtsZkaNK88tZKJIVk7AoVSuUXaBeMXENZumZuBGkBtU8annhBlG60jMJxSXSEA620WmYxQiAZ\\/xqU0QQmZH9wp1S8kw3kW9B0uclEl6U4aRTFosYNrNnHzA9oGiu0lbK7vLbPSojmF0Hh6HsLr8uJcEmyN6CHK7uEMHzY0P0pnSUUyWdOrRwqsfFs2WAVoDohGB8KwPkBY1RMOZHi0AXDOCa74vTTlANShpxa9gedXffOigd5Ab0U3PoeGIa6Pr16bQwv5SGBnmpTHLuhrFb2jcOyNHgwKA3XVy4cD5dvhJvDl8TXrl21Yu5UzPTaX5pMS2vshVz1etxTJeyE2h0dDQdnpiQMeD4BqZxQsEXvJUQ+iS2S7NoO6F8Tct6TB\\/V6\\/qbAzuVvcghhrq7u1f0pvQf\\/\\/CP0p987OMuSwPZundt5ziBaMNGwL0OEa41lPj4k\\/jehrqA1Bm95IxtXDkeV4pVuLXF9jEUp5Ssu8OtkcWwSCN691aqTj4Awm2FcM0K1u7CNRGLfXPvWyE2lGRYMdYMeMtY9LSxhtAtxa5ru65MIckvmTbhpp63etRLGZBh6HW6zkO0eBcDRmCgP3X396W2HqXR26373tShe\\/JbF26IjjXluC7aPWwmuuLy9nPNeGQL7Jc\\/7CKo3QREvr6tQVVQdgL38BTPDSC77QalgsvW3Wg4dSxp7SgzLWE\\/OX8rQb1wUM6T9SjlFz8byr5X0RwvboEdgyvRVg22xvcKEA5JLliPa0rVAZTrZmf6y2+8mH7n3\\/yH1Nc7phGv2pAEsMiaw9Xi3BogJaY\\/77vvPnWS+tLzL7yQXj531ltHr12\\/nianpqT4V7yQy2ixp7fHe9h5OY5tlqdOxdZSpjaizNAX9Dbz5WbAPFUHsEzlstOHkQ0L2LFmEUbhWx2ou6NHj6WhodH00Y98Iv3ZJz+veo4t9ZubvO8gg8vMQ0M9tyiXRajIQ3bKNzV3yz1u9U4SGrWEKVf\\/sn8VpanobaPQUfrco7waUdWiS0G5tcAyIgDqQ5Ai0G6flMeZAtK\\/LnIoV37415tPIzBP1yHEQDACUI9BhqLdRgGaMVxMdbDoBZNDMEsqPDPVQ48IIfLLYuQLLZlurzcobGEMYIHMVwSSdIDivxfsNxxwkLBVcLwWjSIo5\\/qtDuZwE94YlJjVFKp8vVEe3xA4q0reGU2dZJXtpbxHMD01lx7\\/wpfThnoi7uS4zRU+VEvSBMWr+bpvULdPHazD4+NpfHzM6wm8yyMmOSmQ6Q\\/aMX68NIYxOHrkqDyLdO0AJYFdA90ANMk57fKO1ulNAPqJNYWJw0c1Svhkev65l8zfMlVqnubyRZlC1xTArZQ17ovxDV1bAxRrRe4C6nyr8aspSImF9Bnsb4K2415TRiWxAiUmxDFcpqfhU0zZpSOlXAoXiltXxRa\\/nE8sHLfVtniWN21RyD6aAfRKPUO0YsjC2vrlG7abSunzQRmGltwz1KWHww4J8meuDoptxKgIXY2QbCdGFjXW1Jl4w0B8c6Q1ZH5sh5vN9+BQhBKadgf571Kk\\/QP5NONfB9ihHJJVFhbpvExPz6VPfvLT6erV61YWwdCCVcPQAkry+Wo9cAPQpxHCieMn\\/P4AL7K51y3ZR\\/5pczwvzC94NxEvZPUzys5xdwRoKfhtCBAvmAVgk8Dy0lr68IcfSy++dE4edHSZlalyFSUfMxHcV3XD7rqoznSCNaTYEG\\/nNMJIZYUYy+O4NiFEcfFdC1RmtVGBnosP\\/ynUxtaylPOyekVSxFLSXslmaCP04mtYAyN012mXH9MtJlKkcJ5SVuJ2qACdd3Y6QItfN89GAXeGvX4vQYZgQzQUQ0TZOjrp\\/Qd2KH0nL8q9wOb\\/umbDZh5VwGRlp0ziDhA+KNsSvhUgFPxK+BobdoCa8hbslfZBgLTqdbAdUD541+bHK7g7OFbGKrFV99bQsiHIKcoduB0iDlFbxhfgzi8KrLsdwh0UzA\\/\\/Qo70D1fzrl1yzjlV33jyqfTc089bGfsYFnjiNlAvSyt68DXKq3q9IVD6fT296ejEhM9A4sgGtw97xsiYc4ZOymhw\\/pUXTUu+LRB10eB2M7T9NYAimyFeceWdkGtXp9LHHvtUOv\\/ytBRUn\\/yY6QAcMG51jfrPCDNrfsHVRvnAzQq73iYcJ8ugEN1WA906lYqTZLMutLgXMa7+gFKpCMRuWMKRrqeDdGWWx0QxNIIwBarTQAFCjCibj5fAUMgNLAU2HZl60kXBr3sKCP\\/ItczVY1gxBhiFCIcxYLQQZwqxai9SvfsoRh3xCj47JRiN5OREKWEDqxQDBAmGB+Ndcp5bQsStVdJe4KT0r6Gy7yzsSzFSlFx9RQHuCQhoAwuI04z6X+q9QkfVrYqN6QU0+Oc0G6HiptsId6ug5C2ZL3TYzT7615YuXbiSvvj4l1Oveui93b2mwZgL47D82wEIVcWbgy0rKbakch4X20xJlPZwaHTUn05lIZn2HTTmfHXfjPgXmgp+G8QHt\\/vgBovxIyOH0gsvnEsf\\/1O+o7Ao19hlWYWo\\/2bcG6o6Ju4VzzoMQLfW03KdVUB1zNRLxuxYSC94ECjhWbTytwp0xdTQ6aExbKI8MBBcczjv76dXUnruwviFIubHNc4i0pMe+cgGJz2i6KGdQ73oZUFBYQjh4wiLPDqQgSAvRiYA4TAG\\/m5C5TRXRgI2BBiPQtM22D9n6vH3H2c\\/UKWL+5Zk3iC0LnMTEKSK36JgmaHOvxVo3OK4h4X0F59\\/PK0sr+VdRbkH2QB3iFhlQzvgHYUxGYXe7u60srTsAxAH+wfS4bFxXQctuS1lAo9m\\/Da0gNxzMoPaU093TxobO5SefPKJ9PgXv+idXFaSTUzcrR3iY0S+M9KN3R6nyFez+3YXKKwBguFefgvcL5CBjYEUNnuFF9m6traWVlHI8sU41PrbShbi69NNlYLlALZnhBM6rsMWawddIczl05rNpHpLIkbHxiDWFMo9yh7wFJOMRg3IPwN5QRcgTvjKXul8e8dgp+x2qptC8zbYoy4PWt\\/fhv1BaaTI2nPPvpAuaoQwPESvmzUzAtx5nlPNYNn7zwmdbOvs1Ch5bPRQGh0Z9SiakU5pK9sA4pvx27A3iPHslBoeHkpf+9pX0qVLV+TIuyfURJGF6n2BG2Xw\\/uJJ\\/0sBqEfcPD9+o2CFzVTN6prPR19cXvbLLLML875ngdkKmXA5jkH0hiHAIIQSpgic0BhuuacnP7NJ9Ja5f8ALzx0s0LAYhlKzcwOg0KGNxW3OO\\/dCswwXboxOPK2Ur84cBPI1KAobuqvSLPFuFFROT3+RBwVvAUXBGPJ9MaZ1PkJxY\\/xdqL5z0LpINWgoxz6AYNWS1q77ik+Y\\/YTbHar0IqetALm8fn0qPfHkN3QfW6pZL6gHv7O1Q77OW8jUAaNspo2YJhocGEg9Pd2W81K2Kj99B7mt8NuwDUpHK1AOYiDT2gODg\\/42zGc\\/+\\/m0sLDssKHyKrzOz3XM\\/uBe4CARbh+hG0cIOwG7fzhorhFxE\\/FVJEtdmfuHWJT+8vpaWlnl28fr3tu8rKHRCtM9TCdZ8QcoWp6DlJviBaKgeRlMHiCcEm7JrU2BYayn\\/GGyRgesA8SLZ31eGyhGjnTLhBj3vLHKot66aFrjpZt10SMjgVvsDVYeMgqRL1nWe0jk6fy4z2nuBMWX8DcLtyKNbxm4JUWhIqkTJZbrya5FVvYNd4qv7ITbTE899VSanZlL\\/X0DqtP6GtmdAnJrlaPlS7R0dXSlI4cncjtT50uBLe8ZC5AG3G\\/GO1uav6oAHzG0sX2+t3cwPf30s+mJrz0pPSOvGhO5KViFCGSfIj\\/xwF88+p4wcQX2I+lseKhBvFTWArP\\/XhDhREC7lGqHyJay5pV4TxWJKHYw8Obj2gaHxK37XQDCk4N\\/kj5PD+nnQrcRZllpLOtpVeHWhUztKA6jAMwZVxkCr4Fw5Y3kvsHU3d2nEYN6YKK\\/CDLCzRyuP223JtpWt2QIpOw5\\/mJduVIbjA4wCuuiWlczU06eg4Zc0ilpNnG4PEYZuOZ8\\/dsWfFdw\\/Li9JeD8leBedBRBulGIcsd9yYv6DdS9A0BIyaMSSk77z9oJ5Qg5ku5JiY5EuNWxLHp79Ok3zgmHFzEQJF2rjUFh63QLnXZJrwkcr2AVcpnUW+Idg8mrc+nZp19MPZ29qdMvV0aeUS8l7ZJ+c1p7g9NpQoBLQcN2MgNyGVk76O6MDyw1BA1yM+pfe3kRtY4e2X4b9g1snR8YGJI89KbPfPpxsZgpuuxZqbm6TAMVmSQwekuVHTIufaawdLXRr37htchn5Rq\\/7eApo3q2zmYbOpF9AoSs8TnJrfW0uLKcVjVCKELEKCJef19yGIgnV\\/9UGB+mpTAd3e2pq6+TY4xSZ7fCtK+KIRpObbHwotGB4onsQBkEaMcYdPb0pl6Gun19qbOX84\\/YORTDXhffREhgt2Q4hH6xTc+17yuYeQXlJePAqCG2rwaiPMo7CorltL37oglKmdm2x0DFazNOmjSaAL+CGDhdPTWmeMQpUFXWhKlBvq+lYWQ9hQSExBPtDuUyOrihpBdpI0AgJrwS6ADgcpd75VVDlLDSrpdB\\/CQ\\/P5M\\/EVVu6BM0lK8CJW4UhjIxhahnpW1e5fhxxAhpK0958JOn3UrawaNsDIpR4E7+1JmlX\\/kVYxDXOpSymCbor0CUm5tIe0s9pKf\\/8qV05eJU6upim6HyBvPPQAGqFX5AIJVmrNGYf\\/BcDvLZDky3YgRYk2O0bcoyj+q8UnRQcs0sAR+vWlpdTZNTM2llhSOqGfVQzxT+21CVkTriA29D3pH9wcHRNDe7nJaWeEfKNSd3Oi6Fl\\/Gs3qpl3Z1X12XIPzsn1Zr0UxzJkEIofKArjKgkQxScnO929Aih4I0AiVQBgfOLYKwVsC1UPW0KzjlD7ALq6JYShhH6MV\\/vfDNy6ehgm2pM\\/RCeLVosbOEWQH65gargJpsGL1ll+qjDBiKYjVA7vO7r0EhvgWAIV8X3VSj6MAo82F\\/hSIq0PR3VkO52oEGVu9sBRbEBpukWZEMpm+s0QG63ohhO2rn4MaCxHLsD8bJkG8p9le5q2gXq8dzIslPrslYB\\/yruBxSuqth1SwNkWmBoaEQyGrvhtjN0v+kfAJQFvKa3yEF2fN97Te2zGazs4f0+hMijA\\/0x4p+amUnPv\\/hievHsS76v6ZHbUJS\\/fgCzxHcpr57uXu84O\\/vyOev5AJgotCw1yrj1UeW+Frb2rOveVbkNeBWtktR+IYhxb1I\\/byxFKRvlTUdCQmMlpXAc48t+a96KBDlorkND0vgIjooqjHgKz1pAl7BbvXsZj\\/ZO9UxIL\\/iW81CuzB+Leu6NUFJ6oWQv6xCHSO2jZIVx2RiQQJXZYFFU+0jtjsK+yncrAB7k25sC6jrztA7ch9te5YkwquMcrlWc3ZLYOR739ee6F6Wu4kEhOih8QWtudj4ND49kWWqV1o2kvweoIHRMZqZn0tlz59LLL7+cpiYn3XazSAfslXXxVyRxLs3Nz6fzFy+kF1560SejrqyueTq4ytFvw24AQwNZc41RwnD6xjeeTouLLC5nhtsYhMw3y2gDWJ5rlmQbWOYaKrw1oGoPBAgDyntDP3obfHh6aWUprWys2o2TJBgFcNw0yFa27vaO1KXePtuswK7eHqfBMbucIVSwTcq\\/k4Pn+rpTe7cMQbfS6ukw8omirXYp\\/XaZH4xBhwRaBqGtQ8NW0bGxvqre\\/HraVK+FHUSrfF9Z99VGD1NoCOxyYiTDM1M6VEkBeBav7eumMFDXMpXxVx2KIqwpRP3ttCumCoQtRvGbD7eXDvMFOW8YVmOE6oZodxB97uFIbnRlXvj65LTXteJdmTsH0MvW76vXrnrXH8gx1gsL8\\/JF\\/jMvdykW5aa9eFJC4a9PTaXnNCrgVNRuteXBkWG36cnZaRmKuRynyrOdFdW3IbPevd2O9PxzL6aXXjwr2UM17y3nRR63VZ9kF1viekCO5RT1GPLcIobhQAbBxkqJs03TZwZtrqeVtRWPEfxymTLxvLDuO6XchwYHfcxub0+vj6vwJ+eUxKoU+PK64kmxh+ViXr5TI4PO1N3DdwuYIpKwMo+JwsZYgApLcEYEEQ2BlnGSIeCj3EYZg6CP7aQxH2eFl3nL7qM4CrvboxDSgF3QThA+V8gZ7xyVXb6hYKOhcLccbkOSe0FrMdgbtsWD9mbcD9woAQeCEPpaY+F+l4xDaUW4eBZKVg8CyJhHzDkNmlYYgw7L5def\\/Lo6Q\\/1+36Xkczuh5EA7nZ6ccr68qwNyz8duoMNToqJbBW6oQuLXqJRHGcnTvvmOAt9EYDTf6dE+07od7oDx4RzHK+1FD9Yb34Y9IBi1traRvva1J9PS4pLc6IhSNTCwXjvN8lN70o2Vf5ZdwhHL0k9Chsa4zbAvg0ASHhUo9JIMwOLqcppfnk9zQhS7cW05La4spoXlhTS\\/tOBwpN7b3xujAilWqFuV+6p68+w0wgi2eSQgg9At5S6hau9CyNijzZYs3WfswBhko4CsySlx9lBsP0WYWWyORZeNLR9kHcaDaSR+umfqqUN5dPdI6UuQ6R25bMRiAZl0O+Xf1+OeTwi76JPg787Gg4OycsZcb1WDqSXjxG9x2hbCnDDAYwX3lY8Jitubh2pCzfflOV9NI3UdfvsZEe0N9TRKr8vblY2Rj38SQr6Y9eKLL8sdw3Mr8m4NJWUXV4gKWFJbndFogDaAHIM0II6yju3bNUqJWoNaGnLeENJ+SG9mdtbfRODk0z4OulMC6zIEbly659OchQ6gMdW\\/GvDNGNFQP3B4aHg4Xbp0LT333Fk9swYKB5Ej8Tc\\/VSF8W6CSA4uBMO5D9pCOuAhJwOfbNSE5LG+updnVhTS9OpeuL0wKp9L08lxaWF9Mc3KfWZ5N00uzaXJhTu4yClL8y1L8fo9AP6aH6L0zz+ivNClNLzD3d6TNns201rGeVtsYOQhZ\\/FpcpDTGYAuKn9MCRROGAOPATFLHVtLAQopb\\/u0yCMItGQX3+ZleakdYY4md9QfWmX22EoXFTekHo0SljAXfS+iUMejStduL2cqQKSr53wqoVhhcNxk3ATRIJ0HLNpcypead7oT4FPBuJ12JR3j\\/+X4fUAlWl5pcjnKvLC0zApRIDXkWWnkSEscqyHNnOhwzI\\/EBwm7LPe6ddrmvu8MJdsbU6ClBK1AaTZWWRrogVHRk+Sk0ARGOkQHp4BDXl158Kc3OzoXM5nBlqob8Ct4sUBYUuMsk3FA7uT43mxYZjdOpyXkw8maReYWP7RNQ9OzEe7UOfy9kTcaML5axDmFDQFlyHNLlPR5ka10dq3UMRAZybObxtzKYR\\/qjbDvx5HYAfILXbKBZX29LTz11Pi3MxQxH1FpAVW9YBB1R\\/7hWoMiUy5ONQZEL++vaFMVA2jXYXnyiSLWql72wOJdm5ibTzPxUmlucSQsrvHm8YFxaiSsjBHA5jwJYW5hT7+Tq5PV0fXIyTc7EHCOjBNJlmIlRaOtSodslSDI6jDDoZczOz6YV9US2NjgGI46t9q4l5v+FcAMBZFcRjatTQt5F718IYCxqHNOVXwwtUAgqE35qMPh5PQEB12iASsGI+XsJ8tsmEyR5s9CUxna+HxBIgKLEUwB5FGyGXKhStoZ4NwNNeVVJqCP\\/gVDShuIk2K0h2njzQ8gVN66toFV8uVWciVl69lWIR\\/3LYQ+mFBozYLroypVr6Yknvp56e\\/n8K86RZ2xjxpjcHnA+IocTApjKQe5tLOTnToF6VvT2kfWWQFiQNiOgM8ci8tz8vKd1OSaGcvCmP2sUrNl5RK8RNofjheGPNHzzVwSob8rFLsmd5evWg6TBSKPs6OxOL7xwNl2+fN0M9PZkjxBgJpUSd1WwD+4Za25xa7nGOXvVrs3QYBBaA1E3vWi7sjifVpckYGvLft7aYlpmUwqa4yh423dVQs5CbvTIEQp6IZcuXU6Xrl5O0zIICI9lzFSLCWrkvDLPZzLjIzUaLSg9hDiOldj0msOq0uHYC99TWWpQxPG+Z5JzkjIOukJzDPui2Pz3HY0bQVYgXp7DAHT0dKau3i6vJzD6gPY1lY0RjRe9FSUaBgkcHPYjVHuHODiww8qL42642fF2A5VQAddJE9ahVivbYDeeFb\\/mYX3dfed0w3kHvx2A9HajpzUQvs2H1z31l8\\/IKFxNvT18R4DpTqZCkTVx48Dp7h+iqFtpaWHRnahFjbjLNm8MAwZhWh0vfxSnBRDfM1\\/cqw3yJbXZubnU25cNmwIsL6+oo7hgw8b0ane3DEVnZ5rHTSnUStdY8d\\/ygO65du2a137uLMQ6Dhtxrl29mp548knVz6ZkhSNO1I4l8kVkmjszxGtGQwkih+JWZLo+O1KHPdUcAkRCvLDi4xzWN6R448M1XVLkzPXXdu64t0EG6mXrGeSdhBUpcU7zW6WnIuAkRdJkwWtdbuTRyWJyb48UcxfazAqYUQZxbRiUByMDvyymK1TFYi8vftWKqnBRUJziXKOYCkM8\\/TYlofDUH26MJNo1QsEgMDe1qZGKzFFa3wJllPTbaGPqSfna\\/EZOTug2gZPOtN4oUNGlt52L6\\/tdgbC1At5BMHFxW4WD9c5bQ7Xh+LojU6sezfkWP66RhhtUdgEKr\\/3CkOKTFR2hp556xvvLeUFyUxqWN1P7fU5Qr5XnzlBSLznsBxTWdEUcPkpF+0BR08748hltktEwbW5JCm9eI4jSmzeYR8LMe9rd1PSUFSQvrJEWaSwsLBgxbv19\\/d6MQTpr6hjO2iAoGSVBumDkUcvlWxaKzC0vLaV5jYbi+fbTHdnqn25Y+D90aDS98PxL\\/tY2xgCFGN1d9ELIVxWaFTvJRUnqEC\\/WUhpdWxVJbrsahKhQVATfCeDNXinqDRHcpl51R5c\\/wQehtAEEx7sqJPBlAcRKXBi7hSiIiGQUgPu6ev584UzC5Z6L3NtZ6O1hIReD0eahJ0LHIhZfO2to3PpFnhgjqW0hC8NxamlQTV4+AdURFIPyuEwZUfCQKsQodDJK0KiBNQpR6N+GRgxc\\/f6DYwFVVnNffa4DrqGEIl6JvScooAVx3xFagLMlAeoksBUUd4fJYe80FPrMYeop8+vGobEMUaZI80BpU+d5JBJ0cc1p5Gtzesg+SCeGheSFBT49OSSKOhWlLXV193i3UYFS9qCxCjwX3B\\/UaQv6aB+ky9fYmLLimTZFJ42RI9OivEyGEqcURmVHGnTuyHlJI4tLly7Zraenxx0sRuvrMjAcfhe78aQHFBjjwkiEnjXrhNHxinYvTtVpq+X2rQfUN4avr7\\/fW3Oj\\/vdfBzcDloGsoIaGhjwCu3L5mjrAocwL+8xCAfw0TzNU76tQZIv6NzhcxG3GXQ2CiRMzsEzdHT1poH9Ywjwkg9Cd1pY3ZEGX\\/BLF0tKqiOfk0OjBo2ExIlU2oqx5P2BRDYRP8rEfem1ZgiXhrBEjIe2SgPVpWMq57BiMpaVlCxjMYZ4SQcQwcL+8vKQr01RhABDW+hvNAXyDGTePFLJbIyieGnAM43VV2A6msLLvdrkNZgYEf4xNibst5PsCzc93CuDNf17QumE0gGRoT7D8E3QfYTMQFGNw7fpkeumlc6m3ZyB1d6GMtzwyZhs26SHTtQbaBLyrMDw8bGRt7EZALcqnaCLTAHKNUaD9oLTJGz\\/eI6IdeQrLioNrlBnFf\\/nKFbdB4kIX7RjaMQ68ZAqssY6wgCFYdRjisS0VGgKCj3XI+dxh2G50twPlhlfwnnKFgb9TtAZfyLOvDzlpS+fOXXQnl3tzU\\/8OIo87Qb1uGtNqMAh4NWDmAx3pznZ23fRoeDgohw4J0WqamZpN87MLGl7JINgoMDUkpZ2neHzYlQVtS4Va88miDMUsPDIgaypou4bRfDwfwQd7JWjdAxqCCtvZM60eOgfkUQAMAQvMpEP8BQzSwooIVfx29Va6+lOXru2cU1RQPTOlLP9Om6k26LK1pYQZcq+O4zXie80YF8VlDj43KBWIf6IhRiWOLgb5858C4uDmdPXnT4Py416\\/svOG52YIMWiCEm6\\/wtiULmThtM\\/YjUDEjE3J1qAE2Q7Fpxl3pqRsi3Mwnlsh5cllqj3rWuOeHKJO7CjgRnXmHUGxpkWTcmh55VgORp2BZQRqtK6OUFEFJXHSI4HyHFjiMUJmzvcljQ5mpuYkk71KITocrJX1qrfOt4uJzjSsZTInV5AwHEHdT69eaRrKdZ+APM7MYxBMvOUYRYfCjqNlUHa81LmWZudj2ojRMLmA0EunbX5u3l90g1J4wrQT7QQaOYGgbUPGTZ28jdX1NNg74O2ovCy6sEjvWny34IPQEecfUQtRE7cPavyks1juW6BJqwDtnilppsb6+\\/psQO8MhKwFhj5i3enSxctpampazggksse1kXDkrhksj5X7fYGybjQIcqhiAW7p3cAkWseqhImhMC9PLGuEEMZAClpu8+r9syOBaSBisq8fQeRNZdYdGEHwHQJ2DHGaqA1NZ7eGad0+YbGHcBqCtvV2JV4K65A7xfFGUsX1FJPiMjJYXlxNSwvLqlgJe5vCd3SbiV1Kk3Q7ZGj4AAnzt13y8+mN5o3+wTAzCoNEBWAIoiJowBgDvjFLA6r3EAhfKgSQu+NkpVELxg4oPQrLNk8g8m6EiBtKoQq15EgnN+o6HXVwxWPk8q8KYYy5ibhVwaje1xVhMXglNYWp+dWR8FXErQalpblABXcGGwKuOQ2nJ3opUQPiLv9SpsILlJRRnmDQQxnAMATxLoru5QdZzovEbIRIPR4LBC2kn5E\\/txS5O1voUaZKzNQ5fAAKZU5KlHOLMABMrbI6SzlHOLZCYVY12u2WjPNxlG51eiJJpSGkjYyOjLi9oYxZtytltZy0kIFWAEVM4dBefFih0gZpw3S82MFX0uLoCTZqIPueKJUz6w9TU1MepdMOKC7tnd5qXy9TXu3+5snKktr6mtxkNFCg5oR4xU7B+YUF88v6RDdhBOoGIZ7rvCvQXM5Sn\\/sFYtLu3PaEfNsBw1jaYjNWgXyYUUBn8U4A6wi3A0p91BG3QKjiypvtk5Mz6fr167jILWRY\\/wjUBE3p4eKwdYAX6LqdgNA7+1bACWnkiuWXOnZvP94CjqkghMcjACFntiAkPtzOjabN29R4GYy1ASoFJUuPxQQoYZ4xGLitS9mDMcLg+6OxkIUQ4x\\/XQBoVbjGnGcxyL0hxOnPvHiwCBppVCmfF59FCCFo1DErHeWVjBuIW70GEX+l5KaaRH+l+S8K3IFkW2tzGi+A2C\\/CthVxfpdqaIcSigZa43ynCdog4m+n5519QQ56y3BI\\/3lhuU2el1+thhMM4jI+NR8QMyCZTMyA9ceRaQme\\/Q2NjaXBw0PK5M1T4pzzIs0zxYBQwNsgydJTpKha2mTaanJ5Sy442B0xPT9sg9KgM0OujYNQRpD0i++wo5NRi2qppljEonQNefuOU4+uT110G06y\\/CnW3F3I9mp99venEiRNpaGh4H7wL+ot+YloMPqDb7iRAA8CMDGu0V69e86juRqCktV\\/Yl0Ggoll4Wvd3DKT42WYq5YiBYOumcnVvi94MguY5xMVFGwWAXhCCWCqKKyMIf5RGglp6f4T3WkFW8A6rSqRhUTk9vT0yLHwAh5FAzGHyzAszvN9Aj4TRB70rC7yRlAMsDmQPrUIbHfIQYKgKIDild1GMAr09hIRF6hhRwDriNArZQSugQBkF\\/OcFN8arg0OFtztkGRK43bMiFjtAkYHAubnF9MzTz0lGOi2zpItSRoZIHUWPPKPc3SYyWNYkY\\/39\\/ZYhpmuQz+iItKUjExO+xg67RmjsQYsOafWiQGgr5EtPn3ZmGZZM8wIU6Re6aD+0vQL0SlH2bLLwcfUyALy1T7tjhL6ysqRyafTAC5x09ugkKese2rry6RA9cxp5LMvYlLEA1+DTnQEMIuVDbxw6dMhl3h3o7MW0NXXndypUX1W+3BkIOWz3NzO6\\/LnVZXWybxaQK49sd4H9GQT92ILJC2XekaCa7\\/IhdD2xw0DK1dWMkpWwxIIvO4Pq829F+D1\\/KXeUP4p\\/TkMyjIcPpJPQEnfRW9rmPUVUxMcjCTUYrDe9GhoV0zoAU1S8n8BuI650PVkzgAFlFGBFLcTQhHHLBqcCNDhjfgbCCMjAKE1GJAqQfUr4GIHcCiAd05wF4pZApo10bxWd+4EyFXQj0Fwv+4VW8cKtoGAfLCgK1nXBtXQgKukXN3krDC6qu822dO7s+fTss89LoTCtoszkB9uRIdoDyA6SssBbrRfCFHePDjKgnEiENsU2UqCMbMlgcHDIU67RSSHD2PaNzLqnm3v5i4sLdodetr2SHmWiTdEG2VGE8eIZg0Tb5kNRjAbYeTfY35e6dF1bUdtWO21XPv39HGJJ2xaflPa6jMeW2mOHOnqLM1PCGXlt2FjcTggeBi8LFkCPwAP4Dj+qSrGM+KOuon7ZFswajs80E+9Z8wFaydftAue1hUHrS1cuT0ofxsiyKoNAoalKmzvYWT6BIsO68XMz1OVd8pLddgASUML68YIZOwdQ2LzdyKJTlwTYi7AELRluCHW\\/oeHlqgRuQ4qfYSZEooR5tyBGGjEttLK6rMJiAJQ2c5KrajRrG56XjBFDDJ3plVRhaZW3oOe8eIUlj210MZ3FAhf5QgNXv+ksJH2Mht9nUBkYpXgkIWiu7BCSEDQaSE+3enuNQf5qgIjm1wpC6O5MoaChNEQErwrQ0cz\\/gwPxW6VBXsXvIHkQtsStA3SW\\/dxVwBgwNfTiC2clq7xcJIOwhaIMhUMvFdlkZAAgd8i2j3bJZS+jYNzL6JqRKqMGpm+KAbF77mDRSULRoejlab0GzRtS4vTquedEADozpLm0tCAXDEVbjNKVpjs8Upp+oUzxl9i5p7QwMLSbLoUd7u9NbXz4Skbj6MRY6uNEYxmHraQ2tb4kmmdFw7KPkbnn5In0hle9Mj1415m0oTS3ZECYII4Rwnbe7RfgT2mXQF2RRZrwAmhWmpzbRBnZ4UUaxVhwPXbsuNdsPEOQ3Zlio8MJ9ssILrjDmqe+bisU\\/mQU\\/\\/v7B1RHW2lyclpuu+dfYsa\\/7WD\\/FrJbhT0MQgbRgSJFwEDIYuoEJmMU6FPDLH5YNRrHxroEfmlVvY4Y6iCEnI5KfL8BjFIgIVWeFTRrADiJ4HgBTqjr2grKPHpWfhdAKB8blGUNWxck4Lw\\/gNDTM4rRB3QqngyA43KPcVA+fpFNNDPiYJjLc2EkSkvkC\\/VP\\/lQIYkw5WZcgrMt4G6AmbLvX140BhTLdBYFy\\/asOzeWqQsXdSmI3LNDKDwwgmUbjhQNTOYxmO9L5Cxc9X93BYrJcUKpsauDlLd4\\/QGlZlpWGr5UGirEgHaZoSkcF2eNwSBY3ixuAcWU6ifcAICqmOPGxFCvsejp1+HBqp\\/OmsD2djBTIW21SbYbjaFgTW8vHyPDmPu2JaaC5hRk2EsqZThlKXnKve5mN9PrXvir94PvfZwOR5Lcphd+pNE8dPpTe9OpXpne\\/6Y3pnW98Y3rL6x9Jb9N1oLdP7TB0Rll3wzBUambfMCLFTU+\\/gHWOkLLDO9qoD9JsmhpitMNb1ih4\\/OnEwn94yChohNGA\\/DA2pEd4\\/H10vzqCMYXN6QjieTD59kB+AS2UkK7Ki401nMgwNamRltuxLqZddQby8zXcwRpzSYbnJrDB3O5s2MMg5FS5KAXm4OhpcH7Qhhi0shyLx\\/7snpjpU0nb1RDUM2IdZmmRKSHOOVqUEVCvQ70JhBgiUcY9SkvVqZ8qVgS2y71babUzyhBurUnQYYzaAXEYWWAOcPC5RhJ6GxkZB6a0sOzMWc4v8zLbkhe5QQ+f9GPNgwaEUDA09\\/HWeQoK5pOy+cQ9PKPyRU9i+gnjACPNi1sPpG1hu2XpuyQCEmxG+Vq3xL17R7cIKMduvRDz8AbA6WasAo9gPct6mLiEvPEL4CpE4MDynOWq\\/rwfyGGVDse3o7CvX5v0FA7Kr9CBkh9Q7xTlviT5JBwdF+S1Chwax\\/SnDUWmgTiswVXD4kPnhIbtxVx3pnIZla+PeFGv\\/Ife813pgdOnUycdLj33dNLa1FFb1Mh6flb0YZjWRfuW2gUjiBW7z8xMqn0m3U+rHS+pfWylo0fH00\\/8+A+n\\/\\/JX\\/1666+RRtfe1dHioP71C6X\\/v296WPvCOd6R3vu616dX33JMmNGIZ6OpOY6NjaXTskDptMnCi0ScWY4iCZYaY5gqo9vir9RzTsrF+MXHkSGWUEPIML47IfVSKfXxszCMqOn02GPqh0Kc1woLvwyPDjm9e6Q9Di07DWBQo9cMW2uLOOxbkc+shlxM9l8sTajnapN+JkkG4fn0yfKFdNyAdY2SgXEkJrN2bhyV9N\\/gAORGimc\\/AvkrIdzbZizygYbD3H4v4rdWNtLqkHoJ68AMo2B5ZU1UYwss+ZZQM6wm8hEaF2MpKMOmJ+G1g3gpWrx4DURZp+XYx54EzbmV\\/s2omo4jQY8yLqhBiRlePjFNvt4\\/Xlnnw+gaH6XG4Hg2CRkXFhjDFsB3m0sBKT8AM1pUbGER458FV8e2BP3dURBPzdgTHiXgHhf1msX\\/YmY59l+cWwE553ToaIp1qctRpcQdYC7P87CvPEnfvsMgQ8rKkDhIjg66uHskyBkEyJvlz77Wzy1OjtANkEELprFSB7Z1sigCdrdJlioOpHU8JVQBvlB677kiTMlHTjLY5Fr5HbWtAcb\\/j0Tekd7\\/lLenMsSOpix6xsK+zI911\\/Fg6Pj6eRvp6U5tG1Jury4q8lmZnp0TnnDpy08pgM42NDac3v\\/H16e\\/8\\/M+kD\\/7A+9PJo0fS8YnD6QPf+770ge97b3rPu9+eHnzgvjR+iK2yatturNDKmlunlPSw2iPriSuisamHvTdrG4Apa5Q9nblqOn6rWs8ob9op20XxLqOo0q7pvMJj4jNSQz5YN2HRmDoijRKWqXFPFfd0ewckowZmGu5km4E\\/qHvKsLCwiMhEZwESWtABbUbdI+cFilsBl2F7dMM+TZ4ETIZgSL2cgR5ZXwn66vJqWltcij3VMgLeSSRLZuVOFPVY6BlBONM7MLtNjOUQLIyBugt5VESjIYaecxxPGVVRvQqGa1QWSAZMHbF2wA4HGMY0lI+ZEMI0K3bFBfAnj7Ltzqh79zSywBRB4MrCM2kgALGrI3rvQefu4JLsHeybDlWB+esBlKdgFapurfxbgcJUu7F7AA0MRcTcP+tlcW4RPqw\\/dVmJITuxp12dq94eKScp4SyfBUiHo9\\/dYAWIkRc1rYiawqqtWKbVBjzFoR\\/yTP4os24pPA0I0rDa7Svuvju9841vTm98zWvS6SMTaVhh7j91Kr3v3e9Mb3vDI+lh9eqP8SKcFPjs1PU0pxHCg\\/ffm777O9+TfuHnfzb93V\\/4ufT617zSRmZLiv1ujQo+8H3fl+67914rTAwtW8xRwNBh6pU39I2Nj0UYtaPdplzq5du58TBKoo0OiJ+03wKwCx7YeMqfqZ7hoWF5qHlLJ7FOAw8xyKw1FuWPvmJtlEVjRgNlfQH+sz2YtIjPMRZe17Ey3p9M3ApAx0EvBmlqkhEOPI2OaUGHa6IJDu7Mxd2hvZp4FQEYwgss8TGNTTOQHgkEYgBwW9EQuDZXr2sZDXixTD8MBOnxglqPPzyTp2qI71zCktPDQgljSMiX0YQXhpkO0pUGtKrRCNNUCAZK28ahAtVRAIiF99AdT1U0vzI68LPdgqEg+YL0OGwQhPTOdpsCaQVOlzz+c4SDseqWAHJW6rDU7Z2FyHfy+nX1Untq8sIomQVfdq0gr8gWvViUzKI6UzxDM4CscnIo8l3KYuMiOaY9kX5xB1CgyDjniYXBgAsBnAYwOjyi0UBb6lJ\\/plvN5OjIaHrk4Vel97z1belRGYaBrvZ0amLcBuEXPvRT6R\\/92q+kn\\/yRD6ZHXvmK9NZHXpf+y1\\/6xfR3f\\/ZD6b3veXeaGDtEv0n2kbYQH57i+7+HRsc0KmCXofxA5VcFng5rFDJ2aCwbrYAoRxgQoN5Wdm838IEdiBhYyl6AOKRPBxGAr0XBl2O6IcZb4aWjMAjwtvDUX3\\/TPYbEnUQBeXHuE\\/XFiIJwpR7uNDBVz5SV9aMh5KARs1cG6NwvrdV0dhwhINQo3unpmXT16pU0PTWd5jEMzO2rHnmruL9vwD2gFTF0haGXhjXevsa2NBSrMoidPFQIi7NsG6UHpdGEGkAQzEsuTPmspxXhMkZAjWeLXUYYlrwobGPAuUZLK347GgZtKF2nDTMyR2JxLS8ci5FtCEmu5FbsiajBDD\\/r6tGC6Q6Ur4VsvxBmplV+kUcdKs\\/NXgeCklM1x1al3R80tesWcFPEGqo8L1DcSud8P530iJMfMuxMPj4ZKaTj7Rx6b4i4tAe6HWdfPuuOEg74oHTozfKSJB98QpZQOFxR4lXAnSNdqkYCN+5RRORQbeQlLdoVRgOgzTKa5jTi4cGB1EEY3aPI1XBTn+g5engiPfLa16ZXPHC\\/\\/DbT+OhQuu+eu9JrX\\/1w+uAHvj\\/91\\/\\/o19P\\/5dd\\/Pb3qvvvSMSnzXrWfiC+aCqqsLNxOTByWch3SYL8+X++f6cTI8XJXdxqXQWFhmQ5e0MionzOfYmrXdSj3XLQdgYVdlDcB6VRW+UHHFaOLoeCKMfD8f5BrusiLnj+jqjIaAGLb+6rXF4uhgb\\/oP8LYiOvK+g+d4DsJ0MG6LHTA8+AfhWqGuluj7x5MbYKdDYJ+MImPc58\\/f8EnHl68cNFna9C7YZ50sH\\/IQzOUMiOEFRkCH1uRjQGqlCOveXuZnUe8rNPejiFgykY9+dy7YOi8LoXv+VN6Uqwj5F1G3gftbaSBnGPEziOMBuHZN53r3MCVY6p5cQ6fDnpZGgozQoE3jcwKdhUsCcHvIqQIAFcqZj9AEnVBdaoZqs\\/Va74vTgeCUppMeO0ZqPrtDM2y1ayEy20pExhrPvVnfrcKCkcacPciCHYLQAoZbOmE5dog\\/pVwDffNQJyqvzof4gdHqJw\\/e94dJSs3+TBtw9obbWMh7xJi+pR3ZWwQmrIpUyI1kD8dq6KYqlAUA8hUBp0ggDaBURiRQYBxfH+8zsAtG6deKem+\\/l6vwbHDhjU9OkDs4JkYG0\\/HDh\\/27sEwJo7ma40C7vXAy16joyNWsM1AWEYVLCQfOTyuds\\/IZcHTt4yQaPhs\\/ODdiNYKbjug0BkhwAv32nOb5Jl1Q\\/iEoiccUy2MEmLDiEk2b1HqzHTwBjO0AFb+MhSUv6xP4MYUE4DhZX2UeXzq4\\/bAdh6UOud9CPQm2+YLza3CFyghAiJcuMU9U1E7Qcf\\/7f\\/6j3+TgDGxAoO50rPnVMR5b0XjpbHnnnvGr1DPzS+KqA6v6I\\/IGLSL4RdmJtPM2kpaJVcRzPZrqXKlEdNGNBoWi1H0G+vk1Z5Wl1U4GYmhdg3T4PGaelWrupHyZ0GZCrFRIQ0qXg2gHBCHtWZer0uCDYO86KZwnsNUmA2+Y6Bn1hRq326W0Hb19tgwIDAIB41yfUX3ynddyJCXF9q6VSZesqE47JyiwZM3bj6fZas99Q2M4KvSsWYCber1abh\\/9cLlNKNRlTtVkG1jIhRh0GZ0yoqV\\/c0l0djTF29e482ctAV4dj6eEY5yNU+Vp8puZ8WFJ8iKn1Xh5ZgQejyk5V0XvgbyRmk0TvVCTU0dKOMk38ZVfAsghVeaY4dG00P3P6iwKjNK1YWMOG7U+R6ozyfHr0AR8nKtAm4Fm6GkURRh4Sm9Yd3JRyjl53vTgixEWHnoWfw2zVxzEGOEiXBcySXkiCyjHFxxJz78Ij+B0mpHBtY702c+8Xh66cVzGhEMmjeUgIVLZIwPz9MLpVgoLrZAcrQDcosjZCGvuPHMCJvjJOgF84EbNmdAUJV3Vy5fdkeKbZPMgzvDto00q7Y4pHbxivvu9pcI21V3rkf5Iw8RzsVI9z30YDp15pTlQaGSum1pTeXlQEneR4Auwrr6na\\/+CXghjVvkb0LKnl2Hi0vzKoPolEfUoeKrHdM6er1YvpJePvtyGhwf9bdFkCfqb1Jthekyv+AKKCL5grPzc\\/6qG0ffsIuLinCdK9hwfveCspMf+sK9fHr+pmcpDctYDQ4N+muNZcTPrMO6+Mm0EdNzGGt4y9loZS3URkd5oXeIB29oOzNzs9Y7fLsF+sTCWwCUJl8ajLccLITh1NHenY6fGEv9fepQMwqEKrc\\/+EE4RqUQjTJFPkH5kYaQzjp6XAqNmPKz9zZsKlPFR1SgcMc03BvX0LBvUApYlcbR1BMTE+noxBEvGHGgFRUBs\\/1KvITYXz9TeWAli03lrCMqgivH7eJGHNYSXNnu4UAs2+lEgQpRDAEMKXyqCacq3e8ROF548n\\/duQrkj1AXkwQ9G0ozXkqTcOiKtY\\/vKDC\\/S3NAyUaaDM9A5u98XIXcnfEeUFMWB4UowgFgH8TsAyizR0DwG+HZDUqW1eutIWNHMH2mK6670hjBFIbORFbqTfHKvRE5CE2\\/fyjf51b6yA0MYKvp0888LWVEr5W08Y+FSbYLetfQDlBogf9IDluop2dm1JNdtpySB\\/4FcPOamtocxmZOIw9km3pwp0jxD6vN8j1wKw2nSnyhGpGVRj4xc2xsVG22tB8Q90r4GjaCXd0ghbqOjR\\/yAXIYAbAGhBEvGJUcOjTi9xmC7+Htt6t15eiZGDVkIJouKGG+sMiBmcQrBtHnQenqd4OyG\\/7wg\\/UTDAw6iXVJRgPFH0AHzUqxM5qAO6ZHiDuL\\/ri7rQuKHzwv00Ys+t8+KMzL1\\/KoCmZ3FHyivNCNvBgUppQtrkSqYh0cqpSpglWIkldBlWjlSbZSqljDwZFBVfp4Gh4Z0fWwe4qDw4PeMdQmZU5PgQUdf8dAvXCGXvSOqGT6Sm4kefpnU6MEsG1dFk3uDHe9m0dMrxcgiKw9NdJsKIIQCjzuyWvbdIb8XXAafzYCPBcmAuUeAZKP7017SbeS3p2FFgW\\/03Cni9wEkf3++VCt1\\/1CUVDE3b2OSTsUJuHaO9jREx\\/CobGyXlAF0gPpgVd3xewGyCaKDQUUbWI7lIYMqWGUMmVZxgfUKy5KraH+iOBn5uC7at9mMOxW7ALNrKXTJeYxsh3BCElXVKHwkjzGDh3yW7furuW8oNFrkBg3IV4YU\\/QJYXgvg5Etyl0eEUmA8mbXD4q\\/Wl\\/wwsZCfCBPRgkehVVBwRkV8K0IRljV+CxMM00URjjqudQBnUQbGo0kajy7w+A320Ubhsn2uAH2QRP8zbc7AR1uB4ri84stnCu80bi6nKZ8jO28K4f5xuGRIe8WYirHc54aovAuQE8vH97u8Jydr0IPUQEYqAxcCBhMrywbCCqNYTSCTA8HoJKISXCgVmfFwVeGiVFhVJYrVki+NCauRbkDhIOZXKnQeqWWxCMuaxO8dGeme\\/QRfhiaetjbC6bPdJb7oLeR7nrZqmD\\/zL99Q4vApMAorNpg7ijkbJHHZgLFhXzXCIU3NRYRshK0zjvuJX\\/l2cmHkq+GaQTco5VEDzt4xPrYiy++5A6E+d7Ar0gLxeO1LqW9a\\/ryK1MaLMbybCyg+2r6jMQBy4fQ8q1yDfTFNleHrURH0aKEMVCjI6PZNcNOZLUAOowEB9to6xqNjB+ZUMdxGKbU88afq\\/5YsO0f6DOdBfBj9M38vQ2caKPNedSmZ9ocu6jc25duKPxDV5T3BKqATsIdA8NCO9N0KNHS5k0XP11R\\/B4lyB1wugpHXuEG\\/WDQBZ280Brnpq3JFVokBzn+bQOlX3JgNBhTWJLTYG+mVVeLJHIg\\/ypW6HNKpNcCC3jbKVkgSGtKYFmGYF7DtBlZUD6vNzUzrd7PnOfVllfE4LU4Q4ijbdkbyxkrEInA07PxgpmGrQi184Fy+KZKxiCgaF1B+iGchXB2BhCHNLgSphmIUwpAGKZ5jBgSpe13C1RxrkgqXwgwbeWpKwmSRwhK270s8tDVgiJkF1RpNBZQ8lS6NLQQyKDJ8+p3GsxL\\/dH4RVTBBsjPDuO7fcK2ZOAJdZUd7iBAiueva9fdy9KSD4JWbjnVjBV\\/32IM\\/LQLEKCOKBfknw0XQ+6VywXMcrd3egWiDMgj8u\\/ePWkUbAGtyscIlxdE+4TbepBKB+XNmh9TW8dPnKDINwYlbcX3rcrcPziQDnMiazZStaRFCEVguojvBNNuiVR45E4YCp4pZD3XyQ5\\/tpiihOFLiUPbZCTAMzu5CmBMmHGI9w06rPCpm6JLWsqJEDlrhcyQoDNKh5O3wt0Jls6RtyHS3J7uLQGSVb5WoUKvPWl0E8XIFNyCrF2CzBsVGWGUktRvfmneo4E54czcTJqbm7WVnVtaSNOL82lqfjZduX41nb98Mb144Vx6+dKFdHnyqiuHHQPso\\/Z3VWVQVjgZ1cpdqCuLs8wlsvOiXcajQ\\/l3itFUHIWDDhsMiBNShRYAGIKvJTyrBzlz5oqPplDaKGoHVWk8KslhAeLhH4YDAxLvNtCbIBf8o\\/JhetyzCA39qwq7urEaqLw8\\/IxkdwHyVzDlCa207TrIw3iLAFZQ3lZp1ugsvGhGAEJz\\/HLNEFNvEI9buYI5vnl864Ha9u4W3cc1Y5Vs30eYg0EzzdX0M+LqYKW8dhGq7iGiVm52tqymS5cvWb4bFJMqnXoJmcSlGm9noFGiMOn5Mmcc6yCW+Bo60XIPVJJFvr1TprtHNValPy6kjdxjvHg\\/grRpeTcCiEvQ40eXl40mo2MaeaistCvKbj5k\\/6FBpqiK2pcrf+IV7SoUPikFlFsWiRm1M51TBYwIir9suQ1+qyZVJkYFZRoa\\/UW58cuEOPeCtYxaAP7ER8\\/QoaSOMWCM+Bz3doFoMn9BPRYs7yJAS7jsDQ6Vy+h7\\/WtV5JJaO9vSqKTl1eU0rdHA5MxkWpBhWNNIgZNJUYZLui5srHj0wGf5Ll27mi7JEFyeuZbmVnipQwmpYikAQswPMSbtWq9Hfn6TWTljDDpUph4NB\\/l2sod+cmMoaGarUt2DlyMK2pH561ClC0kEweZYXg7rCoPAx3GY1yUCituxsx89EVqmGpyMAWciMS3EyMQ\\/6IQPSoOdEvBCbE8rKjtTZyvKZ0XlZ5RgudI\\/cmkFdT9YXK+46GWEYnUjdxnxDyhu4G5QHZ0QMsKXeMpb\\/tBAToyY6g1QaKUEVoH0MqoCTQOjOWdT8StYS6M5nf1BKV+huwp2A1UvfOoUBc0qlHWqoIESBTMpu4H9GwO5fIUnuSw2CPYV2DnXU3EtGeJpwJ8PM62ls2df9sIs05TBs+BfvXxOUNd6XW8H6ixKSYN3e1A9Eouumjs1ShtZhXZkGOn2XDv55byQZ5Q9Z\\/7ELjATbnmwQhSg0EYPHYrdOHJTLLvfMFSis82TdxNIs\\/aj7CoaF3YGcXS2Oau84QjTTZQFxetSlDahB+LwbROMHO9oFCAML6rypTdOIo06DQQYKbEwX0YV1k3yQ6cUtgQ\\/s1sFC3C3rnRYG\\/LsgJ59yoL4R8f3dgJ5NSP1yHZ\\/aKIm4QFyVoUK+Q3lsS7NZQYsji2A8J4yYk6Mo28vX72SJjUE5t7z+iSoRFAyrjhVLNNB7OVdWpbllLhuSJGCbiMIbqRtkBi6QjAEfot5ic9txtG+FIZD8fq6ejxqQFBrC28QpngWWN3HjwqR8cgozwgrICyVThrOT1calbdeCnkXwS\\/CyShgXTFSYHVNwQKKn3Iq\\/jXMcZorYDcw3fBvD3CIFsH2FbcpTOF+cd87hd0ACVIKTqSS0s0luic4ebL2T3z3L3hZK28Lcop\\/hAlX3\\/PXoKDDGPCrAv51iWr0awQSJGRbmp6aSVeuXPH8uLMyEjf8A3gGdwPoCzmkwZfdM+C2tataHnUoCg9Xdv3R7uQQnhWgHXfJEJTvAtwqcE6iFSPG5hPaXyMohHQDR0kzZUv4wm+PRPVjm61LQDoVwOgxd+\\/vnGSALzsB6VoB0l7hSYUPO8UzPdswtoOj74phASkbow\\/q6Y6ASEbc+Bb1ytqG6KkbzAPBPsJb3mAY+57Z78t0D8Owufn5NK+RAIqf17fXhPTW6D2vrDOVol65KpgXWjo4oK5LirZN7POeUBGMCcqIPNORgYm8hILFjRfKOP2w3R8SHxkc8rY1lDZ0F0PE\\/mmUP+8PdEso2PHU1q0wnIOUGQWUPfalwhEy3Fjo8yK3DUNZX4jhJiMMr30IEUgaiBGm+LodnTyk5XxuCSC0O9bWTu4BRUhbgtyrjaE1tI7rePIyZdBXSaf5+XYAqQdipJtoqGS9Ex1V9\\/p9viKX1UQq0BSyBcAUeMbalwzC9EziDXq+mxzvOKCYwQgd\\/K3iThD1iLJkUZOjYXi20m6qX5eniUCUVCnnQP+AcyrPtdzVCHHh4DeO0ohAGW8AShOPh3pSzLPzLk1dLksg3o2J7ysUcBlzm2TLZxgLEraTgXIMDHIseGw42Q8Qp4q7gemG\\/iri5risbTYaBDqaplN64\\/YAhTcFgVwMGIRN6eTYcUWog8BefCj1VesmMPwlcwzA7MysX0K7fu16mpXQo8jZEYSwrmyKOT3qgffxpaROKWqwS8pavYL2TSnettTdy8IV86Cxlx\\/JgSB2D5AxQ156bdBw+NBYmmBL60CcL2LlLSFBwbN9rq\\/g8GDq6JVBID339kPhh+KP0QHAfTmmm2ExL5p4tKGfDQTK3hjxUPSirsawUvFVBHZnZx1KeEOOVNI3ZsfyvBPYKAqaw5VRCm4lp+JNGQtUqGgJZeppJxqqxbjTUGiqTqkVaOZHK6j7VsOhEJG5kK067yJMQ721gqwtvGgqpc+bo5cuXVG8Tskg++kxBNQAo1Q6DzQt0qzllK87QZv30ANFlqvvSDRPESDHtBfoLqMLZJl3h8q9AX9dmIpFmR09etQ9bjpjtxJKKWlTjECq\\/Cw85nSC0vahuYy6kUU6ikXJcq3WC22Yl\\/TqUOXr3kBarbAG5ZZrvufCRhfaIWukTEMB8BwjAV9vL4iCmsWlrmRMZQuWFmN2hbbRWBZhtUzbYDc\\/osbICm2oHk6ne+r0Ltjmxfc752bnbRjmZubS\\/NyC2wMvkvAdY\\/YT0xPoHepPvQN9FsKevvr3Bbo74xVwhtIwkB1IZIYA0CN3b1u9fISSI7UZ5vobBShwpcGCGjslevuVvoaZfK6TkUEb325VXih8K3MZDhoP9+RD3iBzjgVp\\/DYwqkDUAEdz+zwlhEzo3hUMzmsXu0GDt\\/gRYrlzHHys2KsRde98slO9QrdDa9dGiLg5JARVIu1VnhuBQm9VOe0NwalAoFz3hh15I3d4W+jZFZQdIaoGs0BVcXGHoqpDY\\/h6Xu1e4KON9HT3WtE59ZqSJcNiEPYPKBpkmd1u2yo\\/P0tKEy9YVoEnRr0+\\/VeyjbIynZDBVUgbYNGXdobCjYXJWwultOTTqMCDDljNuUcoV9Y4\\/B0VtVemlFnjY4aCcB6lK2xJzzwRAmEAG8t\\/01Ay4lruBegrgBkNOso+8sLTgzG1d\\/uAumsqIwpYnY0VjUgZhdZlmXB782O\\/LBPf26x8D42Mqqc+kQb6BlMnlba6nlYW4yA5DMTaioRVFchpjl1qBAwLEbLIR6lQaapcDIrPHFea9NKjl8eCb1S6ea5KtYJW7nxmk14Dypl3HTAONgxS\\/CAv0HhaSsNNU2tJASOdAuw2cE8CJe9GEUN3hAlTAEN5qxtyGjBzyhaXngmKbhfmuV7IPG5YlXeZ4h+QI9ee94bmugfcgHahgwxq5Xc47oU1p\\/y8C1T5d3sBAgsC1fudoUqd7x2lGi\\/SwS8UuZ5dnyhuKle3Ao9Mc9ioY8Juhxy8AiWcfGrERCg+aTg5Ne32gIw1UGvZKM\\/bU90JytQEo+RqcjWoyH69fnmgQ7Phjh1tB1+3u5K1gtDRGuewOhRadr5loARJs6TLGUcYnuBLkAxwrhFnJG2ur7kn6k0DCoOe4Gto66sraqPiAX7Ei2jRgROioO2W2+wNgWiQFOSHDIX4GuofPGUxWVd2GTE7wjQ5+uV2GwQ0Sn1TAABRceELlIgvfXmDaPIvB7kZIDcZY1lpDXn7evoSR9mqv63uhnohqxougX6zeNPfP1jXdX2doR5vU26k9eX1tLYsZnEmiAxI8jRfFMJDVjNVQ0R28HD+hrwYcXMKIm81E3RmYTatLHM07qYVuqeZNBJo7+JdACokFn\\/ZFYQgsasId6am\\/Jk\\/ZeORhxdbMDIsHLP4zXwkpkCGitMYxdw10Yi153RVysG3SvkoD3T6TWpzOoQxzAgVowe4rTL76AueXTaFwVIr3VDc5O\\/Alfs6kISNT6MzFUAu+akOxRjUZKICJIMHUxTMZZsepQHlISjxHJGVOkHIh5tbCJSnYIHm5wDckAH4Etdq3GqcTHG+CuXMG+2xLbTUD4qBkpbTPHVvdzPGcWpHnAhrb1+COPhWD4rDL6jSoyPon5kfedQjKgTrYwJk7ML5C14\\/YIoovqdcLwcpsiQZ8XKGrpNaSnVUeKN8WMtj8wY0ePSjH+6EY0+8KVFy64xmkU5GErlOt6S8aD+MiuEvu+7MJ\\/lz1zcwkA7JIDDF6nK2gMK3KpoV+wSCkjaj+kNjhzyty1ZuFGnQs5WG5MeR+ZyxxJlIdAr5\\/G1fX08a7etPq\\/OcFSZdofKTd0dbp9iOIZFBUJv2iPsGodBHHbEOwAu4QK31OE+HclhvflF416Z4St5lRoKtsLcT2OlW9IJpa5N+Vf4r0rfoIKP8iuxAb5SkGaPdZzFpCXhR14AXlf2tASl8jrheWlgy8\\/0VNEYDGg4TgTcyeeUbQ7CssPNzi2l+djEtzAQuzi5pNLFqQ+J2iwKVgi3zwFx91pGEmJ4\\/gitfMZp9tShvzjXqTP2DTBP1pk4+fMPiMcUVjR7myiBwSNbauoZvXihm0VhCp7RX5ba2gbEgHFtSJTyKU5gKIFD4hQHRvUYmPq7C4eQvP\\/cexRzHIl+l516lr6IGCTF3hWaiQ2bIXK1BPCuZ+Ed6dmmE3SqrJTQlgulyFvGYoSSaaa393y8gRBJKRmU2OC1ge6Z6jN92iMDUZcuIFTDFOUjQXI0DAiFXjW5xj9TUHgvo3r6qQ9PAX3YjkxrNrox8byj3NMqghndunnvued1Fo\\/OCcgO4qcZtKyB4xuBW\\/FBSjLKLOw29Bsrboqf6qHdMSkJ6Vly3V0YXktWyRsSVdTx\\/j1ijg+J+yyGTYoqVxwijhAGOnpAMZb5RL8NDLBDz8p2e5czVMwcqE6eiLi3Mu+NX6pCOJfXFNBr65KYgF52UedmNaaAabThaICJfgPoAULqe9lb+GANGNeiP2wPQkAktYJoib\\/QvOiiknF8B4lTxxqA9vndw1d8cVSlTv3ruR48cSSePn0ijEiL2DvPhCCtT4RpH+S4sauiCAVhJKwvqcS9IsS5Jma5KMNXrLo2O00GZm8eqIqxMI7FXmTNf6BmQHkqd8tOTSN3qb\\/V0pp7BXq9N8PF8L1wLeyTUfB2NeyqEXgXPvOLP7gVvD+P9AhkX9g2D6yh76BBSmbCv3FfRxiFf7YZR4Zl08FMZil\\/VQLQC51eppjsDiMdOcGtoKQ3nTsHeVBd6qnTdGRqvXb2erly5KrnmZbRWxhI6dqGFwhUsILlBxpiSaC5ZufrUUinGGD3UwZ0vxaWThdJgFFDrSSsO8\\/l8azg2eOxC182CsiR1jNrQyHA6cvRoHDNdyZJz0OiAgqUt8cLqhkb+p06cUBm60sL8nNpajLAIQ3zWR9xxgwcq4w2B6KN9QiUvunH6Qumw1nSwruac8okOoCOpQ7wSG2\\/kTvmYRro9UGFWDXCDnpTm5\\/muBs\\/iQSbaZXK5qnhjIIMwbYPAdtPD44fT6ZOn0z1n7kp3nTmTjh056u8doMjpSTNCsJJXT5qjrJlK2loXlRoVpKX11KErL50xfOcDNxiRDhWENQnmFNlaOq6eA19QGuwf9NoFDF6TEl9VaXl5fbVdCpktoij+jBgBppg4o4VFbQwU86UcU93J1JHGO21tKHXeXGaOTcYJGkAJUShylGadgUx7lV0c9hcCtXiOG2HCKIRB2Ass5DdeH3cOTOMehIpdhWduiL679QCvC+zFuttBQzX\\/vShgNHblyjX31JhqZcro4FTV8zBfUT486B8Ll8W3fo0f04sAyrQK+CGbtAnWtAjnuAqO8vSGDWF2qv2\\/ncDmjvHDh32AXi1X0cUaIe2Kj125rehHB48pixG172MTE97yvq7RPifLqvUppsJIJ1Cm0k5vBqCD9szLcICpUOLumOrZ+cihtHf+cySGjRR1IKwZ3H0C6XHsBQhAw0EBetjgs7YGsTLuyF4LMg5IWgO0YyGJT8+EEwnHRketsMdGD6UJVejI8LDnJsnF3whQYASOSkTZYwD4VB9NY0CjgEFhjwzAlowHH+Dn2wYobnYTMA3F4vUh5YFhYARC\\/j4LXj38FXr4yqAg00GsKfT09liQEDIWrUEaTlQOpRARVKYYRqWViqQS1rMhY6oIRqHguRYl4KvSqT1jBDx1pKvcGOF47lLlcM\\/McQno4ALi1x5yOoSru9Xh4EKwX9iWm7LKHYiWAH2QWBRSK8AEFP8I0ypclLeO26HG2xbX5vvy3Ay412jJbtuAMPm2gJPbMcJ2aMy\\/GlH3W0xftKeLFy6rk8TXAtlJU6aMiFfF1uCQyiM6DpVwumU6h5Gz3YWRewkrmZYbssjLnVXSGMEir71qp3TGJORyVTzCKL0BjfLLYmjkWcn3NgH11C8FPyo9Qt52E9KhY4GbA+gKFbRlZsx7pFNOHTvmss7NzYhMjAFGIaaby9bPkMWbgBzdC8VmtfjiXwb5l1kGu\\/kZPRB8pTympUSoRdwZyINtxXTAI9+Q51awU\\/HQP1evXXOHpEOdkQ3Wek0\\/JISMWE7qZo1oNSj175KW+wqSfjtKmZEBB0\\/R82aXgmTIvXf8uLIzoF8VybSPF\\/CUODqYj6x0q6L45uqZE8fTSVXm0dGxNNyjnrway4CIVozUrQrn3CKOqqAX08cuoq5uCwKLNWV6BoJo7j6iglGC4mBIyLdbIwS\\/cyADURbeEHjmU6sLZTA5ev8xzbNug8BCcpwDUgoPVO8BPkQC8lY1n+pcXeKzf6KLaTBx3kcawEszWug8MUKVNJrSbISd3G8emmXoVufkemkpqbhV8ZsH2GXb5lx41xN14eeKx76hGp6yUf8daXJyVsaAb4Jnt4ayV+9bAzECQk7hqzcXCJneKXyOsuhfLhS9ZdbQeGGURVqyQdY4L4xNG0y3sPDuNoqfwrAbcJyP2NBmqsW5A8A0z\\/j4WBqpnIKKjuHAusWV5bQOrSKUnYToMWjngzt33X13mpuZSavLS6JZ7attM7V3cwx2TNncNGQ+hH7YPvVjnsqPUYF3UuoZQ8w0Ee0Ag4AuqVXzPkgiCC\\/Y8WGea9eYkZm3UUGBV9sV8sBZTBgNOt11UBgpuWvXptLHP\\/Hp9NwLL4k23kPhZV7pQsUrBiGMQshMrbBVkFMLV4MMAr31sTQ0MOS5fqwg6wQwwe8dDDBF0++ePb109g53branbinHfjFmSH4njxxNd588lU6OT6Rjw2PGkyOH0+nxY+nk6ESaGNCoQ9jb1ev3AOIzmiqsCoxBYP4fcWdxiSki8vV8pwYBns9n0VlXvszEUUUIOzs+XHAJPecOtXWKKRqurG0x8aSf\\/IpRcMULNzflx66nnB4NjMbDKIedLOWbDVtCRWD4FOcuCX1PT0Z0eweVK5E0YH4jBLPxVzgslRtvQXu2BtGyU1XZx\\/4F4FiueNLVtWQBVEM2P1WhMc1mwC+wlpcLcFCsCvathkb6nWMuU5WCXIwDQDWCUqAeBcgUO9XaGQW76sV3vPBvwlqVV7AkSRSQNkcCfGoWxcCmi+gxN\\/KMsLjxAZxVKVNkteysKruuuhRPgu\\/wrDdAxtDwoKdbo82U8LcfKIsNgHccjdkwWaeog8dWXR8hTfMVH1FstOEltU2muF5xz71pbHhEo4Q5URttDJpLu0U53whkFtTLL6agfKvgqtPVekOdVD\\/wLNqtQzJFGDK8CF9aRjNWwdvyVdds++3TyImvKvIlPb7L4N1MCgPSOeZw0YuXL6TL165YNxaC6Qz39o2kmZmt9Nhjn0kvnb0kmkSNaIvfzYPy6LLF5sM2MIHMWUDh4CheFGEBZeLIYY0WmDqSokZglXOPlPpAN8dODKZjhyfSICMItq8qzPjgSDo+NpGOH5pIZ46eTKeOnlCYI+nQ8KiHizQmzlThGF4bhHXOOw9rydCXBo1ihlHl04J8Aq6wWnIWdwhHRs4pooJjxBGjDZDvMCNAZS2BuLZFsiy8u0Avht6Z512VNz0GW24MgtjB1\\/7ADhnBOPQMpIaKkszisGNtEB4I2ncK6JGFrrpEBWcs5YhKD4B+JBu3appZbhrAvvpX0ipQvY90slvdOQMO5CXeuSgwn5wakaiRZqNbJB33QMmrXFsBfuRXoBrXvMj31FeEDZSnUPEI4PtyFeIvJH7BVlDfUSX\\/mhYHokwoBXbc9apRkwRTlCg+7mPqqI6ZCxWXQCDuQ2kirwuL0dYM0FugRDAgn3GUgsuZ3dCsEn0vziLHuHGBJ+zoYwMG7QJ3t7EKb28XkDc8ZpqX7a5DQ4wSKG+8IMeWXZQZQoWyxIBtqk3Cz5H+gXT36TMuK+iDKdt5HyBP0yhsrc4PCMH3AGL7s6UZXH2ArsEvcyy38K20Ir5TJtNrt0Cg+lzFKlDXGAWm4XknBH107fp1jTgnrXPJg7z7B\\/o9TR7fsz9nA4FBQpK6uvvSsWP3pMWljfSFx7+SZmfjG9OMBh3feONQpN9AA2M+kkrwUday0ACLuUwZ8TYzU0q85etsFbYLCy+CmJZhsQtmMQRkNDE4NJTG1DsA2a3E7iKmfxiGwRiPSMQUK3Gsr9JD2BkusSVseXnFgsOIxd9L2OAgvvW0oh5azO0HvUw1bq2LIilsPtxflD9ooaESRS6Mgz5vHVPefivaBiq2xsEMpsKQAPY+W+EgDV7VBwnBFYhrCGYIz19nuDkxu7nYuwEpg6WGXCvUuaEx32gwNwpKeavD77KUnNi2jKzSXpBprshcQOvcHBMPISGIA7nIOjK4HQgcKglcV35DgwNqYxgPEmHbOC+NRgcHNxshuXP6L9MU5a3hG1GgNwsYADqcfG7XbV\\/UsQWWk0MpO\\/RjNLx2onLCE9hwhM\\/2Stew2QVXFDE6opTBbbklvw4GHqkoGTfxDO4Yiqfe3pvdADqWvESL\\/rgZYHSBoT58+LB1Izuezp+\\/4OM7SJsjd8bGxtORI0coaLp48WK6LsPBaIpOgy4+ZpwRxoWLl8Ud9BdBQ0ayAgv0cyOETswPTdBQsqJAQe6Zs5ufmZVhUO9FIwMOoTs8OpYGZSBYE3BjwGpKWdMTZ9FZESO+MqSRNJ81RO+bRTG2rfK1NPZ0k5dHCmI2vQCMAgqfirGBWFn1UQGs0FOB0EUDwm15Se5CPmW4wa4n8cBNwuWgVxuCY4UvOnwV7dATR23wVjPMDIlQyFqn0PygIEC+EIpb0lUGutdTRP1rDnD1W7CgWV5L\\/dSuTbCD8wEgZAi5Y1QdhzUueiQNV\\/DDQOy7c5BZSbz4Sprajh0y1qBeMBsbhb\\/rrrv8zo599IxiRR5ZeI0pVWpKakLyzgtiXMv7AAXvHEjhi1YU34AMGbSw9Ry9gHKFfgyCp2CoR4MMWf+gN7bMeQtq1knSL6U93yqwQda1nrfulTwzE+Z3BXBjc0o1f08fN1bYnoCRBOEFoyW+UU\\/9vPjSS9ZvuDMqYofnsWPH\\/OY3H2LyZ0alnNraNULt79G1Q8biqvQhnZQMO5BSKZ7K6xLHQwbKDNggeBipwnu+XgxCWQ5rWMM8Phb6siwUR0wMyyCwFfX08RPpyOGJ\\/E7BgEcNjCK4x7rVhr7BaTObQmJAynsPV65e8VfX5pQ+L4kwfGSRaW1TvS4N45i64Qz08uEdPoyNBcU48UxaLPKsr2CEJExcePtYhsGvfYszpbJKBeif\\/mLYZjpFE8C8LbTK17T6lzkYDTzcyucNSb1mKIBG3tq\\/4O2D25s64EaIbBjrPLkTQF0UaG7\\/LenYgx3hXU010mmoR8FOCh0aCD8zPW2lBNQ+viI5Ip0GHulSW7tqlWYJRnglx7QRvWSn3EBSnWI+NUk+7NJjLn5DykMJyG0j5FlEEtXRdU9bZlePQjTQV6PxNkGh2NOwyoq8WUxF+UEdeoMy+NOZ4o87ZzKy8KvUNSN3esj01Gdmph2mum3zVgGdU05aBeBLTCeGLqwqfjjG\\/L6NmMLE9DrbT9U27HtwMH+UJms8p0+dSnfffXc6d\\/asdyIBlBljiTE9ceJEunjpkvQeByCuyU886uqVPlxyZxgSTH+WZ9d3uacSBFXpDzmIth1lDrmwaDuY4sSbyCy8bqYeDe8Y2lEx+JW5eJQ\\/O5JOHD+Wjso4+OPZvb0emsbBT3zZh2+VhiIFYKwrU70rv\\/dw7Wq6dvVaunbtmqeGsHBrsrwYZCv2DZQvbhoJqMIKFoHgqAy\\/cawRgbNQHHYB8XYyC361rIU2BCYj2EEluMeEFRazi1GI4A5oKAwNJseUFo3fw9bM6AbIwsPowuinm4fW6cg1G73G+282VGhqoGf\\/tJXRWcD+40XV1SOXRrAzUEkZdwK84K2Q5EhzTsoDOUWu3IDa1VNHDPWP6cvofISiYJshSm+3Ujis5Im2Ra+5dZlxUzgRRE+Sdhm7SmjAcle+TMegPEpoCO7r77fxgvY7DfVSBO2Uk8Vl+MJWcqa9WCCHmeJYjBIUNMrgMX46pHKOjQynJXjO6Eu\\/suHl4ODKrGAFqullflm\\/iNZSDuj3yQbZEFAmjhrh41l8qwFDwSxH+RGxmlsrJE2DZAZ9RCectRbWFC5dvlx7T4Ly8i4JIwXOfZI5Mn+IM0cHeZ6jQPIIMHdWstjWeaVriLv+Sd6K6Ocd+4E8K2TsVqAwMgbLfPxGhLC4w0slDGeOHT2a+nt6\\/SGbHgntsEYDY0ND6bhGCeOy9FgyejcILMdjz68spcU1KfEN9eCl4XkLeVWFWFxfSQvym1ucryHfcWb63\\/t88\\/ZOkWKkEMVylYJFIZSXKgyjwRZRKm99FfrDSHCuEmkF0nBUXNeRGG\\/my\\/IKOeMIRsaZSXl+MjPRUXTFGBSMBec10RACyw8gbEQM+nwOSTg63G4QZXPsGhKFhp5vs2OAw9cMUsQwNSTi0IHZ1SEAh5RXeY7wZnITNoPciFjut4WtPpNeHaMIdf\\/Ic3eAbea98vQX94iX3RoXzoQ1urI\\/JSZTYdxnd8dzKD\\/vXJ6CgOI7MB0Gmgk97i01viXVTYf85CREQUOj18FoqCyMKn3clujA0JFSMrVyOG1BvrebEmIkUdayoJacjWxk2ApDwZRsX3dH6u1CvpSX8kSZsuOI+XY6OE4v5893D5yH\\/iEyVYmI\\/7cQcsFKHlU07cKBIdYzWC9IaaCX9QTaF8qN3i4nJPdRYPFUHNhidNOVTqrjuSqdwXZbsmBKBXC5Mu4L8oYQpZ4x09ciAdp97ErMNeE6kbvEOhbCgw6+13z5yhV1cK+nyZmpNL+QPyxG2Ch2ro86WhaqbvzQvcoTIz82dsgjAqYkL8so0IFGPui4Dg0OyWDyJrt+W53SYX2Sx9XEUULEtV5ygeJa7gu6FLjn+yiVuCK3smNN0gz5QQxtqVOKvUtCzrW\\/rycdnTgsg3AknTh2NI2ox9GnHlGfBHdYBuJQ\\/0AaFioVI9M98xrSTC7PpcnVhbguzqblrbU0s76UZtYW03KbGkinRgxpPS2p0teV6SrMlyGgp2NFyj1vQCtRVtuZewTL9w3Y6bTF23rmPGGJyzqGGqWMAWsOaytS3jyDSheGE570PbUk4wFjUbze7iqjhgLyFlcaFOFFSg1oUSqfMhKvwoCY0TKxTBlg5REgGqjLAIqnMVKqgKKYFP2jornSE\\/HIxRQpSSrCYcOvhC0KtXYvrPUyBM7Lyo4KFi9rQhLOhORKr6BGf8FqIADnqn8wr\\/Yc5YI2elLihysj3KtYD1uHUo4C5bmUVSn656vqRBJTQ7uRnxG1Rz7QoHjiRZ0SxJsf98JsXCIP7qCrYNBaeBJ1EmnAED0KkJHONDMz70ap4DEiUDtR1ZsuzzuLuXwoimc+v4oegh7oYkoUdzTiFsofuVH69DRRQMi3q9MZ5twlR0gG59esSOEMdG6lXra9KSWIoJScEup3ENh6rXJSNir5sD9nGSl5G6pDF7zFUORG0JhPHflyIdvYk9r92MiQ29G6Rt0Acnz\\/Aw+k0fFDqbObE1DV9oXHjk3YMCwuzKVOGQ12PmJ8o1xC5Qs3dgUC1ejAGKitZ6Su+dwmPX8MKiMUOn\\/MTpi7mW9UMvfUFZ1XjslZ1OgPIzAzN5uuqld\\/4dKF9OLLL6WXz77sXv7UzLS\\/L8\\/WVqYEvftRPw4qZFckI0LSKnXB6BI9xPck+G4FI8GrV676q3wYGtZi2LbftsWLwt0qSZ\\/ue9LMLO9r1OXBpRTJBeUhg6Ib+KaRTMUcCuFeTUqsGzIQKXmH0ODQgIabHF+tEUFPtyxTfxqWG8O8Xs4TMmEQz86GWMxqA9V72egW09JamlyaTddkDK4uzKRLU9fS5amr6drMpEYQGvIhuOrldCgtKorKYDEZ4cAyusev+xgCiSgIoxHlhmLkXmVRGfN9oBs4VlyMpvfBM4aGxushHxXgdCIZ8oi5upivo8cXrTKDwkSPPNK2A\\/99iXvAqlyPJemA\\/NDgqHRMQ9CBj31zEHI2WhADqrFbggJESvuHupI+SDyFrRkFYL9xG8NVjVgrCIVcx6C15NuUp\\/yr4BAl+aZsSkiupJtDV3BngIbFRb4Nws47NSPLlxog9aR8QBsE6M3hY6ugQlvxb4fIVcZD8s8dMlTWugwmiXsQPsgYcHaX2hw7SlAwLr\\/kk\\/YobhEqyi8FwHlCuLhHSgpcM95JqBejLY2MDkvB96TBgTjPjKkWysJInVNSj584oTYIJ2Ir7WGmp6UcmX7jmyvrtB2nlREo1wMC0SxjSpP1FoyylT0zAeJpKzFlQ0tNicsfWsxjIfWNHx\\/UuTY1GW8VCy9fu+r7SfX2MT5ziwteO+XlPJ\\/KrHiu9wzIFC+\\/jYyOpuPHj3sDDruM0BvoKoN6Gp6uFCH+rrRpDZ3XgHSc5I4BM6XWO1lxUg7KDR0ZGyQVxY4B8N58mxYqigWeLglcKE3ClKG7e1u6X1WmKPplVe6K7vlE\\/ez6cppemU\\/XZBguyiBc05BqZnE+LYvZW0qLD950qkfk3Q\\/KxFMyMgY2CC6IBEI0WHkYo\\/KoKG81dZnEDUu4Sa0BlBek8GYMla14XGtTLg7EF5li+ykvz3BfMwyCkrRj5KwC4EATkN6eoEDKs6YUqVGwPGasQqtkQ4ikjIgbDvyL+31AxPWdn6vgHrQ8q2hw0GoerShrDSWNhvR2gJLq9tT3zq8h5R2yqadCgEZ6mu\\/Ls6Quzc5Ne1cRbigy5NEjS8muZRhZg3d6DsOguGRWT7IB8MIYrKtR5mwawYTm\\/LN\\/f\\/+g86T+6OgQiLbj7YjOT5GE9D5ZQ9gJdiDp9kGmi3lw2pZ3ROm6sqLerbw4Eh8eMqoZHh1BtYnITR97c9fpM34hltkClHWZNnIhCt4EUF\\/UAzzFKHCsBjqjFfgdpVzftexFf\\/VqPaV0OI5nSaM3vhc9qdHCdRkJ3jtgKujyFaGu7B5ilEEdNgP6j9HCyVMnPX2P\\/oo1FuWjPNDH0OxRk\\/Ji\\/TfWOdgOHW+0L\\/hzyPPiM28\\/M4W5oo6NjJHiLEofE4azozhQcF4jnZpBoL7K9AmZFPC9kGtxd6H9P2BRQ+NpJT6tHtScKnhTabSr97+hEcNWb7enhpbWVtOymLzEuoJ6AEmjDA6wwxK6UamANAwWtkEYxPsONgpkIm5LPnx1z0tIZ7VQ6nv5tW022Lg6zTRW5U9FhZUM+kkf4YQO0B\\/mkeCxJZU3A\\/l+M0luYiDhAb8KLwq4+cvQRCO99QC9oBUNKDfubxygn\\/g5vZxWpF1\\/LlDKnR8CuTTx4XbAzebhsjSVZy9oLH8Y36npKe9w45m6RjHQs4Vf7mF6ZEuPLPzpfOwF5IOSQyY5wC3obOK98iYv3FGKZQGxHLtAfigKlBSsAplarfUmm+BO1NlOgIJjx5G\\/aNirHr\\/4BbB+wiwBX18cn5iwn+kUHw+PjeXTWrvdvphBuBFwvbjt5w5PdndnVGlydX1IsRYFHbLj2xrQ7qANXeI4WRZ8df0FYCCY3lonTfljINhab8WcN8iQV6nPatwCGE+mEgc0omJnZYTFRzToP9NI7Hy7dPFSuiIjw7oG7y1cEJ47dy6dPXdW17N+M5odoxgIprGKUVhaWlAnmw4Jo10m1ErLFlQFxQTqCnpOPAPMKEoJZmBNl1Wo+eWlNK0MlqX4Pe9GWlh9Kf0tGQbWDVJXe1pvjwXmVWUuMqKAQqetyiY9L8yIuVhE00f+5lWmKd+HG3d1f8BhMsbwLuLRa2IemKvLKkfvCsk0eNeRGOw3shktSCgRUI7o5iP9pE40rqQHOEdnFi7+Xzxbgjwz\\/+IpfjtBVHsjRB45fr7eNORkIm3+KsZHdQEZtbWNCpj3twlKycihGfcDpt38qXO4xq7aTQCPjbzkvqD+S45mpmclkzwjr1CBYsCXxUa+E7IkxRJbAGOUyzRsyPZO9YTMF8NR2lzOMoPc9IzyZ0Gzr3dAMqyOkhQFHRwaMsC2zSLn5InSpW19M8DNtQHF\\/4woN17I4mP\\/Q6LR6z\\/0xtXhYv2OqeeBkaE0yvsTao\\/49ajtnTh2RHohDoXDgCpVsaaCNwK5TpiGilFxtdMY3tYT+itAjFKXc94GP+djtNmIg4KPKW9kgARC\\/xDfa010lDHSak8kyc6hoeEh8ySnTLIG+AagY6EBXrA9v8ibjZqu1Ds7jdi5ybQSIw6250OTt+bTwXZ5pGvRf0rHnd9ukLfYdUXvQZvkRRJTJ6IZUIEM1bgWJjCXx1ZRMmGubHqWOTFZGo6fyBXDQXIcb+sXynTPHGZnb5f+RW+beTMYJVEw87ylrFIp7PcH6QnoMSONG+GPxk1jg9OxgEuumVMC7grSOJhfZRstvRJeC\\/dxwOppMRUGY2BUGcayYAjTOIOFhWyODaa3wpSSt\\/ApTbJ0+now6r5AaaC3CrKKyP93AogIKqy8bxKo6+DvNxdqfKV4FWyAKvN3hEqgluGbHcmkjjRI3pC\\/fPmK2oM6OJZFOkT41+OuI8s0YMmcFYHCIEu7geerpehL+2oNsYWVHn8PXzakUUtOY5FSbUQkMN3J4rN0qnArDXHsNKPaOwUV8uucAys\\/VR7HaLBtne8ijB4ayWKrUqCI4ZloZvvloYnD6pyx8MsZZimdODrh3i3TJPSqzXe3\\/awDbgLI10dYSNf5dITVMDhF+TaA6gmlj0wcP3bMJ0Nzqqu\\/RSFvtuej99wTpwfub8csyo3PEPMhshXLD+9sMX02oHrCUFRrv1oc3Bk58R4WL\\/KyQ7IOrCnIkMofvRUd3tzZFXC1oudZf1b44m9c60hbL9jOjojIluTNBqESFXZsdaQuzvCxrwgTIzAGvCG8KmW9IkXOyGBuYU4jg2XvciAFrBIvlGEU1oQMRWgYDGN7hbHFVYZC6a1vrKhBMGenSthi6MK4QcMsGY3oPdGwgrKiDeiV8paeRyJyojHxM50mIeK4JCow85B96un7e819MgQ9fGS\\/M3Vq9AJdZmY7VjKefcCeGhjGoqe323H4rCeNjngwmsZ3IwC9Ndh2T2G4qDRRMD3QExCqXFFCl7IBXH4rqeywDyhCE4ooRzxA\\/ALw\\/ZaDknRVl2sG8srOFSiBmn3Kfb4GA8W9zEPqMPPA9blrGrGYODs7b2UPz1isI18noX9uxPIDnAryJ3caHH4hM7o6BKA0pIjKtMPOoDyUH8fCsBjLbhHEm1EsdU56pG+5Vc9L418bjUHODpKHy1jJuJT5dkGVewZlZ9Y72+AvPeIj6vHz9TRkm46g1xPUCbQ8ikZ6zsMjw1Z4KKaBnv60wvfdpX+WeA\\/JGYm\\/jPBL4XYBS47jcKWt+EEQOsSfBtYNRh6dI1XpdBGLKgJ0VFGbp06dSnfddSbde8896b577\\/P1rrvvSmfOnE4TE0fSoVEpfOmcbukXJe5PAnD0CD1399Lz7IPfHSg88m3IDTMlsxqBnL9wPr388svRuVU9xxZahRNBiJw0tfzQXWEMjEqzhjwrfExrFeRZNDXJnpITA5Qw1nujbSOtSiGvtYlw3eu\\/t\\/rBTHjB\\/FfsWCC8yihjxVa6ZQ1lCEXhoBABh6kbfklM90LK7Pl5FqhpJGLqugyLv2lsmlDfAcF8WT4xkA\\/tiBQZJxVK4dpFAF9+HujulXHpTj0sAnPGh\\/z9cRD5U5XkwVCI7bNsyfOxu329eXgEnbkcWQDd0HHUPVYYv7KLQ06K11FbW6jRma8HAqVHfLJ13jkx7uMx\\/OtuILVXgpJrzll+tQZOOH4ksg8oaTfeV+Lqdse0ctBqGsCO4TMU\\/2q85jiV0tXvS\\/gK1uNxFbLdMrv5mlsv97WgggiTG4jdS266i8wyAsWvzTs9FhaWNNpkakYiq8ZUBdJFXkp92J97IX64mqQSTVfaxbp6d0FTa\\/AecQXekBLp0yiXz9vSNnq7erybjri8oVxbL5CCZDF5YHBYbVS5QgY\\/3ddk5XZCzqK5RNG6XWi324mxcX9vBWOHkmT31DLvP0kxwyeMxtj4oeh5K0yXysXx+fMzcwrPtIx4TdnEi9CkzTk2gXkcspBvDb7Vv1j\\/yWsJ4mtIyHawqxNQ3YgmlD16hZMaOK+NEQOfE2D0cOrESX9s7L677jbec\\/pMuuvk6XRUxoLOabx3QnpC3VAMVCFXdg5dvHwpnT13zgvRdMbjE6iho1x4hUavWofCYdHlH9dMY74YQgbIs8gD90rPpQqM8YHu2b\\/M+wILW0tpamUqXVm6lq6sTKbJtdm0vLni8F1SiD0DfalLDGDqh2GWBqxpdWPNc+\\/ubTMNo3sfgpenY7waXsqhEmDlCEub2dxgt4REXmgLo4T5eD0nqm6tyABxFMWaBELu\\/R29aVA9BY7GnRgeTYeHNOzsH\\/Ypqz1t6sErHtilYT1TRLy9yXAuhnSMDNjnzVxlVDyjEIaL5oGwtkNEDbvseGK4ZoPGi2wNw7UA2HgnwbK\\/A1D5lOFmoQhUmRopwgX42dyCZ43utwJapRINP2N22w74EDswaA+FWZ3Gw7cOjU+tgPgoiNmZeR+b4tEkHRD1yIge5Y502AxR1lnKEDwgX1sQT2+RNJBLaK6FLaBHGilHXiPDfKWtU3nTsSlHudNzJFu+Orgq2R0eGfVH9Z2SG\\/ydhdAngQDGAMXFIy\\/a8evr6rVyxMix9ZFe7tLCsg0CLwRi+MYPHU6jaut8jL9DeK8UqhptWl1a1lWjCmfSxK99QLOskgxagJ1j5Ths14fvtoNlCl+upKW\\/+vs+7lZ6VgLDR\\/k4+42TnscPjacjMhZnTp5MQ6ofDHlNpnN+jArYjfT0s8+kCxcveUqR7bY9\\/XxSODojOXffoZfKmkWhJXvV2u92cI4ZXCs1tLTwosSqlN7lxWvp7MzF9OyVl9IzV15ML0ydSxeXr6b5DVUUNdophSvL1tbTlZZE6OzyUppfW\\/aLZawLoPyx6OUzl\\/7UpYZG3gGBNdKvLF6UbwsEvVi3uBKOkB0Mi7DWamRceReHN6QnRsfS8Ylj6YiE5SioXsbxiaPpmKwu33UAOV52RENmvv7GXCrz\\/zZKysSvmGcl7y2oZCvgaje7x5RVnLIavRF6f8y\\/1YBbIpUEWgDWHMFqgPxcc\\/ZNfigVukuawB7eAS0FYXdojmLBu4F0bjk0sXA3qNJbJd1l0e\\/goA6LEuJ4aj7PiuxaRnWtpU9j1oNHCFlGonHunp\\/jSM7K\\/TYgCV0YlfO9BEbYdKTahO1qV0gvyDbuTRQDtPVoJKw20N7NGUZhDJpF0Aw9AE\\/3DU1pWvYpgC0Dyk\\/Xjs60oh4tr0eNHzmmx+60pE5fh0Y8y6sycLwFLj+mrXv7BtKhwxNShJSlI505fdq9by\\/cqh3X0q\\/l68zidg+oygLp0O637S5qBXJ3GHl7Kz66DHlAv8mtioS1seZWshH6RmVXXeKNXPHuyppwUbr0+tRUeuq5Z9ILL7\\/sOue9DHQXaaOLGDX5KKFKhSJv7sjm55sF6VmU5EZaFpFXpq+lS9NX0vWlGeFsmlydS9dXZtPsyqK3Tq2IcD5zObe0qLCT6frsTJpZmJdBiQ\\/dQChEc9wtw9ZiGCgEjAHjyOq8kh9sMTIfxgKZF8lIS4hChYkoYkYdfKQHgcDSjqjnQO8BZEsaOxcOj48bj3j+Lj7ow7pF\\/c1fklWJrfTJJ9hIBbHoQ2+NlXzmMunt8QzGrgN6cfXeVr1KAlpVyDZjIMDJzlxVrnzr9EmD\\/\\/7xnOlrBsLvBcRE4KLXeQBQcPcsstBDQkMKpotLuBY6W+FBIbgRULsjGSuU1hBljDrdL+yHsigDPJC8qkMwNTVtZcy6Uq1e5VemjpAhOhKlV+bRiX22g\\/31o3OCEuKeNCO80i7pc1UnbEudGV5iYgRwfXY6XZ68mubWltLM8mK6NjeTFtZXdFV7XVxI61JS7eqVrikPzzVjoJQO6VdxN57eMFAAIXwoz3myTLIug6Xrstr\\/suqKr0JjwFYUZn55Jc0sLqYXzp1P569cSRevXU9Xp6fV4VxOGzIQm0zTyZCMHjqUxicOy3CwEzHeArcBpqw5n8Dt4A6pMYw3Oq8K1B+7c9gptJvs4lN0V9QzhdRVZSJnNARoSlDWuikIvb7XdU11uShdMykdeuHK5fTyubPpxbMvu2xMvfNWNzoPelH4dEzpWIcuUuIZYoKc3G4NtF298uwW+1BRhE9PPpeuzk9b8SMv5Mtc5UT3aOpcj\\/Pe6V2zsDOlgrDFtA1FfXjEi0C8GcnXgFQKK1jeyJufX1BaDLtZUFlPS4srPoOIQjAU7pQf5wrBvGhMylTyxLRRtwSBkwA58GmwfyD19fSlAfUaBmRohvuHPMoAylwqfCHd9a01jVhW\\/TYgL33QKMzcDgmkaMYqA4xeGNVQmTYGHi4qHf9Rc\\/HyB8PzbvW8mCa4cuWqRjndGn0cVTx6MlR6e+pU\\/vNXrqevfvbz6fL5y644GjyGZWl12Vvb2E2CIHqbG8i9KtvGVDQOHxr1eS8ejQnWxMMrly74nuVC8nJPxM9Bf4y+cOetcQlSpndQvSr406NyY5AxjGWLmeN1iWZdMdJOPzcWkNfvz1255K3CcnZmXVJMDz94f\\/qud7xTj\\/pJQOpTIuKXb8tz3b1Amb6J+0Z\\/6j3UIc2M6g9FDMaF6ZdocGGoaBShdNaZNsn1KY+soMlLfJUiL+Gcuu7LlBrTgsFl8ojwOZR7+nVa29PM1EL6g3\\/\\/H9OVy9fTsaNn5NjpqYUXX3wxHTl6NA2NDvuY5udfeCE99MADPpNncvK6p5hOHD\\/uqR4fI5JzgKGYC9be2C9OB4Q8Txw95s4N0yZMEfmI+JWlNDk9pfQupx61lUG1CT4kMyf1uiKSu3sH\\/OJTl2RmQPU80NmVhiSrY2Oj6e\\/9yt9LDz\\/8sHp9kXcpLxjlDV7cCNTtiW7QdLqG8k\\/pyuSkt0I+9\\/xz6SX1di\\/yItbVq8mHVKpOOIICuaUuOAtoUeUcHR3xTpozp075XCbaD5tOPDqnDSluZ1e\\/t7hfn5pJx44dTydPnEh9nT2W+0aIMgYWQkPC3CtXmhevXvYLXbjZaGaodqDQW81ASEYFGI5Xv+JhO0SLDL8Sw3nJAT6RJ+GRGXQnbzEzNYSb5VCNrFf1RmcafRTtsCSy6RfLiPsdb3lr4nPGeOXSpK31VcnlS+nd3\\/mg2qr0cb1iMtCuo43vBLUyK2rHr\\/3KL\\/wmw5XFpYU0rREBIwAYRCIoH2RmdXlVw7pQsAxdEVYWmDm8zs2oQ0MjKYxYrOUFkzULMo2EdNn2SRNgKymMqH\\/2bdOVyQ4eVtxRUC6qehEoHeYVUXQYBjjLqah8TAKlNjw4aBpdfNIycqsGLYXhfdtiNtteKW5syZJRk6CxbkBeMD6io0iCpvLMHeGhhy2pPr9GNCC89Hb6+thDnatG6bDmsbqwlC6fu5AW5nh5SQrd29d4+xEDoDTFLK7u1RrV29A\\/lINyTbx01Ck+wFNow2Dw9iBySU+gJnjyswHIxsDPlM+GlZGYjIB45gP88hRdoMJW7mP6I+KTP7kAMzL2sx754RfOCOCRw+NeJIvQEb7wLLprUQ77yt1xeSphMkR+AUVBF4XsdOXtGAoHj+ttFI9I32F1j6zg5l1CJY18pRNiXufwQGRdVFcAcesGgf\\/FwJBfe7p+bTp94QtfFk\\/7vIkh5m3X0rSG+Azr2cI8eX0yzUreWSilHUxNTrnz5I\\/BqJ4A1x9tSkRQ58gybcpn84hOjDMHmEFG2dNO+xga6E\\/9al\\/f+653pdc98FB68L770tFjR9P09JzaoeRMCm7Ah092+DslxEGBfuErX06ved1r\\/aEq5MPl8f\\/CjyjvDQFK1GVp1+hpJn3jG0+nv\\/j84+lTn\\/ls+o9\\/\\/Fj6zGf+PD359W+kF14+n2bmllQPbZJvtnz3W6\\/QUdpQ21xenE8rMmgcnNkmeR8eGPT6AhtFujrpyHBUh\\/in7Hir1ucCqby8IHjt+jW\\/bMVnKJmRoDNUyghYPrgp8qYLrY0dYnyFbHVNowG7Vbjh5ywx+VwoP8mdNlfkh5Objx8\\/5rbvOMorfPSoerR+FK3QOa2Rx5RGPLzljtGbk4InPPUUU+y9vtIeTb7ziRff2AbrWRLx7MzJU27TVsoG0mA6aSmdPDWsOBIGyAFz29V\\/GwknuxPm\\/IjQ8Y9\\/4+\\/\\/Zpzxs+6jJpbVs0aRmg3Kd20ptpny0Xn3eHMj43Ny9KoBtq4icIH0mvmyWVhACmULLk5ZGQpR5CgvtpSxBZQ3EGP\\/bLt70TCAeTkEgbgoNYpkIYI5KixrBD6wSeEIz9AbetbVCNXyRGP0BlkUDmOQF7eVFgUvytBCkwXHbrBIf8SBWQhBfOOZr061J77RgELAIFiaFKoYhDUMwtnzaYFRkdJ0L4f5UvEzjABVyX0oAFBUOm8yY\\/GI7a6kB22Ua2FuznSE8dNd9gODZ3FvJU8YXVEsNDBP06m8cS3GIXgB711fOb5JyPc7GgQN14tBCKjfRSCXpAYl3d0gOB93tdDVaJlP5d7osBEzejfIlAMYS5o28r5rhghXR\\/0veeTdSk5PTm1bHRoVTqa\\/\\/PozqbeHT832OhhyxgFmKDh2fzASpSfHGf7wl+8B0wHCIDDNJK3vBP1T2sjDsjpWKIzSQWAjBm\\/yUifsjGOvOm+o9svoSPrTa1\\/1cJoYHU2jHAs9Pu6Po\\/RqhMBo\\/M2PvC699tWvSvfec7eNEh9XmZWyffqZZ9xBG9Hok11yWWRNSxiGPSB6Iy2QtqNUxOMPf\\/iP0+\\/93u+nL37xS+mFF\\/nIS3TCkFmUCLMAvd0ssnakseHBNCFaTp445kMzoZ33mZjyfeiB+9PPfehD6Tve9pb05kcfMb7p0Tekt775UZX91enQ0Eh68N771QmQopQxRQfQOURnLGsUzj59bxJBceWyFZmmHLiAyEWcTMoHZ0qBWkBFnp1GfqSu0G0cQEd+pIeRiinAdfshGxxfjeHBAGC4eHGR7cvsVPTLr4zURT\\/yYjrqWTgP3ltAr3mDjtrtceVHuKi3CEmpOGPrlAxCO9\\/8la9L5HIBPJf7PUDBOv6b\\/+a\\/+k2UOA8za5w1xHvE0ZAgCqUGwylomY5gfoshLsqWffk9A+qdSLGjlJhnJS0Pj7Dmio8iKlMknEXU2REGAIXEMAnGmCmKaGWpcPQQ2E0RwGv6Mf1Cr0mB\\/JYjxaTgNDzehWAOMFbl44PeINMzVpZSgNCBsTArFQ9hLuFww0rX+RiCxAtAsZjT44jz+ezxVgZhRaOHS00GAYXl7bp6Ng9sDOr52iBkwbs1BkHuEp69DILPjsnxuAIlrWIQlKDzy9ke2CDsB4LzcVdLrXYjv8yn\\/KR\\/auxCgvB88wYhwHlk+iM\\/6EFYOtKFC1fSM08\\/JwU9JDnQyFI\\/GirbAeN75L1S7IuegjgyMWH+8hYriqF8U6TMMQPQhyJhmpZjBDxlKDdGH7yURfrUJekgK3TWmCa798yZ1E19kYhovXT5muR903m9+x3fkb7vvd+d3vHWt6Q3vPZ16eFXPOSOyOf\\/4rPpG08+6WOUJ5jeGuIspEiDTRZ7Qo2vTaC4yA5tcXZm1p0xvhOMjEwIR2TYRkeG0imNZB647570yOtenR559SvTO9\\/6Ziv6t7zxjem1j7zedvKpp5\\/2B2AmJsbTD33g\\/enY+FiaGD8kHNWodCwdHjvk4ytmJ2e8SQRFuTA3n+666x5v9WRKmWko9BGjLitfXaHb08LQCVctJOK+eO\\/ZjhYGociaockgVEMy+udtcHQcecZxEMgAH\\/Oac4fAnQRokRyUzjO6ltEMnQTqt9r+aiAaLB9KO0ZI0J88\\/dgcFnJ5Ae5WGYR2lJ3fyhWR3MfLDaE4sF7dvd2pU8q+o4dXyln1P5RGx0ZS32Bf6hfyCjpv\\/qI4KRyNgMKHIYmhN27FHdli3owtoGaMrkyTdNDQpLTdWxJlHhSJQJo0FeeX4XQlDY6bnZ6ZttJiGDk5OxUf3Zm85iEZL\\/HYgAihiUrA+BRFAaBsURikB23c4005vLKveChWz7vbktM4iV9PY79Avg2CVgHzWlig0Eh40IJYKrdZcPYJxI+RQCUf0s73gA2Ow8RzoYPnerlvLH+glL+Uq9zvDIQLw9kKml2dbv4V8PRYrexBe8m\\/juQR+TRO54Hou5A\\/woRiIQ1kOHqG5NZMC+4oJ3q\\/KAwDkTLQQBnlEsaQEyEvqDSKXmgAuCCXFCHqaSt1y6AP8BnFLXU21ld8vMOwOhSDakuHBgfSA2dOpx\\/7wR9Mr37wobQ0O58e+6MPp9\\/6l\\/8yXTx\\/QaPvxqmVGwE4wdoER+W\\/9c1vTL\\/8i38n\\/frf\\/5X0j\\/7Br6a\\/\\/0t\\/N\\/3Dv\\/9L6dd\\/7ZfS3\\/\\/lv5t+8r\\/4kfTw\\/featgU6G9eupXn1oOncnbrrjL\\/bgFIthhGT24EGYKZCxpAXWRlhdHe163kt9feqTUpXbG2s2kDTGcUwj4+N+6NdvAPA2iMK96BQa2sC6qn6XKDMufPVRz7yRceAHUIcYMfJDTNzMz7VdN7nBG1ar7LzEWM\\/OMjap7hXkYcqIKvID0YNeetVOaAEHUTdWyboiPKNDH8nA2R9MWivynoBnptxJ2hHaWLtYJ6FXKMBIkA0BgFDwYIPQ85+jsA+NKzroL+QNjQ86jnPvp5eMy++dRyfpEPJMocauOF1CH+4RooYq8cLHXy60otG6uX4ozKIAVMsa0GHD7ET891Yc6M1yI05Ug51wghMcn6HDEFY5Hl\\/mjMOIltUnEiL0QVXFvDomdEYPQXGVQhdGI5itRnpxFQTDTCyxcBZCbSoTLtsd94G1bL4XkJfDGcraJUXEOkUxVXBzC8Qf93kGC2gSTB2kZNbAtC0E+BjFA2NV5Wl9NTyRYJSB\\/sVD93Vb\\/eAXQqrNNBNNEDqm6MICI8skD5uyAz15l1CJdNKkrihDJDvokCA4o78MbLlmWiUl3QNjMwKZEbUpglyefuk9E\\/ffSatySBoOOiDGGmvfOp2WgrqpRdfSM8\\/92x62+vekL73Xe9J95++Kz3z5NfTpz7+iTQnxeUC3iBAQqEQ+tEVHInPNFevrn1S3n3qQI0OD6W15ZX04gsviJ6X0vXrU+nCxSvppZcvpGeeeSF94+tPpUuXLouHTKOmtLS47J77Ci\\/HihdQCMICNcY0fGiEXSipe0BKUgaBaWl4QT8H9CwAa5nKm5EZRmI35bcXkD511QyU2fWI7pIMgEz\\/MfXlHYp67lf9MHJhRIZB8PSs+AQ91OBOgFwx9QXVrCk6H+mpcg3OY47jygkLvBcTTNqO8Wvlsx2o13bmt1j0YPsou4IW2N7GiaQoKjGjXUq7q7snjR4akwEYSb39A7ZWTKEggGRHRc7OaIgk9KcuJQQYAGqzjZqWkndmYkYXvW4xBvXfJveN5TW\\/fLbFCylC3jT2DhbFc4MTeiEYA6ErjYZ1AObj\\/DnO61fT6roalhoRioNKYZGJaRtPManSmEbCQNlQiTYMk3erQJ8kidEQVwTbowkMAuhKDD+UK40fNPO2CRpCsl14msHVI15QwUBR4DtCNZsSZ8fwcnf4XdLLcCMNZdcoVlS+yXhAoKGAvrdL0YXcVTDf2S+71bI7SL6twpYMs5\\/ukbfyKUPWtLzehlxKDmi87vjoGYimF0AyTKvS6fB0UWYeV98rQE3Z6BEZ89qd3GkbQJEn0mIqUCKpcGpLUnx9g\\/3qXZ\\/OWxrVidra8GcXn3rq6fTss8+m5194Pl3XqLlLCuPeu+5J73n7u9KbXvdouvDi2fTcXz7jkwKCfzcGxCS+r8q\\/IGXz+qBwQe3w8qVL6dqVa2qPi+nq1cn08oVL6aULF9OL58\\/7o\\/Lnzp33R2fQQUx9Pf30M+mZ559P5y5ekj5aEk9QHzFjcOT4UX9gp6u3O7VJ8S+tslgNz7asW3jRK3rI8Avli+K8caA+2cFYrVeAOnLdOaNAFD7TVsx8lPPPYrqKjR9hCAqUO7fjYKT9QTrVdFy9+C4eIlvhVqaDGmkJF9FpnSA\\/N4w65uS3Y2MyBtzaqYzJ+Zl0fupqmlxZTEttG2mlXcpPVYAi5twQeuMlMxQ+Z7pQwRzaxPwhc\\/cMcbCOzO9trIp4FYqjJNqQWCn+OFpCipUaVkPi7URp6rQxu5jWldaqcGNpNTENhkLeFHP4qhTvOHClNaCUGTWsK+7cvEYESzESQTjau6S4NaTkQxALEiQ+K8e6x+LCkgyVjJ2MFXQv6XlDPRJMUrd3MbCGwTa4rrz+AVdiaAbj1qWw2SVkzD2CVuC6daXcWkBISrr15LkBaSYIZrmvXDnnw7skiKeyZGwFdX\\/u45mIXIq\\/Esu4E+TABsKVXkwditAXqD3Hn5Lgf92\\/ChrvyFv\\/KRf3jLJqeXIt95FGlCFClPIF4A9tPJe8yn3xy\\/f6I5qnOvGh05HTYvcHDZGofuFRnQ6eTZ2c6d+6LyR5CSpIM6DGgwpNuBE2pk0EFT\\/nYQXnHJ0evcfxw+ORrMIuqrNz\\/vwF77xZXGbn0roNx5raMi+uoWBe+dDDaXRwJH3li192h2lfQJ2wg6yCjGnqVYXCzOXDP\\/OPDtzVq9dkEK64vdHuL164kJ78+hPpE5\\/9ZPpPH38sffijf5w++5lPe2R\\/ja2qMiAvv\\/iiRjbPaQTxjIzDs35bl+25GES+3z6mUUK\\/DAIf72KXECMFwB1M\\/TAIkINuQkZqvD4AmM9Oh7qWgwrrT5kqF780Jz94wLAkvnzXIR1S9EjokuADGMBuOdA\\/pVXQaZt6RqOslW44HRA3Zk+YNYkdjUGbC9iA+h+XlkDUbcgP\\/VBB6rKdlyT4aM3k3Ky\\/a8AJEogwL07wGnx84GEpTWq4RwVfuXw1XZXF53ztRSlxDALX1RV2+QjZlaTwy7oySuCTluvy4xvIjBba6fljONSTX5ZQcvjd2oJGFfNLCk\\/vPSxkCBj\\/dc2VSiHodSEIHJ7H3C69I\\/ytLMQV9qVDhxeYlB6Ginch2NPN6IC1CKbIfP6H4jEKwBBQiTCbNLDGGEN6gYRfZv1CcYoxqCuXKlBpu9TKTUKkrTxKrxLm1ICy6BJsqkDEKXeNcZoh6DfGUzgb6Pnl2wNBPdJODdP1K3AD85PqEk0qOly1+GW6ChT6CqWB26FanvLcCJFnYCMUeqWH3QGhtwbYXUhKp06d9i44RhGkjRdX5Bd\\/lFhtnaCahemo01XAu9GoX5W\\/HIVARIJ7p54coAfjSLqcc4MS1WN65tnn0ue\\/8IX0la9+LX1Z+LUnnkhPPfuMD59039KdnOTv9fJhluekdG8YzBt4UK5VoP6S30O4oNEA72LAE+bPX\\/WqV6ZTp097WohPjXIwHIvJKNF5KXDeWfjYxz6WvvKVr\\/gLYxcvXUxPPf2XHkmwpZdNH8eOHvNi7kB\\/n9cgoucM70WF0NSIAEZ15Evn8oZBmtOGJstCgShvpdzyJ0wJB5\\/rEDyq+9fTcl1DriIQh\\/VQZl28kw13hcG9MS5oH2PkFTMqdf9m3D+0e55ecTiXCOZCpFHuHGfNd2Gxtldl6S+cvZAunr\\/kPdYLc5z\\/HcqVqRlPp\\/ieK73zWAS2m4zC2opGA6whMJeP1ZP72jJ+G2l5UYp6UWGXeM4GgUZBoWls0AVCK3TJjde96R1gZOmR1SyfGiFTSvS0Fpc1ipHhYcoIZU4arGlAK1NOLGR5J5SMFeC0s39c421lvjbkcB7SuwZq1xroMSpWzVW0b\\/PP0Nr1FsG2xA8mDN9cgPhAU61brlaMPFeAeq7DzXC0xG3MoTRswB0byXlstpBs6UfV8q4HL33ReOnVheLBL+QzQrZ5vQpwzzVDSb9hilFOtBV3OirkEM\\/5sZalZz6uwjsPf\\/zhx9Jjf\\/yY019RPM5a4vsd\\/ShLIWcZseD5kY99VEbiK9G+1Z6HRkd87tjnP\\/9501fNa98A23KDcyutlA1gTYBO47Q6jfbLSpl3mNj88ZY3vyX9k3\\/0G+mf\\/ON\\/kn71134tPfzqVyVe\\/GSqhbn4J574WvrcZz+Tvva1r6YXXnghfeMbX9eI4Wkb2GG23B7iyOkBd46YfoYKfpkw1wHtlc7gTu1wL3A7Vv3UpvUqUO+U3SRAmthDnaOL0DWsN2AUXDXiHX5lY4u35DfljQzRocUvKrMZd4AdvNqZI7OllfJTt1i1JsWpZ9xQhEwpMTxmFDA\\/O5\\/n50OZMuxkJ4XnwU2oxEMZMcNDLwY3Pma\\/tiYFrnRXl9c1esAQMLePKLWLgE7lp4KvqLBC1sjo0mDwS08RxsG7Mt9OThgr3tjk+8wb7VLUnQrRJRHv0tBLbjI7Xn+gQolDfIAr87os3PjjFjJ2NgByK8wmvBu4ygLDMQwYOPf8oOegkMsRdNxA\\/FsOQYPpuZHy3ABU8wku1H\\/8GalZwjmsfAp9oIe0DnRHoPTIWKiExpibBtXTVn0yfTTK8Sj9\\/ZYbkyj\\/uM906pnORvTeCtBA6q2RsJFTlI5Oi4uMZwE5MEIgfeSWtvfgQw+lD37wg+ktb3mLd8V953d9Z\\/r5n\\/+F9HN\\/+2+nn\\/3Zn0k\\/89MfSr\\/4i7+ozlFHekIK9cLlS243fIDmmHrlZ8+fc7miTNAUWR0YWsRbWJj3PnzS5RgGRj5XpybTE19\\/Mr3tbW9NPyfa3vi6R7w1dWxsXCOFu7xT8Q1veEP6jd\\/4r9Kv\\/dqvpjerXLyDcUmjhC99+Yvpox\\/9SDp79pxH9LyUx7dK1mVgqnLVLB8Yhao\\/d+ZtudkD3DFGCVvZ1oGolSq8YTDfBaVDXYwB+eLHhhMQXcQzZWnoRGSo74DcP5A1BrYZJe\\/tfiOY9sYCL1M46ywI01NR5nylnzlAFDvCTW+fV8ndm8FN4UiIgnT3gF3ebcBREYAbCIpUBoDRwKryALeUfF9PfxoaGPLxGLx3wLw+v9IrBIsRoBZgioVMDOLzm+BWpwyA50nlJ2PQLhp8nLcLp3KBGu7XZED\\/SA+6ESgUPesQWGcqhSAMrwtEA48FbcXMrgInpov\\/1yEqhjz0XwUAgdjzXTCgfhfQ\\/HxgyHnVYXuKIVRx5Wb\\/eZbEuRbcC4LXdZ4EL4vbNqz9TJoBSbCL\\/\\/SLpAxBQX64hVDoIe02yWUsCkajBJAFZLDagBlRAnEUQW5gCk7Y2LYqT6H9KJPu3eGpALxhqjLKmVHuVgFKjx4rUyVvefOb0\\/e+773pO7\\/zu9Jb3\\/oWT6Xw\\/sOIev\\/0sjvYwac2ePLUqfTDP\\/Yj6dDh8fT1v\\/xGfrekPY2OjaXh4REp7SnTFLTtpz5bQKUIJQW+3EWbAmhT5y9cSI9\\/8XGX4X3f87507MhRtf8YSdPzPTpx1HFHRkbTK1\\/16vQdb3t7+oEf+IH04z\\/+E+lHf\\/TH0nsVZ+zQePrt3\\/7t9JHHHnPPn28MlxF8AxEZ4B2KPPhdwJz1b0\\/YR5CbBWhjGpv3FBiBIk\\/QXZOz3JlA1lxHhsZ6wp0tySGv+4HG+M3Qzpk3o1LKh0fHU+emejQaIrPYm9j6yZSOjMMmUz306OW\\/KaXODgUWipFU2E2j8Adkenm3gGFrf+rp7\\/FxFF59Z6UdgUO5CzEujEDodfl8Ig7B49V7pePTA0kVYVG8LnY5CdmiivB4hxNX3hUQE72opOE0SO+HkyD9TAMSqmWqbmFCYBGG6PGh+MMSI8D0vgpdNib2Q3AZqlE5260zqTZDNOTIh7WNOgQlxVAUxJFpr\\/AU3ihsi0uCtw4Kv4LwcNs\\/lALug6acdjEgvsfRQl\\/hrf\\/fHnAdCosCj7KHYQiDINmVjPdI7tnpgrKm4cbQnRGFOid6jilHjaKhFrZRJv1sRCryRFlKJ4WpUeQXt0hNSNqKz\\/QAX9riOAqmYw6jTHXtZaSigGx+4JSmddURX3l729vfnn76Zz5kuh7\\/whc8Kmbv\\/tGjx9PFC5dET7VehFxuEKATwCC4A6VyvPTii+mJJ55I9957X\\/rZn\\/lZH0VfW1SV0LN2x6nEenJPOQ6\\/ZJfNoIzc0fTKh1+V3vnOd6Wf\\/qmfTq973Wv95vW\\/lmH42te+lvg4fKwV5IwrxDMLwBQvUPPOYH7moM1+BVxfO3neImC6j1EMctIr\\/cfox9mqIuEBsoAfo0PkLQCZRA5DJplK9Cg2t5O9YfdCtfPm38TIoXTXxIk02jaY2me20tpVGYIp9f5Zr1pW73pNxKiifFSGrlurUpBS6ih5Ftv4whgvr3Wqd97WG8jxvOWrZChv5i0V2OSgXJcXeI9gLs0v8rp5FJKeDd+L7WxTPAlMb2d36u+WgREOghpJDOjKYWFsa4NFCJJ4Q\\/sxeq+4HDhwLkA51pSywm7KQJG+jI3fhlYKvGXMQve6KogzapAwDToUTXRBm8tOIDVmoZPDPxI1lIbra87PPUAQiRVayegZLOshDuf\\/FcCPC\\/fENxA+39mf3DMi3c0Nu+Lm8CB5+36\\/wiOopEtvGY7Xse4XuAtU6cu7K7YVXM8RQvznqjAlVjM4uSYo\\/HS6xKXhbKOzGeAP7tVwdkVQs1wFHQC7SiT93sHDcdTI9\\/qGRsvKm1EBSsjTlPrxzF722C8fZBmcNMau5mLgydtUc2ZcvftDwriZutJa6k+rPWNpvn0wPXX2enry6RfSOSn1FSmOGbaPCznGnl1FnHgqIj2dhCL9yZ\\/6mzJMS+nLX\\/pSmpma8SnBL790Vn0\\/GrXKrrDIVMjVAUGER3kpF0c5L3q330scknjhfHr3e96VPvShn0p3nbnLOw1pJOxAhOdsNS+f6VXhXefScG6jXW1ZF+g3KAPx3vd+d\\/r5X\\/iZ9K53v9Nv9cOrC5cuefNI0B2SAx+pA9DGNbzqBlNXeYm32aMV5HbSqhMIicWVvHYC1EAVC0ATI0FGBqx38vKZjQFgkpBJGQXaKWJJp9c56blGbtyEYYiOq9tVLQDhd8PWIJFtS4O9A2m0fyh1rUso5sWwWQ1zZ9bSGveLYuIS20TFHFeYMlV60VjVS+rtTQND\\/cIBH2HR1iN\\/pm46VcVCmMdbyCyM+IgMRYZkv4CmkQevfC+JMQz\\/nC4\\/XbulsEcGhtPoIDgS9zJe\\/coPi8m0FZXm84xIU5Gs7FDa\\/HQfSpdho9J1y7b5CL6qdxLTZXpWHGlL0cBBUiqr0AZBTPYXq4yKhoCpIsnRsmQ+6Aro2TIOFg\\/FK48NYfeAQj8\\/P7scvg3QvZ+FloOgyOgpDv0ivK4E2AlciJI+WMS8CgqjOkdp1oTWQNryqmItnWqeQZedlEa0r+KmsKIvwue4CiCfCCH6qDbuA4gMRvoK7TjUsxs+f05PVweBH6SB3OGW8zCGQg6sh+cK\\/8iXj89ACzKOyqLR4YfS5+gBT4\\/2dvuteRQh\\/GTrNWlCJe\\/w0Khp+JxqSxaWEUF52agZWCAmHUYELqkMQhtTojIIy2sd6aWrs+nf\\/qePpf\\/u\\/\\/M\\/pv\\/2v\\/vv0\\/\\/0T\\/9\\/3gX4O\\/\\/n76b\\/9Z\\/\\/7+nDH\\/tY+qJ6z+evXPNuQX4onTe\\/5c3pb\\/zNv+H2cvXKFXeqnn\\/u+XTt2nXlQS9TbT\\/Lw40CHaHVDXblLacLF3m\\/YDF91\\/d8l9c3OABwXYbL8ogOkZzyQhUvqE6Mj7tTZqNgPnPH\\/n1kWSimuZ70GxwZlEF4d\\/rgD38wHT5yxHoFnlE31I55rCtG2MbVz1EfGD+2t3K0BMdMY8Ew9lUoz8RjlMOUMvEL2B09ICx1WffdDgQpWIARIy\\/SMjXN+wq1dpUTgoR4CU21LjkL8ZWnZMjvSqkOCzqwgO2pAfFMnIJWPM24A7TzshbvGaysxLw+Sp9jl5fZpincZMooK19oIn0OWupVz4OTCZnL82viMgJ4IhS2rPRsRBtDnrJDyBnqmVfn6eFzTwUgJMw1snjNsNEvmCgydLDriE\\/s8eF+wrDjg2md+OBEKGjcMShekEPjKL1aD0HpRK8hECiKoNBUgGkpKommu74ZAoUCivD5qh+AYsg3OwLK6GaBPHeCUo7GMNvDN4TbFr4ZStj8WIGDl4fwQrccSyaOgnriu9MSIGpqV5p2KUs1anEr93H1JfvF\\/UHA6QjjBSPkFOUsgyA569LIgNEo875WdJIP\\/LzNNPMJRczImCMMvDYAK0g3X5uB9uCt1MqTKUS2hFuRKe6Vq1fTN55+On3izz6VPvzYR9JXn3givXT2XJqcnnbaTz3zdPoP\\/+k\\/pX\\/2v\\/3z9D\\/8z\\/9L+mf\\/\\/J+nL33la+49kx60vOHRR9MP\\/NAPpZHRUed39er19JJGCcjyrZBVAEVH2z915lT6oQ\\/+UHrHO97uBWN46dGD2vKsDNi1qbl05dpkOnvuvHcjATMLC+llPV+6fDVdunYtXZ+ZSXMKuyCezDO10tWtdDRe0PXk6VP+PgK7jkYPjZp3VSC\\/quK2CAqZouGoCZ8WgHsEbwDT6o5lBj3XQPfuOBG36r4PMAniM\\/qKafayBoUbaRmlu9YlQ0w14l6MxY55HYyEPaHjV3\\/57\\/wmhJH5lWtX\\/TYvefjNXzFTHLUV91EWmBuepTjpYXCOER+gT5z7Rhda3n6TUmnZYq8LmWJai4JG70BsoZJ0b2us3kJNqWO1VXAaGm40PBDmYAiwrA4nRc37Bt4KyChEPy94y88vcpAPLclDqKiEsPwS\\/MxYHnGPSrKXz21ijpZntqp6d4GZEXGY2oKWvr6B1K8RVZEyelaMJlYk0FfOX0w+\\/hoSECrFpYK5uqFn5AfEvVIRvxk6onzKUBYeLKo3E4CJFOIlKMLiMnBv40rvQUpIyLpLvDFKuAiLO\\/lwz84EwtZ5EOmAcU7UgpVI7F+PkRhnxPD5vyBBVEcR6tCq52GnTLSglDugOTx9u3ro8FUMOhiiITwqcXCiYed7XwiXwQ2Xa+O\\/DOHXALX0oYO6o6eW0oXzV3ziaW8Piq3Nx7oPDvSnBx643z1s3gEQ881\\/MSwNDAykRfEPZeS5dMnGuJSXX3wUwGNvi2T+O9MUzSI+Ns\\/HnXzMseKxboBS\\/MbTz6ann3shXVUPly8UDo2MpgcefCCdOH06Xb5y0b1fevm8xMX3E5578fn0tSeetMJhayzbNPv6B7z+gKKkE3jx4kXLw7333ZsXNIMndKFuBCjXVRkujo14VMYHRc1cOHLLW95nz11I\\/+b3\\/yB9\\/DN\\/nv7oox9LH\\/n4n6aP\\/OmfpM987nM+fgYj8Gndf\\/qzn02f+YvPpcc10nniL\\/8yfeOZZ9I5poaY0lVa6+pQrsli\\/vnnPi99tejFaKTYRlk0wEe23NLBg5aYmQilOzMzm6Znpz2yoOxF1goQn3Deqi6eIgvwpmpwyiiQef8CzekAuFXdkWF6\\/hhwn+OWjUEVSJdOATqDAyg5EYJmRe5jo2M1A1KFzQ0O2tuQ3PEyG37o4PA7KHT8xj\\/8td9kCxeKiG2kFBaFwL5l0WY1xA6KYQ5lUi5rftlsTQzSEFOM9lEPvVIakt944y1E3MYAxBgwhaoKpGAsFLvyMAoSFnYeucevzEplMhqwZZebRwWMEjQC8LEBcmfIjiFg\\/pY26G87G+XH0EmGIMYYARiDMD6qIKVJuiANDkfKgHDEQnXEi3IHDQ5LcCUNfzAInHxp9aV0txsEKXHC72IQCMD\\/GMXoTmnwNik9SpSDedFkEOxRQP5+WUlpFSOws0GgQYZBsD\\/3lFnhLUDQnxHggC52pOxuEAQUoAqtDIKhTneUOu6aE6AuKU8J7RBWUjmWPSpxCLuDQSAe9zy5IxJ3eGXYj0GAO51SclPppRfPqs4HXXecl8WOnlc+\\/Aqfcf\\/E179uPsFXjoXnjVoWO5FhkLf72QVEJ4qeKVngxtHXBahawlIHo1Jw7ByiY7OudK8qD9YKEO0e0fDK17w2fc\\/73pfe8c53p2MnjqevPfmES4McYhTYZdemdoby+5po+9xfPB4jgbZOn69zeHzCwnzx4gXvAHrwoQdtKIJ3KPCDATTThngfA2PIUdbImafYkCvJIalevHwt\\/b\\/\\/5\\/9v+tpTT6cXz51L5y9fSpc5GE508lW4JbWtqzIMVyavp7Pye\\/alF9OTTz+Vvvzkk+kvvvil9DkZgM994UsyFo+nx7\\/81fTc8y9qRLLgTSZsSIma009lYxRAh\\/GQjBJtG3dqk5kEjqQu5wTh1gCil\\/gYg5i2kQSoTRaDQP1jLIiLoSjQime4FXemsMrx1xzmR9tsBchAvI+y6Wk2t1O5h0E4ZINANbmqoFU3GIS+vlUZBRkPh4bvutwAtLOXGmPA9ifeOubYWBaMmaNnqghjwAIQs3lWHyKABkYPhxfWKOQ66wGKQw+fnjwvz3iVHwUtg0DPGolnIZfjInq71RNu74oX1MQAwAXTfcF15QsWAxCWNRQ+O57c+1eaREdx+s1jMyNoDI6FC9NLGBQbFZdJ4UlH8ejBeTgvg0X6Hl0oXWMGmFxW9pshcqkD5cCt\\/DdkWkxMvlh3ZudtsJP7zh722sV3VzDvobsBIz3ubzzlDLXCVtNput\\/O2l2BegrDWoegtQmyUyuvvYBOBMqEYxJCISAHEMoJljK4nW1pQI2QU0dpE+Ybsit5okUix1aIQt4dAFrJUAH8UAbsPiENysfW0GvXJ9V160yHZZDf+Z73pO957\\/vSgw+\\/Mo0fOZJe98gb0o\\/\\/xE+mh1\\/52nT\\/Q69Q50gyrLaxovaoHlOaX1pPL7x0IX30T\\/4s\\/U\\/\\/9H9N\\/+xf\\/Hb66pNPpVMnT\\/lNYdoWx0SIct8fFIq80KbgFwdXetoVdwKo3dCUOHyPz3ouqHybavs9A6NpYGQ89Q3xnYYBBZCiU7wOlKzS2JRhW4cfSsWf7lX6VyZnNVp4Pv3F419On\\/jUZ9Olq9fTzNy8p5leOvtymmJkq9EbaypeQ0BvQAeygqIQlNkQXqottFeB53ghjbUc\\/KUb3CmpQ6nXnQBxN+ZnAF1Dh21QxqC8U9Isv4DzV\\/oRJoxQgczRGrijoz86ItaxzpFrhNtVx+wA7VhKlDtbxa5fv+YjHqyIMQi6ep5e1yWOf1hYjAyUOS+k8ek+T+OsrKW1RfXk59bTyqyus1K+86qM5Zjnd9dGFcriEHtmGWpZcCiwmY2lBqgAFHVUgKeMoEVx4xOUKG+MRHU+VsZKwhQWl1Ssvn3nBq1AZGGjoXScnssGbRiCbBicD4tejZVtgdEjCqE2yih++doAJirQu1fAHKPsmilQva\\/BtkRL\\/ErCLaBZWA4K0RCa0sjPzY1mRyjldZmboaTBVZiLZVbXJLeg\\/itP0F6FU06b4KWO6fmFXy3bCBI3+FfjG3BoQrfeJreMHjlyTpZEdUOdDmQDuti6icgN+Bh4Xk6L6QX81iVHhOOH3EADCgi3mpySTuRg5Me0CnK+qNEDW0avXLsuRXfWnaxDh8bS277jO9Lb3\\/GOdOzkCSfBWsDrH3kkvf\\/7P5De+a53yf\\/t3uqd9YRo7kydbGfUyIRPT758\\/lz62Mf\\/NP1v\\/+J\\/Tx\\/\\/+MfTq1\\/9ar\\/1y2F4HCwXfdF9gosgqoUFuEeGLEe691SNvKHluReeT\\/\\/qt38rrYm44bHD6a3veHf6gQ\\/+aHrf930gnTh9RnXXnh5+1avTiRMn40j8Dg7BhiKmNmWQeZaB29T9ugwefUIqgJ2J9KYxnLy49vLLZ\\/0pU6bEfPaY8gtdGYapQ3XpUZQUPes9sSMwMEaVoY\\/QCZSsYaTp51DYZaNCKyBenSsA61CdqU+6Nkb1kU6Vd1WAf4xKGB00AAQ4cd1Ew9CjuCRarDPlV6bsaSPh2zqPnaCdwtHb4oMO7GVmkYbvIwBmhA3ChudE+WADJLLyDWJFfZCchm2rC6tpfU7hZ9rThjo0a9MbcmOqZ43zMVKn2gtHUFBJzMOz88LDZwa7oiG0dkaVvFh0GheNjQITz4tBcIYGqrjQ3q4eB7sWzBFDMAmewVyXA6kQ6lbAPyEPuFFGDbs2NzGAGAmnHPH0gxJy5Y\\/yk67+doGoDJJ3fhYe6IkK2quKnGsWxJKWoSYIYBNAK3FcxoK5DPm+you6eyWt6v0NQaFVaIGsg4Vff9HRLmVQ\\/uYuEM8o4EZAKQTPQG9bhI8ZS0pALVWXA\\/6XWFUEaiG3YbRRUSV+BZ0b6lVK+cvd6wHmGe8hEGxLPb5hf6SFaQRPGTFKFjI\\/HOdjMefbnvj0KvQUmphCYZMDxgCMZ10li3Oz8+n8xUtS4Oct34R\\/jZT3Gx59gwxQv+eWO6XYuGddgrd9777rHr\\/T4\\/AoBJBeN+tH3Wob+lvbWkmrm4tpavZa+tKXH0\\/33HdfekQGZfLqtfTMU0+7PC7yfkDhqrJTU266FHfzSg7nL15I\\/+pf\\/6v02c99Np25+970vR\\/4ofTeD\\/xgetvb35V+9m\\/\\/fPp\\/\\/r\\/++\\/T6N74x\\/cqv\\/Gp6z7vf7Q5ou9jP1vPOTY0atmJHkreSYxzE19gVZTI8DcPhcpQd48nBm2xQmZ6eTZevXBVNimdkWhjdpToRX7x7y20kMFKLNsHUEvXpclFWClSAh1LePSHyQLnHuwQkFtgqBdoo+XK43TaDIIg4EJDl03RwqCc6i+ecrpnTKofdwTlCMOsIZ06fTvfee286MnHEW+1QlihqKxDuhWyTYp6wv68v9XZ0py45t7NGwLETHHsBargKsobgVTGRCJPZy8\\/OIT5DyZUjMrxNtKlCqFiPDihk7Z4PZUBrhCrSwM6oEEBVcFYeuVgG9+qtdGBUQR6dSqQh4+M3J0FGD6LJaxERUhCV6sAVKDyvutp4Kax7SfqrNZQq4J5vDY3JNgJ+u\\/kDymuvIDVQwF2zy3whRcpgA1x41Uj1AUDxrWkKlnwCW\\/G2FRDH8Sr0xGO9\\/HGFzt1oLaF3AuSHQ+vyE30Naai2Ns6NUYfHGxoUpn1Dnaj2dPTYuBQ0I4EYJZTOTHR4kkfDrIVBJ7K8E4QSb\\/cH6c9fOK9nKUQpwA2NwFlX8Etd\\/BSOhWJGCCiPwaHhNDY+kV548WV1oKgv9RjhDUpQZeHkYA1NZBhEh2gaPjSavvt73msOvfY1r0mHJybSSy+9ZBpuFizvUnylbczOz6Q\\/fuyx9Bef+6L8utJ73vXd6eGHXiNPXjLtTceOn0iPyhg8+oY3pvvufyAdOXqcVGoYrTXK0aERQod4yVqft2MqL\\/jZLqPorxIqFIq\\/U\\/7SPmlVbhevXPYxGhycSTvHWHOIHPWhBIjRACFj8JApHtiG0T4gKAKU+0YY2URJSNulapE3gJ4Lw0FYX2qAlIdT8agHiNkI3xlbp743WHMyhTNxeCKd0FD0yJEJfwqP7aRWphgCGITSNLPCgg31D6YjGm6O6np4OK49DOHk75e5jGKoe3RKRhVHGqTHqCGULoq+nm4dQ6HWjYKeS\\/4k4TYFA4SKD52yv9Y5\\/p5ChR01PZQZZSiXXDYkyQaBtZNMk9ccELKcN\\/SSf4GSg10gJdNuN5Ll2fd19wKOK6calU3+26BenJ3Bmeb7mwTTm7HQD+4gw\\/sEiAsjU+4LXw6SbsQoUH9qTCLS3znZfWS4xY4gLMGWRszdUsBdWdFDN2sIXbELpKc9TRwZ98Jm+HOEcd5EoGfLppQxU6soARTMXoBS4IUyzvJhVM2am4+gF9mc9Hns+PF0\\/wMPeIHxU5\\/6dPqt3\\/rX6ff\\/4A\\/Sl770ZZEng6WOGHv5UaBe+8KidTB91CNl2ZOuXZ9K585fkHubdwK98pWvrJ3JdEPQgp2lbjFsX\\/7yV6SAN9OpE2fSq1\\/5ah9V0yW6RkYGzdfurtggceXKNX8PgTKgNsOohWolk\\/jGOlMpfMpX\\/Nc9BnRoeMg7HlkfYBqINRiO7gDh98ULF9PZs2e9q+rK5cseRbjrSMLogApAN0eZMy3NOwgE4iePhnLuJEG420\\/hG4xCTqPUvsOVwI6AN\\/UWm0SQlcLDAtbBpjdHqF2BErZco+PQGGZvMH1Y28GhQZ9vAtJj4GPhsWWL5WQRJ2IQdB8GJ4b2qAHwHsKoeienjh2XcTic+hnmiJ5OKWqMQ6+QjVBUfuzlphdVVy5e\\/c\\/PQPVeN\\/m5GAOcooAOgh8CrGvtBTI9UtHxUplQ4cNyUvmUovwwUrpmY9WmdEhDGTm9WEyXIcIYyRAUY6C\\/7WD3Vh5Qug9oEbfwIZRn\\/bkVuNILCraHjedm97jP7rlRNOfgEBU\\/OLcTVPPYjtm\\/ErYKjWHr+QVk9\\/zUCnbqbQF1v53DbAfCCpEPXfnIOQZgfUO9TDoQuKJolTa9\\/5MnT3rUjBIhO9oIN\\/gXysvIoIwalFBLirxWpTZHfFjBpgpGA3xzhA0gD8gQPPTQQ+pJH3XKf\\/qnf5L+5b\\/8P9KfffKT\\/pj7oNpsD6N3KfjTd92d+tRGO6SAGeYMDo6khx9+pfP55Cc\\/FQpVv9e99rU+WA7aybPUwX6hlVw4BSXIphLeO3r4wQfST\\/zYj6aujs0k+5omRgfSSY2sLl86lz79qU+lSxcvpd\\/6V\\/86Pf74l6XEWT\\/I6wNKyO0gK0kMADyK5CNfDAXfWOdob3Z\\/8ZGa4F+UAz3DlPflS5eFl6y\\/ykaZVsB0EfXZ19tnPUBpoIH8Sj0WGloBubKxBZ0kBki3bDBAkwcmrgKUp6Bo9HSp4niqqhZEdxlJV5SERwPIVXRFaYGcZrkeAGulCkHk4\\/F9\\/rr\\/6dOn0rFjx9KIFD4LHOhVgJ6Oj\\/QV4X4XgRfTVAEDTCWJgT5\\/SGnRCxjo6Uv9wmFVFueh0wvx6rnSUfYiYDtTISrfxLUKKjE9ea5sffW5Sigs9T4wBowWsPoRMxpUTZlQAGP2L35Z4REYdxs+hpM2DnKQY42mGuQ4At85j0jLQpgNy36AYK1CRrr4k6adWgMVySWeMjRF4LHiVHhiWrmrRC48sR9\\/urpBCoMPVdwDcvK1G9LZCwiWb2vg6EHzdghaqyOPQl9j+PJUwuwBteCx7ZCXLzfUuKtxC\\/+GBgesrNmUAI\\/K+zJFbrjaXe3GMeSMuJY21QAKR7ps2mB6g7pYkKLHKDz04INqk0fVO5bBkHJhWpctnvRkeYflzN13pVe84uH0gMI98OAr\\/BH6M2fuSkNDI95tg1J945ve5HUDzjSCJozP8MiwlWkYOZGAYoK2VvTtExxdWR49MpHe\\/33fm371l38xfeD970uHDg2ku+8+plHJPTJqh9LXv\\/7V9Ju\\/+f9IH\\/3oY+nP\\/\\/xzUoZd6e577k0DQ0MywGrPMiZHj59IR6WLAqK++amb5jKwJR764RH1wChKXuYfu43QORhuRmt07qyslVKr4lnhy4PZklN3nbKiJa1Sl\\/iTtxfMBSxKI2mkWXY3Oh9GaTImYxqBfee736Wyvz8N8IKedIM7rELSLWAZVl2Tjw1Czg8wL+M2Q4kYV+otVE4lQUPJpKSwN27TyJxUOtg\\/kI6MT6R71MNACE+fOh1DNA1Rvcdd9+xnRjiPHT8mtw7Pbw728+EKXWVdeR2dfesnQA1xJ8Y1gpDBKFNHBQFI2Q0KucE0diup1y4j4EP2mDN1N8IBjBYY3+Z7lH6pgabMsquBOEwXMews0wPM59FAMJjRUAo1dSjxC1hAcFWwZj+gqgi2p7Yd7F8jMl9vJVTSrCaP4Bcho9ghozwXPAjsp6S7Q4nt3HPdNkM47UbfPumoBYmOD6PlNT7VWuGHNx8IB4cGpHxPoW\\/dRmwQ1GGJnSjRwHkRihfROH13J8oAd5T083ZrtRWOV+GdhfmZafVsOc6ZBW22cLNjrz3de+\\/dUoaH0v333ZfOnL4r3SVl+prXvT697vWPuBN27MTJdOrMGbXJoXRaxuF7v+8D6Rf+zt9Nv\\/wrv+QRDeVB+QRmIgr7diN0F6CpMVInOd6\\/+N73fo\\/0yANKby2dOXE4nT55OE1MDCnMejqkHj3HxaysLqeT0jMYs1e95tXpDW98NL3y1a9Jjzz6aHrTW96a3vTmt0hJn9RIrde0ArQj9NHI8FAal2E8NHooZjXcTpPLj0LGOHv629FEHPSVxybAjZcCT0pvPXDvvQobjCA6egSeAfVdRtk\\/o1ccNtel78bSe979jvR3fv7n08986KfTj\\/3Ij6T3fvd3W2YifJ2cABkR+WGg\\/dleEVg1CgaHrcX0FT1l2qDTiqUep6aHDgAqFRECi+XizWR2Tpw+eSo9cP8D6QEJ2yi7j1QZrC0MqkeEFR4fO5zGmSrq7Zf1G0iHx8ZlSMbTUVXOiaNHzNRTMgZH9DzY3ycmqhGr8sWV3NuKOVZIL0WxocCKo8SFIVjhH3TKX\\/H9UpuMgo\\/mllFg9xKGgaki1rF5fZ5fKZtjahjBpzbbu5Rqh1gFPcqfDWbq26my1TNTOixQQRaIIeCtXrarMVzFEapEoa5xHwF1EVLGGPmAkXdBXhgS5boPihqmDxyEFJWO7n22i4UR97iUMOU5hCDKFpg9BH7Gr+7UAKRVy5NAmd+OGR4t7nUp98aAUJIt0IUR8q9YQa5C77iRO3wsGFOChCG+b2q39inOLSBi5kZkmunpZeReOUQChCxIHdVlrw6EI7xQadEbHB4ZcoONskIr3KYON6yYT506njj+HWXC9CTv9ZTpBeSDl\\/z4Khj0OfVS901QFDPtYlCdLEYf9CzPn3s5\\/dkn\\/kTpKo2tdUsgb6DfpVEBW8fpQdOr5Xr6LgzD3em4nq0U1S6ZLjp16h51zu5O9z3wcHr7O79DfSkWYmMTRJ258KPe6vjtBVW5A4KrAvGIlCjLxvqKCr2S+mQUOuZnUvvcTOoVPx++79701jc9mno0CjulshySATl64rh3HX3v97\\/f+Po3PJIeeMVD6dE3vindc+99KhMvm8ULWuREHuzIYT1kiFNgJcd0PFlT4Dhwn4AgGuG8N32o3FE3coPZFWC3WLfcjmlUdfehCRlkXBVPcrDBD14VZS0dk2tTIq30VLb2tCp+d6Vf+IW\\/kT70Uz+R3vSG13vzTG93Z3r7d7w13S8DXiSe9k3yiCvIu1zemYar20Ij+oe7\\/cRlXf2Bfd3zLhh9WNpQKVOplZJ+FX2wRBOWVHUpSIJbVoCMEkYkTOOyukePHJVhuD\\/dp8pjGglLzEigS8O7AYcbkQEZ8cL0XadPpzOnTqajE0dkIMaEhyTYMgYwkbTVYHrUi0JI6P34aGt635AjEsp8PZbPwzVBrdLQ9gpEOt6dJOSdAi8AM4UkQaC+3FiF+hfhiaorBoA3kZkCYF+wPywhHyVD1t66VRpxOc2SqQKmunp0HyME9QF0gRL0p+tH7tEowMgrBAU6ojyBdsk+GXDHCIanEzU3KDPlsbvQmUWUwg6g5g9m8J2enadd6hB0yLWWNo7QHEi8mmMV5Rn5cl\\/cK1CVNmN2ViR+5oiY5eTxzNeGZ2GNJN0E\\/fHjLyfZEmoykiH4ntHGgVQLEBa1Rbxyrcc3DY4X8dnbPTo6LJnpyHPKYp97epJRXVkEPiXle\\/jwuOWcETQLl5YlikbSSn9ucd47X+LZRTJWC+a5aWgRESi4kyek5NW5mrx2Nf3Ob\\/9W+thjH05LC3Oinm7MpkbhE2lhfladtS7TMH5oJB2S8RoZosM2qrZ4yqMJPmt7Rh28fo3iGb1QtqAhyshd1JWc4bWItPIpULndBhXWRtUTN+6DmfCQg9k4ok9tdnEhzas8GwsLaWxgIL3pta9JI+ow9qsMY+OH0tiRiTSkDuiIOpd9UvDsjuqVnmEXEt9LuFsd1EHpHN5pcJ60SfIz3xBtFoY3PLLiU7+Ub3FpwQdp0pk9cuSw2nxM\\/zUUSwRj4NFXh8SnYY0M6eCGBKqulQ7oHrzlxQVUGvKXkd7QCPL0qWPpJ378g+mNb3xN6u1pT3\\/+6T9L\\/+r\\/+BfpuWeeTseU7zvf8R0KT0e4HhdA76HHWNeBg8YiKA0o54gi0LPpUIpVHWLQjfOIWNuQum5G\\/aI1NAEeHuaq4My\\/MRp44IEH00MPvcJD0+Pq9fOZPodVQgOeLurzq9V87GJcPRIy5U1mvqlKWhgXtrOelPU\\/PH7YaxPM6\\/F6uU9CpSEIaopA6GMdMrqwpMqFsiIManBMG23Q+NbjAD73dggLEkYYTIiGyuI2Vpj92wzvKR\\/ItBdGAprY4cFaCnOS5Qr6pSKSDhLCGOhaensmUUA9uHdvB3LfDhaxEqEJUEUubzWq8wr3neIdCJrTLgZCwJVfFeAfYD+H9eP+wFFvAc03AFGmamELFHpa0ZXd8gWDMDI6lPoH+tPyypJlniOv61pvMw0ND6a7zpx2WEQ53n6XX04DEvjOMF8ghLfUoeUHzEEAj0ilFJyqerIjMkR3q+eMAbh0\\/lz6nd\\/6l+mzUjLLUnBrwh6FPyFDdP7l59PVC2fT9NVLaX7qWlqamUwdGytpbLgvba0upUODfemR174ytW8sp3YpQ+iEbhXFHaN1tR\\/aKQ74FLx5UCq5IxfAiHzLR2TPTF5La3Oz6VXq9d8nnTKt8q3Nz3tNhGlbpm8xwBimHrVL1kzokI5Kl6CgD6mzydZbymC5FPoMMhlpRgwYgOuT150zbZ3jQF7x8CvSm9\\/yJsdpLiV38HxMhnRgoE+jgQ11csdozLn\\/oKv+mKZi1EgawS2VTzrq4Vc86Omhd7\\/7O\\/1m+kc\\/8tH0H\\/7g39tg\\/+G\\/\\/wN\\/\\/e2R17\\/W\\/CBWFeg8lB1GO0HIMlVk4hsAFyt1Gf+6P+Gbc9odWuaOwPL28pwqi2Mo2FHENBA9jNMnTnpd4JAsuBeJxWiUureEodzpdYs5vPnI288z09MWcEYRp9Rbufvue9JpjSIYyrqXLiULg8uV3jEUuDfOXWYC4AKD+Vme9sdgeLuo0D03uvzZENA7oT5Jm7dLUfZ+SSRP61CxjBjAHr61oOE3Q00aB0gFEd7PKls9c6gMBFwJ8ad75e1wO1duI1QSBQ5Wh3sC9bkjwN8Kj78NBWhcNPqQOXcMJBdeG5A8eOOB+Bb1ze16OnP3KRmCVQaRkjd8xFcrXl2UFh0H2sVu3LYcCWhDsTjNusVaGpKC+uEPvD\\/92A9+II3rfuH6lTR35aJ62hfTT\\/7ID6al65fTJz\\/8B+nTf\\/wf0mce+4\\/pcx\\/7o\\/TVP\\/9EevrLn0srM1fSo6+6P732\\/jNpffZa2liac5WXvNhefeUKB\\/hdkfudkQVmCDZVtnV1GscH+9PP\\/+TfSLOXz6Wnv\\/i59OVPfDx9VUbvic9+Oj39pS+kZ77yeHr2q19K1y+8lGYUZvLSy2l5+no6rtHQmEZD8NtirDZfFKvLoT\\/OaLr7rrv9mU46suieUXVcMYAEoLfuHjsoY9CGEeYof7V1uGNdgBzwBM\\/kVmQCCC2yJd14PH3ob\\/1kep1GO0zjfPxPP5n+4nOfT\\/fcdU96rUY17G76\\/Oc+J705an\\/0FHSTDqTSQbBB3g1a1A3lLGiStgc5EDRoLBKFmeUoC17o4I0\\/to31dHZ7UZhdReOjYy5Yv0YF9LgBr7pTON3Ts5+TpWe4xhvJTLvw9jPzexgRFCzWnrhhBMIM0HbcY2\\/vLO2oVtgCpUKaIWinJwKDFV73XsDJhsFvjjIcsxdCEOkExkFVYQhin3M9zwiDG8avQKGrARHE8PRzQNDKU3FphhCKiOOeI79a\\/N3ApYjbHYG06vQ6fRD+cCWErg5Z\\/Oxopz1gX4Ey7EXnzUEjJQehK8KWGIUXVRnDye\\/qHJmQko639WkX\\/rgMQAegfTMdPXpYshVrY1E1pCXMiTPC5DA8ppPIZyeO0KkiEi9Qra8z\\/72RetRmHrr\\/3vTut7013XPiWOqUMu3WKKVL\\/m94+IH0N37oB9I7H31devTh+9MjD96TXn3fmfTKe0+nR1\\/5YPqx7\\/+e9GM\\/8L7UubGUNpdmUldbjKYBKzrB5cuX09lzZz3Svr01FazBIDBVLKtgRfyaV9yffvlv\\/3T68fe\\/N7391Q+lR+49lR46NpaO93elkXbRO389PffE4+mlp76qUcW1dGy0T9fraUoGkfdBmLaj80rPnDqCf0NDgzIGd\\/ndqmF2S6r9njx+wltU621ZvXLqT8aaQzXZVHN84rCVvBqJ9UHsvmrzqAVAZ8E+5IB4h2WYfvSHP5gefODexHsjTFX9pw8\\/liYmJjxlR4eUDvWzTz\\/js+JYFyqjR9JhjYOOBnqxdIRbgYLuAorHcLMozj0qsd7WG7FmEIgPst1tamrKxmBGvRmUp3vGmXqUJnPr7PUtq+EeUWWkHcEwelS828A2MI8iUPwqsDNVPA+NZWiy7a0hBJFbe1bkVARhqw0UqD3nggBluOQ1BpSzRgoFIR+GM5\\/o0YT8i5Kn0iMPVzG2xLjmBWtGHkxbkSeGwlltA5xRsq3AUURumR7gmp0awH78dsqkJRwkbGvASMS0XDYS5L9DsjV\\/3\\/uyT7h5OneDOk0Hy4fgxKiWq04qN8hUyN\\/p0yd87AFdu9nZeTViKQjLITKdUn8f37aNnicKr5kmZA2FxUfo4XmzTBfwScK68onIZRkF5LlbbXBVvWnODe0E2zLqfkDt8V1vfXP6OfVQf\\/6nfzr9rR\\/\\/sfQ3f\\/SH0w9+\\/\\/vS2974SHrTG16Xzpw4mjZXl9QDXlOJYv3DZXZOyS+jchtutxvIgbaSkSklGdQ3vv7V6bve+Zb0A9\\/zrvTD7313+i++77vTT\\/7g+9JPffD96ad\\/9AfSz\\/3kjwl\\/NP2Dv\\/fz6Z\\/8g19KP\\/O3fjQN9\\/emeekpdoCxU2l+Hp3FXHxH6u3t9qgOpc38frfcjkyMm5f+MqLAbVJITTDNO6zRAeueGCu0QXyiM9o1c\\/zM9fv9Depv6\\/\\/P3n+GaZZc953gqfS+0pb3pquqvUM3fAMgQQAESdCIlMGQGkoiJXG0OyPNaGc1n7i7M\\/thPu6j1TzPjpFGMxxJI4AGFEECBEAADaABNNqifVe78iar0nu3\\/98\\/brzvzcw3szLLdUPkefPkjRs37ImIc054CerGurjnrjvjwfvvj0aFz3L4p598Ki5fHYwOKb8tDFGL7+zZtUvx18WUyn7Xzh0qe+qb4la7865pAcdVWFCsAZX6WQsyU4G2CDjy5Hqb6u5GsSIQElQDo4J7eIWuE1PtMEwkMRVJP7FI2kVBmCoyUcyGjn5VsB3bd3heoVzJEChM7DAmbyYsOwsTTJkYzlzCPLElk\\/4ht+mFYE5hgnjDjh2ZLNsiDfYlezM7GXiy4QT0gXhqnKxAYBOPb7ZSwVDYeZKaxo4WiLSflkaHnYIwJOIlcwWcx8LBSii5LbvAnCtkBXIk14DEvJm0dCgpLJDwslloWJnWmrBm6m8ClFO0PBaS5rKVdTWZKxOcXC3HtWG9RrU8DWV3ZfsEPg9LBZ3Xh2\\/fsc1aJ2Zv0FSdyA1ObV3thWFG6icMTqEVZSknAoQG3zg3DKaFUgJjzvEW6PaXajlDRsRDXUN5SSuMWIrKggxWmKDRLYjhyKeYIMcld3S0KR0smlBaFCITys3ym5JAHIm5ZSCNCCDO50\\/DWoobJY9IbyqUyy3l1T9Z5QPmUBjhOw0NnDBbL22d5ezsdWJ+sisO7tsTRw+p98OKo\\/sfiLuOn4jOtnYfvMkClHlp8LRTdnYzAsGcASMDhO3d340NHuFgzpOlxECitFD5JXV9bZ3RxkY+lQ3lNSYBk\\/0z4Qz9IA0IjfokPB544L5C61+MixfOx4+e\\/GHs7OmLM2+\\/HTMIdPnv6+uOXao\\/rLI8eviQBRb5ho8yZMe9yOluZGixBqzzKUGZvgDv2W5j4HoCOAgyKSK0qQC6mVjpao8FaTxTM1OxsEUEl3leREEopCWUqlxiTAVJEypDZJZJYy7PZk8CAPHoMjN0xESQVyq1tzliksx3a1ULTAyxD0D2qi007joOt2IYCYbf0EgiXTjEn8RTip3vns\\/Qk0ZKnqhwXF\\/IUlI0\\/Zlpbl5TQ6byyS1Suam5JRpUCRjeovfA6a2zEgiMR3pzi+zR7OjCp2Ephat8Ziy\\/rwSnQfY0tOwmCamUNj9xWIDdKw73cFYyNr2Sr+TKBCrMGasmx+F4FI6\\/3H7IeUj5TgIsPRMNSb6HC0WIQoTLE2WuB34qfskLecK+jPq3QcjhJEzpkK3CJD2Ek8LCXKTENn6XBcMSbdJG+\\/p7XGdGRsZ8Kik5kCMhmmO99+WY6vKTz83PcZFhzDCZyUku0KkhEAp31Gw0R3oJHN5G+DOKz6Uvc6pPhJvo2sABdtKsaJ\\/sdQBRuBBq0DHT10nlXwGpnajNqX3wdJ3Ud\\/CmAYFmJH8ZsSreANNKliDnL2XkWGyEFdlNyoPytyShVy\\/h19iCR2yVcNFCNGW1F8IxjywQ6qx6D13sV+jrtcCzAqtfyqbiIW7xh33bdvrEBYOKFkGA\\/7RnI9VdehwgQvjokcNx\\/Ngxlz1D7U888YRXdD1wx\\/GYHB2JCxfO2R0C\\/MD+fdElwcEwFkoxvJaJay4X8ymsSu\\/1QqoPmZLXD8tSQCWkN8Cl+VuUwCkRcXD4agwOXYnZhbmYU3dzTkJhdkkVXZnwyQ9oJ\\/LHfypyBmtNVEw9kzXvdV7Fg3RmQnklAShUH7ktRFP3UI8AwkFwwgN5zxN+GcpmejY+YltdabrpGXMDIak+7loMHzsmlF1JRI7EdFRBVDkWin0OPt5biPaBn9TIi8gqQLXBL8\\/lH21fwsSEqFDL3TnQDRZqSsPG3F4PVEIuDCvz9JcFXH+ZBBSt61Tnd+7c7jrDcdb0HiFLcoMiFB5Woj1QRymeedWzlfWUi6hGR9K1kbWAXkdaCVdvtxy1QI8appTrH631RqBcdzAjfLBJx2Yk+1sKxAHtCuOy6pXjzx8rjjIkxyh+zLewpDXRA\\/slj05wegK9I3puTPDPilm3SxntaG2JFtp7USb0DPDJKABDx329vR76gRtwlDgrIE0rtVfC9nJRmRmrOCIG\\/5EPfUi9Dim9EkZvnDwZb73xZuwa2B579+3znpBz5876JGnuzqDX1tLcGPv37o6d6i1wM5pXnSkNaVj+eqBEmMJI2q8X6qbRnOGRjeoGz03H2NxkXB6\\/GmcHz8c7l87EmxfejlfPvhnnxq\\/Em1fOxsmL78Sr59+O1y+8ExcnrsbY4rR7D2z6otdQLtcMUyoMruYcHh42ovVAZCp3BmdCnun6LUg7X0IgCOtVDg0QTN+5FYm5iCQUqgIBTcsHUikvHhZi6ZkZrrS2kkDAH8wfoEFzPozvgRhkNdRIahSFKroFYaTeAvsbOCkxrStPYZqZ65cYAQ2fXBdP\\/VXtVgPViiGIrIHxv+zWQegf37MbQ7YnDdm+5JZn0mCSuQxVN8S+USjCLJ5Apve7D6RneR6BWvmuPPkT3a9Fg5V5rIaR\\/B04eMBMnjK8fHkwlbXLPtWFT33msfjAB+8VvSdUX7j5L\\/nP9RXFhuFJjlTIY8cZ+G43qqsMddxz9z1x6OAhr1Bhv8\\/J10+6\\/RDWZoFwawH5o1d84fx5L\\/hgeWd1F+4tApIisvCAvxr9oYBEsvQs4wpgGTBnFylzzgc8gBGIo0cP+ygPhqcRzPTwZ6an4t677\\/aqIxRGDiM0yF9qzeGTntkNDX2ZK9ojhr+ohDEqwOay++++Mx770Ptje19H\\/LXPfTr++\\/\\/2\\/xUPqYwaVfbf\\/+5343\\/7V\\/8q9u7a5b1YBw4ciH\\/yj\\/9x\\/ON\\/8o\\/dG6DdEic8iNWW73\\/\\/+2NiQsJedYmha4btNg9VqqXeJqSQ3TJibg7qRkaHvV53RtIK5MahkbGRmJ6fkeQSoRQ43RrccYH2zDxSbTImpiZ8d6vvYBZRSQNMXfQvzNA6zdxzq9qEwr0q5nv58iVrPZwbT0HWhmRPeCmcVB88rFQ0LA9BSaomZg+hmeyjQYk4Ij7Chl5EBsKRT2+Ea5HkZ6MZjTMFLoTRCzHTnQRgIHnHNKsHZFGkSP9lzdxHSmkVMgNZDlVX9q1\\/pMVg96v9rAx3Y5BTtwaQZj1I+9pQTQ\\/ll4fITBcK9yZBTueq9Ppl3QQKlvu6lusqbNzlqnQJyD\\/XnKIYQA8aNIsOKiDCtojZ3HvvXbFtoN\\/1Z0GMZJ66TjlbaEj7V71jRQz1qRa4fqvugiyX5B1GMuUrGKWYqPGvTNv1QmakMCZW\\/UEhsFb+321welyEKZUoiMwTZGGXVjSqF9DR4TYMj6Cuz7F0Xu2dngOTxcwluCdkwA3D0ouxtbOzmHOQUGYkQ70yeAKjCUwkP\\/zA\\/fGf\\/vrn4x\\/9w38Qn\\/kUx4eLL+j7pUsX4\\/HHH\\/c+q23921ys3IsNPVlUcw9LURkdKZa9U4\\/o8ZH2JLTQyJ2xtaHyWXnVn1\\/pGcGji5\\/N+Z2MY2fcONRduHIpLg5djqGJkVDP2IEybISEbGgRtqZ7hicnxz2Gzkw+d8Fy7y44hEBRt4e7ZH35fUjDV0I5PmJBHHNqYSYuXiWOS3FJ8VwZljbO6gkVUt7QtRrInP5UoAikDHkCj3W8CAB2Svs+1QqyqUxdRQkI3KQJaZgkBE9MGDetLencJS4UYWwvrUJCqKUK5Kd8mnkWdsxt+GgMBVTZcp7N+KHy2Zag9EV2Vcgv+Zl8JyjMy9yvet0QeFxUHsFkSPYZHFPJmudqAYZtolfhA4Ne9SwXxkpY+a0cbMmcQ6ykE6FLGjBnzK70R+VeBn4lNYW9\\/Vbd4POGIAdbNRZAyFysTk9zSe2j3j1MFh+oz1rEm8brt\\/cPxPE7Dque1ev7pJj4lDW46ooPtNsWMQb8LI8FwA2KDvMMu3bv9OFzMBEmmYfUQyAttJzU9K8D5CnTCWbEXAhzZAi7lJ4U7rKwryuiNWAjYa3hhnRTbxiyYfiFYSDoiQeG4Zj0p6eT3Ljle2MY85X9\\/dxJXG8mzPB1Bg6hYzVQr3obrAgikpbW5uIE20UP2bVJoOzevj0O79sbd5045p3grFRiRdPJk6+rXIa8aZdlq7BRLv6nVw5P2LFjp3szDGETNj0wenwMaycFVx5SJpZDyapgZSaLSaMMJuavmiA+y3A\\/bpJN7vNUXG8IiKLu9NULcXb4clwcGwpxRxFCUgtsa4m2rvZo7myTQFC3a25GxGHlzZQl8aSeCINzEiiDY8NxSYz+svDKxFhcmR6P0YWpGFucictTo3F6+FJcGL8aF8evxHkJBgQEQoFuM9qO7z6VFKbr6t5GzlgdmUQKFoJDeePIaghKI2R\\/BGa0JwQEyB6GxvomfZOkx+2iEEqp75cPwcNfxuQ+hZMqERqcwvF3aRLFD8aVxg8TM2JSKZsTQM6MVDYEifwowuRGaP8y4hUbpSv\\/yDd2QDKnrizgbmsJYRhA1tj5b2Eg9yk+6FVEpKe\\/y481JrvFWjEUEWah4K8ypviTOQlTNT\\/SCgfzkdA87aUEih0aO9yEQDYnYUXgshQtZWk0bfSkgSeqFVA4oXLzS3aEwUZDntV8pDzl8NO748x04skf6S8geeV\\/eiav5Ft0l1ubeGa0S9WdhoXo3tqoujsZlwYvSzmaVriprm1RXSMNba0tce\\/dx2Pv3l41eBYqTKvXyk7gNFfVIGXrjjuORG\\/fVilYTC6npapJ4yOv6Zwihla5uOrQ4YOOf0qM6dLlK3KTyoM056FFvvOe8rIcK4kXQAuTQ3Z6yFwfI2NjcpKWiifH8qd0GMuebzoQdspvFdeOj7qNJk\\/9ph5w6itLSEUqL\\/dkFdbO7dvcSyMYnijf0HH79gGVW5frWdo0SM3juRRz4mUw\\/K2itb\\/IDwycRQTJyWL0crbbtm3iC+qZSGgwb8HwM\\/tKXnn11ejr75MQ6PKco4jutsZc6aLKCQWVocb+bQPyl+o5y2E9Lyr6KzRHQ9qcN+jgepBokeufEYfrQK7zy6FM3\\/VQaYOpDw4NxpCY+vTcdDRJMnJHbCOaEJMvEnccgsVW83Ex+5HRoRgdG7H2Mq5eA5Xp4tUrcUGNgwnooXH1GiSRryg88OrkaEzMT8XIpHoUfJPfqyNDxlGFN6ew2ebPoVEe91eyElQbdEEWd8\\/c8KnUKtRK1vEne7Q1X36hEk1CggknkV\\/uqdjpwps035Au6VmwW2+Lp2fBJBX+VIvQJHimGpFicrxOTUpRjr\\/46v+Vp51ktysxNWZDYVUZmhEkq+ygBiiKcsFjqr5lKPl3um2oWvu5PA7cpEZig78STaJ1+mWopH8l8KH4lspTPz1tZyw+Fu+es\\/HLcqgGU6LEMkOqwAYeRv0rWa0CJ395\\/qpQfXN6S\\/QtAw16954dqv9jcVX1fvDKoOsZ4fKDEdDj3LVze5w4cUe0tjWobFnZpnrp1W\\/Uqy0+G4kTUtnIls\\/VyUDZMrTAUO68FKU9e+VOaWJ4CgbkIStB9sEzMQqZ\\/LICyyB3lXLUN5Sx8+cvePKUYYxUPPqHk9okuLmQ49lIfEVeKm1QZcFeA7yxGQ1Fbs\\/u3W63lCELV\\/gG\\/7\\/rzhM+hj\\/5BTDxVe+iQU9XZ3R3dViAsPwThZhJZeoBow8cS7JjoE9lK8EujRzmjSBnGP3CxfO+zpSgvORdT0ZPGBZn2IjhKU6kZZVTqitMdEvNlGDxAhnFgVAA0v\\/akFO+Esp+ym1041ANuW5S0pMzh0bU5YGhcwCXG7LCRUflP12TkREJDlX+q0NDHj6iAJgw4zc2oR4BwkFhjamhcG3eoAQEhBoVYVgWN7cwK4bMWOVsjE9P2B2rmBAELAudV01U\\/0A\\/QY08JW1YX6E2qIJjpRPzGxQMDYdx2TTGOu84U+HKOXlR+OSLbh6Nkx4PTIUuIgWedjLLsYLOcxBoXkBe2QGxk00Kr2Iu\\/V8N5cxk82q3MBIFKtNa4VwfWEMsQzk5glXfa8TvyVj9Mj1uL6ys4koD5e90KlWUw21MF3Ht3r3H3X+GCc6eO5fmwxKFTCvUCOaqjt9xTIJhl+omd4hPmfbupVExZT5x5\\/Ho6e3S9xnX4Qw5T9Q7zuLhuBfuZEaBYRGEFz+szPd1koBJanYps5uXi7Icrntw+ng7yJrj2WR8aX5rwWc9QXkWrjD8snPXLtMH2tEjQ9FiUvfo0SMWxLJwHt3einBo1dsH+sXMU11DkHC6bboDY8F7Ow4d2B+dba2FFo9\\/+xa\\/YelxBNcBwOQpRxRXLvp\\/6ZWX48cv\\/NgbfBmmSgJXmSzy6lGJIh0ZNkGC5VB4hMdtHqppqGMyiTkBLsy4cOVynBMjH5bmzip\\/ujpoz4x1oeuxisfatTQVtHq2XLNxZmJKPQB6D1MT6gWMxRU1lIsK6yJhqUcA46abzHLW+mbO8ZiLWXWjmXGYUaHOSFDMwNRh8IknLwel1wKK73XKsHrodQprUcx8UdKcab20JE+MfE6CQQ0srzqiQD0sVfQK8uoOBAjjg4AndQQMW2GfMfunEBMzrKbsugtuBaRQi9AcB0+MNPj0fSW4UpWg4q4wLP96fUAYVJNKVIWB\\/yuiv37Iwr0EtYKGPhUaFZDearm+FqzlR8yg0jirDWQlwGA4YO3uu+6y+8uXL4vZsz+ACqo\\/MVM6pYzr9vX1xH333m2G5CMoYD4wHTmYEQOD0Rw9ekiMi\\/pb7SWg\\/GCinC9fuuy183kPzLAUM9rrjUGKJ4V\\/yT1nzvlJ7HAt+rw3INFP6XQRiTEXq3Og526fONtvpZD2ivZN+03Hgm+3dl5pO4V\\/BAKLTJgE9qnLemeyl81r+Twq7lvgBGfmB2xThEF4KJLpKIy08hEmz5P5pTfefDO+9vWve8LZvWylmzJEcZgVP+LdCoLTch2gZJCSnKWqocge\\/9bCNcCqChsqYOyMiV4cvBRX6AWIyZN4umEsi+ru6YmOTknN5laPNXoMTETgrtdxVdCxCQmV6Ul1lUbVk1BXWprNlaGrcVVdXJg5mnz6LXqYiA1vdJm4h5\\/egYeOVBiLNAYXhMC5xaB3MY6lBj2FDdzD2t4aje0teqprxyYUpQXHVG60\\/5m5aT0ldCwc6DlMx7SQTT6cGwLDZ4kqtzJ5R\\/KMejASdLZD4PmOBbQQKo0SoUx42amMaSzaCbthoHoQfuKLyrsLlfh4T9\\/KCDhNwrykUR+MvNlNYQbyczOQ4gFhTNV4Ha7DroZa+XYNoA6AuTL6vQiH\\/xmJYzkQpx8roLDfAOQ0uqcjY8pDFRKTKV4EZjg1wOHojzO5uIe4q7MjhlTPx0fH8ESKip5sohya5n333xsnThyXjeoTJ6QWwNp0hiaO33lH9PZJy12qfkvpTUer0EMgPYxHw+iGrg5ZeSsDMdZOcW3INGCF4OlTZ3wuWW8PN6ZtJpR3B1LZoaUDaaIdfY65zZ07d7hMGL1ggxr5Ya3\\/4UOHvKOZnj8AX4O+NosPtKsnwAojD+PIjqElX+bF\\/QQqo3zZl0vVtEu+URg59Zn7nDnJ1kPfDlsuFTfCguGil195xXau\\/wIejGZUR2LAlJ71AH9FEAl4KeiRoWJW\\/KRhLVweUBXoAVmKsuqHtfksCaWijKmSM9yDsKCSb+3p9rV2HepKcUZRWzs77eqtdU+gvSgClq0iGHjndqgJFRLzDN4BLELNiul7g5uEg8SxL6tJWUgaeCVbCgszac7oucxGSWX1DDhHqX1ru7uLdNU4oZQufDpiQ8JF0peuG7iwyNHYafLa47BKB+cYmeGrwBEQM2w8s5BQAZnZms4VTGXM5ekMTyUtz0dhl8Dpx3EJePN49AagMiS2QTDVNhL2xoO8JpRKaFNgOhRIinPDoGA9gVvG4lMVZHmdsKw8bNS\\/it3qmK4JhZdGaZBMEh45cthDqcNSfGoBQxqMGz\\/8voeir79XdWwmaYr6cVbYlHrUu3dti4OH9kihUfAQQ+B06w+BgKY5pl73wUMHzdwYMhocHLQ7wsl53AyVzBAEKIFXpAQeOnDQY98bravvOjjLyoPaKjRkiJjl7Rwkx8nMmMkL9OOiouNHj3odGFf7knMvJbXAYEJ52qvCECReYaTAOaqfYWS0fTX62KseBkNqS6YRNBcqbhTDzo7OdF+F6gAH16UeQAJOQ6CuUG7ZDkApZlgdpZjeQlpMgIuyq9VwbReCazpYH+qWxBTFQ9OySiduyWOi7EdgYmRKWj+Sr6Eh7frliOiWplYv34S4VHC+G8UwYb5IZ1cuGOgsF\\/NPmQmTWN841ChCN9fHXKMYc72QBKiSIp9dJ+EMBVB5sYdeaF2e0BEvblGPoFkChduq2EEKUesb5VY9CORCXnGCVkCvgeEg5FDeCQ3SjafyzNGLkKDiOIzUKJyIVZg0i5Sm3KgqkJ1lKL6XV7bUgtQzKHmVIZvLwQHL4sRdyQFGY3ZS\\/rgMVqS7BGv5WAUlhzVpUUDOe+3vK2Jz4oUiCLfdVddRVyfcKrDC6+0CCywhDIiTfu+5++5oU2+ZHvFKZQBg6IA2deTw\\/rjrzmNe8MAOeIYm5tSLHZUwQYs8fuxo9Evhglpku47VcfrVS0rA0C5dGvQ9yIzxj0+OxWUxcYZP8ZAotAlwMlPv4\\/Tp005j\\/0Cf6jannKJ5r87HewXY0ZtRjAd5YEVuTjRixGL37t2uawyvwewhJiMDaPf0xlgcY37FaAUCQW29Tryhd2uXh40A9jC0qHcATVFgEQzsL+CZwTTSHzyFi8J27dgZo0PDPqPKfJGo5Q7BwwonlAIKy9TVB048GBy8YkV8LSiSL1+p\\/uc5jzWh9PmabtcA2lzd4owY4\\/SsIpdAgOGZ2AhfNG3G45VoEZ\\/bxLimjTF4kN5E2tm7aHdswZ5RJfeOORqH7J0pBUkjYHVFE8NN6ro1qovW1NEWzZ3tUd\\/WGFuaVLPF5ElQyoo8muj5XUYYuKQ5En2GSWxJ5JErgzE6PBRjalizCK5ico6xPxoPw0ggQ1sIMzMvhUsj5XwRNpu556C0VruRfOdZfTd9yUzFrgppbiFB8lcCvSJgcALDWG\\/Ch3CMyZPdpyf+wRVhZ1jDHlv8gKYheTdizFRdDtl9BfnZnOKvhdlfLSjHstyF3kzPKlTCtFnxIRRkzntJypDcFi8VyBaJjpuDjbnHVULGp+uCu8K50YwDzRjDXgXKI\\/Wsubku7rzzDikn8\\/Ina9Gfua7R4XR8BcdhsCKJ72Y2gB7knbO3BiUQuDx\\/z57dHmq6ePmi06CWn56Fl2tBhcZ40b9z5845buY4GP5A691oWO8GmKFWEOVdPXzxIb7s28fu4P0+SRbGzF4E5g155zgKfHjSWGWCwPCQkuoZ9ykwP8ASVgQ9DcSX9OvJyQucx8ZppsylZvrBBuCX9KogJjuPe3t64rLKCQUTO6o3IxWszNy2Xb0L5yCRl0U4Z8+eqQiE\\/K0WVMtMrlY3hZsOdS1o\\/sqY13YrMqSeZ+lh7KpwPupBT+YUGBKaUrd3bHLCM+d0ORlXh5mSObTxSuIFaVWPiKxX6hqbxhAIXV1crpPuZW7f2hot7Y3RoEazVM8cgpCGxC9XUIUDLjH0MzMTc1PTMabGNDo0EuPDoxIU0u4Vzxalg70Cza2KRwKHw\\/kY4mIpLZvruKjY\\/IX0KGwLg2JcETC9XWlUfYo80PAzAy2saoLdr3SwnocNwxo1QNZOVpG2MuS0Z7CgKYQe+bbQXgdW+l8PNuTW6ZTbAhkZgeqZ8oSQv10v5HRsJu0Z8IK\\/jfpN7pZ8S9qRo4djYnI8hoavriopxDv3JNSpXu\\/btzMamjhccULlIUVE9Q7mTuZZgXL8+DEpXGmvDwlK9RCmhzY56OsxOcoCzf7ChQse2rW7VbFuHFi1dGDffjM2h7PB\\/L8XgKRCG8biGao5dPCg9xnMSjFljgU6wZ\\/YXNbc0BiMhDBHwF4nNuEhLBDOA\\/19PrEUJYReRAdLQ9VboI7CF\\/ep18G98GKBqp8oKatpxA2Rd911V5yXYjBOuRTAnA\\/DRX0DSSBIjaBGeLL59ZMnXQeAjZagz28rua5VXJlXXS\\/UcbYHM\\/NMWjFBzDDR1eHhmETjUeDsRSDZTBgjDBAMSDjcMV9Ab8HEVGLBMtBwEBRTLJljw4YCapIAYuNYwxY2kdV7\\/W57V1u0tMmuCY1eWVZ3mLw6awojMTQhQkcFys5BTn5EK\\/MF2lAG4SHET32L4mhriWaF3dgmYUB3EIHARyPuYAAIMJhjKq6M2S51OxEKzBmoMKgVtwKIdk1Y92MSmutAZnSgJ7Gg1TrgHK7v5LqAIBMWpqIs1oxqzQ83BkXs1wnZdxJnHFZ26NB+1+HXX39FGqF62tStAuvEQOokENjE1N7VFDt29cTE1Ijs01j08DDLtzlUjQviWT7Jyri5VD8L+jDceebsWTO2O+64w2f3ICBgahSl17FfR71EOWBynBVTbruZkWw+qHcFSC68BS18RnyJfQIM6zBiAW0QCCxFZfUUcwMwyryYhIloGDXm\\/fv2eQ7SB2+2tEQLG3FZwSh2wXf2L\\/SwUzzXGtOnWoMoA5Tm+x94wILprMqK77hgHnVBDrgoxz6UBoa7fvDUU3FBvQmf8svwoDc0EsNq4lMuaSVSMWy0rKyr6QBuVBgAdRzmxOUYbKCYnpvxpCvDLRwO1ShGyr0BrACaFgFZKpWGYMTMQblLy63Sci7W\\/fqsjiJhmQnNzqjQpmZjTpo8O\\/kQDrMyMz7KERncdZx27SXGy8omunCZgUF0V\\/qCIOl4X5WYzExWEwYFihsEWIN6BFtktyQ7lrOq\\/xALpYbqwkU+OJkUXm6ARIQ5FQDlQ9fSR20rLXZ+0yHFX3NYRnnzJDcEKNxkSPaFOfvVL70XH2pAJewVCB1lykQRiEpF3GthbVhJpfSe\\/uOn8Fcy1oJacZXNm4VMO9LhtORkOLzl4dZsWEXdSKiwCuzp7RajZnJ5KKalNJW\\/4dZlE+yJWYpHHrlPPeMmj2s3SjEaHRmPyYkZl3OTesh79u4UE9J7VkhSzL7akjQdUy\\/i4Yce8hlKnKLpTFSTvSEgHJgll2AhDOidoGhVYJPhvRuQhRdlBg9h4cs+9XTQoMfGOWJnyqMcHGUBMzZfEI+CZyFEGNdnIx4M\\/9gdx6yYQhdGEVrV6xOXssiHv9x5\\/Lh5cG5jiUCpvuAHe+YEXnrxRZnDQ1XW0fSNcmND2p7de+wexbaxuSWefvZ5pRFFVjxvEUSRrlHnBFaGhY6bfNtc8IVyYRVGT4T7mXhYxpVge2VsGcqurlvdnY6urVKr66Klpc2HMXX3dHs4B8YMccc5xEvSVV4cIRMn3JG8Y\\/tOuWW5mgSCKEgXCCIzJAED9RCSEk43jaOC6YFQgEwyT05MxZRwZmLacxjzMwvq1onITG4r06k7RUKZXFO8qsQIoEYx+yZp\\/Q0SPNix6siTRGqATLTR\\/HzGR0aIR\\/EiAIqMp0ZtqlhiQ0sJ6ELQCJmoFtq9upHEg5BEON4SKJXrZiFV0hqwhv1aFaQMKcwbSNQqSDR+N6BMHxc5BlmtT4GNQKqnaNqcbHn0jqOuI8uBfKfeAEyXeYRjdxySV4ZY5zzWPTw8ZJe0mUceeSi6tnboW1qVsiU4n0s99+kp98QZp\\/7ABz4YW7dujYveP7CQ6vNGQU6VarXRuXjzzTd9vzB5yJjdvJeB5OUSpffECAE7w7kik4MEJ8fFq8Sg6R2g5B48eNB0ysolzHVCfIjl5dgxHNSk9sBCFM5BSsd3AFAqfH+82UWBOfLcjgjnxRdfiG9\\/+9tx5OiR2LV3Nx+9GAfBvXPHTm9IQ51kOf1F9e6GhkasPDsseosbJLrzXsSfofxaEQL+pfQ6zZsAhcHYvZiuegOdPVuju7\\/Pt4ihMdK1YpxzbHjUcwFEQveL24i44Ka3py\\/a2zply5c6CwCUDTn1c9FrChW+zPQMpqdmYmpy2s8ZnpN6H5\\/0kBIrm+ideNeyGocvjoCMyiAEVkqVRvUkWoStTdGAUBBuaVb3rkENTrjEsFCT0iEqWDRISMDYGYpqkr+6RrqOCs5CwUmz0PAyK5nrEQQIAPVOtoj5Z6xTr6OOJ8NGCiAR3sRL5oICBtQDCoFG5kjy18Ls99qQXeI\\/F2TxqEC18WbXMJ21w1wbqv4T6Km0VXODppG\\/JUhvKXGpudRAEp6xZJ9TmdFgdxiWu709oJyS3yLKbC4jZVg1r\\/ympx4wdy6B4phqLs6xbS7jkluoyVr3hx66X4xHTEf+GONmlzDFSQ\\/50KF9ceTIAdUtNRh9p66x0ogJaNoITOTw4SNG\\/NGmXF6OL+PakDdNsQiEeYiuri7bV4TBexxM+6K9AdAFgcCOYmiLpj9JD2FiPIauDMZAf38cPnTQQjvV15TXCSmi3IcNzXtFAy4s5TwzVowx7JRHEUCPPBTmXIfzSieURyaHH3\\/8O1KgO1V+h8VDGj3\\/kE6CHo3du3eId4i3qG7Mi+E8+xw9CY7WkTsnKYe6MfDqyQJMj8JM\\/SKl5kkyl79h9rcCzVPXgLpJSTG6j+PSQugoccz1iDQX5gnIlO9WHhqORRF\\/SUQUp6auWjKyIWdyYtI9AHBmZl7Eno3pWSYv0aZpINKa5M04L4GhnsCC3HmZqyr01GSahyDumZiPaTUGLuFhcg3GLR9GmHadGDtDQfWt0py6VHhdbdHU0eJ5ghaZW7vb0xggK5aKHzukGyVIvEdBuLBFmgECgbCRVOx8pneheJvVnW9tb4l2hdHS2e7uI8NPCJotTK6rchRlmP4VdHUlpQByIVBodpiMmG1lVKoKTN1BPqtK6JkxO+bo7QpvKfwkwFKI+0LD8FK8nCBBdoofT\\/jTa6PHpsJzA9F3PRyG178XTMXaLHZGxUkaeOKQmIpoFK3sU3gZ+V5Gl5szZP0oYf6sfyk\\/8ivkg3uVDidBRdiuU4HLUKVPFcp+\\/bVQBgxEq58bSfFzXo36WDKn9OM+2adVecofZsXR2MQxxgw9FIJUdMSPGbsfyqfcHzy4L44fP+ohpEVp6ufOnvWeH1y3tTXGgw\\/cFX29XepNs9kNhr\\/k4VbOG1JU3nfz8MPvi8aGZmu+LAfP8TmDOW81gHFzyp5xbuoDwyYbpe27CkUS\\/VB9hJ6J\\/mnpeHdXp4SytHD1GCbgXWMj4kdzcfTIIR95nQ7qkycWrKg8mPtE4e2SEGkRf4BwCIf+3l49E1MlMpe5I4WwCROZ+VgXV8UXv\\/EX3\\/Qoyh2H7\\/BIAjxmSfjKqy\\/HHcfviLvvuVO8R3VGAuDV196JP\\/yjP5WAaPLcgjfiCj0PlHK3LqR6RJ9TPyXM9ZZs6ZnqsMx691PfKVu7W4m415PvZfQ3Kny+qGFGTH5Mmshl7i1Q14beAeNzM7MSFiI2bQn3XDjBhTKXLl32RhnPprMeWIVAODAamIqiIWqyIjtyUzz1DpqwUFhPGpKvvxRRvUxUldUg555QFuHoIsJkVCweKmpWJeAgvmYJBC7GaIeJd0j7glmp8KkEtE9fT6ceBNRjLoGhJe+GNnNQ3GL0xAcywdTYLAGj8Jhk4kx03HmMXXlPvQv5KZ7GEuCmMBXPwr1RRVExpwIgLyuBECnoWpCYL\\/SQz0pcy9NgqHxbDlU\\/GWr4BeRsmUteajrlw1oIuJTXgLX83FpYLxbTPhlLtKrtI9Xg0jfXZWB5jh2OkDJFEz127LCPYmaVm88mYmGEgCNdBgZ648Sdd6i3Uaf6Puc6wjj\\/G2+8ZcGOhn\\/kyJH48Ic\\/bPt0jtLGIAksdtA2+nwkhAP4kwiQ1IqOsH+gv1B6xL\\/Y8CU+wdr\\/Y0zCb+0k45WiobTIMUPR27dt8\\/4DRgY6xDvYW5IXxohMCXjWKlYlgGGic+fPScgf8sZYypnl+TPig+3qMXz84z8VPT0D4mnNcebs+fjiH\\/5xnDl3UZ5R4thHAY9KaQI3A05KkchK8vSecT1Y72sdzBZml9bU6o9KIm2fcThm5WH+rPWd9rj\\/pMf9J8cn1SW7GkPebclqB3mE+RYJSdpQqmjYufAUJlZIuJSkKvLjGAsmfRAIjNWj2aPVM\\/zD8NGcGgcbS2hEMHp2K1sISCAwkcPS0jTOLymdcyx3EJ2ssRIAIdLICiSGnEAxf5CjL5rbWyVYWm1uKhBBQ7jN6pL6kPNCiJgZ61W5LPGAxBqMfLcA5ANPmDeP5cycZy3AthJuTVjpb3U4t6+ZpzKsIlA210rdSkh15HZBNWWrwbRPxmtCEgel0OD4htUhpFrOyiMOx9seh48cUH3fUpwIMJaGZBUUF+TfcexI9A30xPj4kOs9Q0Uvv\\/ySFTRqHvN7jP\\/D4NEuNwp2qaSx8ubEiRNmpj+5kOYZwb179qotsZQ3rSAinxxjsf\\/APmc6l2lmvvxj8Qo3pKHYMdeAAOECmwS0T5iVjYWn0lMAzzx16p3Yt2+fl6oiYAifUxpeeu2V+PBHH1O69sfSgviF8E++\\/OV49rnn3S697Frhp546JVqOZB2ggugPWOW6sL9RqGNVELvtWmGqqngNklxpKZTiWFC0wvlpSb3JuZiemIvJsZmYGJ2KGdb+F8NHzhQMzsy+lFTSXwiJxASXsym+uIstN2hCdNtoJHS7vOyrToJpi4SAnlukMXmlkNzQNWNuwD0Kur0yE5hPTrXAUNPTO0+I77gkcOqZkGb1FEfbChtkrvNEdUu0tLclASE39S1sltuip9LTqp5IB4JDlcUyM+WP\\/BaG9ARKxrWg4m8ZpERmOi6Dwq6MZcjvq9wU9huBikZhLxv3dyOQY8npL0O2W5afn1DItE1Phihn1dbq4+67j8WuXdvVOx+PkZFRfU\\/aO82hu6dTDK0vpmdG1fOesv833ngjzTeojc1LeFRopPcN00dJwC1nLNG7qAWbCu9dBOZDOL+ICdujR45akaSXwPA3yh87u9OSWtG18OML+\\/VkQ2pXW4dPo4WHsKSXw+0IYyMAjXDLfiqW7Iti5ldXR4bjxVde9plwD73vYblhRIDToMfiW49\\/28PjyG+5th8riIV5I5CqUs5Ngly\\/Nl1k1LUaWMeQEBMp3q4tQcDF8ubb4qhSyMX46SksqXfADP5sTI0JJ+djXnaIO9HBYOVIzNgikNSBKypXijT7SJCEhBi9KAV6QlfMnzueF+tYma24JBQQEq0qOIaF2rjIwl27LR6LQ9ggsTMaHA\\/ESlocFYNVSi3qUbRI+DEk1MJehfaETQgIJp6loYFbmlQ5SEuz3oX0KHyLnCpCJU\\/OXxGH7NZqSNiSz4pGUMIMy\\/2W7ItnyWoV2G\\/JYXpdx8MacD1+rhuuEVXO021M0S0F6n7RSMQolqTh74z3ve8hL6\\/mgDxW\\/uTa2tRYH93d7dHVyW5besWLPq6CS9xTTyIxAZ6boU9meChuqf38ZILbjn4XLpw3Qz946ADswT0E7ifYvWt3vP+RR6JNwoKj7isgNwxrL8zOxv7du+Pg\\/v3iJZ2xW72t9i72gRRhU\\/dqQSJ74lPiJ\\/ROoCPWZ86cie8+8T2ffPvzv\\/ALHl1YFN+anZ+KH3z\\/8RgY6I6mZi7LkWsFb2EA75O5PFG8IXA9AvKTMFeGwfsmwxXUccH80vxiNNc3qRcwGzMTMP3pmBqdjln1ChZnVIHm6CUsxpwEwYIEwYLeFzmmFOarymXGWCATO95AJoSwTruQrq03wCAiC+BTi7RydnxyQxFjeRQ0Gj\\/I6aYgzJnrPLdKindu3Srs8ng\\/sjUNIzE5kwQDiLaVutMJIZjnKGTmsCm0I3pGTDZ7D4PCZziJVUiVIzTUeOiFOM0yk7YmVjkxuQz9ya9zkfJDvrDJQ2XLQGnKFc3jhnoWnm8d3Orw\\/wquAdV6XgErD4lxoTkeO3Yk7jxxLK5cGYypiQm3FVwwz8CdzHfddUx4XO6Zo5uOl15+0Udfp9725gs4z0EMDV2Nl196yczsesJ5LwAXdL3++muxf\\/++2CeGzjwMd1fDd44eOeL7Cxiea5SWngEe4NVE4jn333tP7N65w3ykq6fHbVytvnC5BhSkMsmEo+rZsZT+pHpvzz\\/\\/vDfH\\/fqvfz7e\\/\\/5HFBcrJmfiuReeim8\\/\\/rU4fvygeB28qFCAMSFQNlOWhSKQ61G1julZfEthrcSNQ90wRz+IwTfOq3KMqzcwPBNLY2LqY2LoE0rwFLgQW2ZE7NkZuZ2OpTlJiYU0ZJSGiahYyAfeYXgIAz3pYqibTMEgB7ycS6LcM\\/6YlVjG\\/7skpRnDYzMcWoy7LpL87DlolCZfb+bdko7dVmEySUwHQLGZEAgGKjCS4Q8AAP\\/0SURBVDsnr6JBEQYMn54PZs\\/+q\\/JDOCoF9OQANY7S9n4D2bmHomRx3SYuOcqjTvmR62jQNy709jyE0p\\/LhXwTJuD\\/8lOZpCsVUC4ShAiQNbwqZBcbBdKwMoxNwFrRyd71yQ54wYxdUWmLd+iUzSshfUq\\/mwsKz+lI4d8+yHHxTPGnFGTBj4XKwmuYQcplOaZecYH6Tg2DcXVICXr0\\/Q9HT09XSZMljkVfx8imqkcfvV+MZrsXWpw5dy7OF8tU1Sr1JN7kpyJN\\/F4bKEP3KvR8SQLBq0rcLt7jUMkTBrVJJTmPbLzvoYd8XzLtl2\\/b+vvjzjuPeS4GzkD75YtBBuYjO9pb4+47j0czbhRY7mmlNgU9eFZ8lUB2prlQbllU89rrJ+PixUvx8cc+Fr\\/xn\\/y6J\\/wbxFMYSXj9tdfim9\\/6RgzskMBpmFJcjBJQd5J\\/80jXo3UKrQQ5ZSkd+U1+9WAILfMEalgVCJu5ohKK90Ebcr0cRa+JySlFVB8t9S3RuLAlFibEVCekdfs5F3Pjs7EwJZRAQArPqUs0L22FbpdUFSisOMEibrR1VXaW1MGcWStM8ryEUt8csSycdqdbDJcxTSZxrbnDdNlG3hxb+3olvbfazByAC05+TFI9qdAEYY1JYXOkBRvo6AnkC\\/e53IdjORAQ7jIrjSy5IwyEDhPY9BI8VFWES5jp3l65kXsLCn1w0yGvBGLAZYGkjXTw3W42BslP8bIeOIokCIxY6blZcHyV9K8Gf3Wakrv0zOnM72vnsezuZkE13myu2t1KSORNcaS4qpjjXp4Gl4rQNUWQ3stOqEWUXqq7i9Ju98QD998XXJZjkFvC5H4ChpN27hyIn\\/3sJ92r4MbCt95+S74SDarAS8a1AaYBFbvUy96+fbvH23+iwEKPHCxZmH7605+Oe++5xzyHtoqQ2LFjexy746gYsspA9j7ETsXgtiLv8Kbt2\\/okZHfLDyMLQodYlJMRt5RdATbyDyzKVu7Yy3Hh\\/AVvFvz0pz4VO9TjSKcvh3p9l+IHP3hC4c\\/Fzt0D8jBLDI4joZRY8UdeXBdSZdsA5HQISavo4VQpUsrX4M\\/6aERpzuYCEQY2Jh6XEahjk1lbk7TvFmnfja3RVN+Y9giAHhYSz59b8HJSmDurj7xiSIRdgtnT7ZHQYRIaDL1jP+fdx+CMj6dFg8c\\/YbGzMO1iZnPORMxIwFAsaP5eKaQnG8m4d6G5hTOO0OrVBZObdPcyxFR4MHaFAdO2cJI96eK8pIyNyg8X6edL9X2XMhVIBEyT2LKHmNQfhc0OUhofYfvYbJ4Sbul+haLnUxDPUKo419uV\\/yv4jw1q1IGKlcWB\\/1Nz2IW\\/e+fOaGfJoyzS17poUZtk9QvDEo+87xHVrQXfZf76yde9su96gXaHcsSlPW+\\/847b5U8MQEMhPW2URy7Ohz8AMNvhoSs+BJALbSqOhRXSC7gvgeWonE+Uvq96XAPEPFVQI6MjwcF6H\\/zAB+IjH\\/5QtLa1iCel059Jy+Pf\\/macOvVW7N69M40qiE+kElcIiohTIHq6t+pFPEe8FX+bBgVnIa\\/wUi+UsMlFGTcHdRyWpYcqSnh9crM0apZ\\/ZvAwhyqjao5n560xo+3PJ6YOI87dMqO+Yw9jTkM4CA\\/cJQEA0RLzhrEiEKZcwec91JOYNMu\\/mCyaXxQjliBgYxirgdSB8WYOM2n1UBZmxaQlZEgTy2YZH6R3QPqM9F5Ii4QQbt3DQbCRF5i7vpmA7m4KZAQscOQGtz7i20QG8lP5xI9fU86LEDYE1gY24wFQXGVhg6n6dv1wswWYe1JZU\\/krqAllbZA24DmF4j0Dikr31u5gjo\\/2+MEPftDK2GuvvhanT50uXF1fHaBNd3f3xDtvv+1L+yuw2Tr5LgLKG8vhy8OwTCbfd++93nGcs1LOEvyH5ercY8HIAHW\\/UhY81sq\\/o+CfsNCwGRZ\\/9NH3xcc\\/8ZiHvZlDhHfhhn1ZP\\/rRkzGwrSc6upoVB70URjjgq\\/REFqKzqzMGBvrt3j0HNO9rgdJaqTpKu5XySvst5WMFkMeVuFZe1dOoE1PmCk3h1LQVXnsQEFnSiGUnzMMnpoksafxmqhYAxVNEJ6EIANiCJR8B6IFwYG8DZ47YrfcmJAmJn0S0Ld7kwSYRzzeI0D5kTwIBxo0w4AY2hoYYxppV74O4fCgeQ0UIM1USwiZc9k+Mqms8MjycNuAhpBSXexiOVz0PCSkaG\\/nlm+9elgBBSPHuuRF9S3Mkygv5XwarLG4c1ggylUlC03UDsKrsV3irhOd6skZNuR4giaKXw85QBF9UMUMl\\/lsGNzvsnPhNhAttlelK2+LnfFdDSUMHMugf3zgYjZMDON30537usz5iefDyZY\\/\\/064QvPjZCJTpi5l2z76GV1991W0wp81zaRsM810FZYch4ETDhJzDBnPOi0ywy89sxg\\/CIOcX+xxepSDWBBzAuDlKO+IXPvfzLiNGF\\/jGT4H6UD3Ke8eOAbmDtomHqoRTWhQGQ4Rd7qXArgoe6fDXBqXY4QOT01PePIzwIUz2cTlPuBHk\\/IGbASU3baHmKAoOhGJOYU4ai8fXGxlSYallozLdYEzrpVOXVzkxU\\/XmNfkFF8SoYfa5U2wBokQ50\\/KSTx1sVJeJ4RzWRKcjbNHe53xuELuDKVgEAe90naH59NRk2jktwcVRs9ydyrwB57zwDnF4z0zf13tKCHBkt93LL0zeQksIIUmbu11yz9kybL7jOA9WD8zP0p0mJwlTmVGJlBFo4MaT8nfTYd0g1684ZbgFKfsJhJtNBcK7sV6Q24bqTa47uURpWzAYNM4eblFTQz9z9rTP5PnlX\\/xc7JEW\\/OrLL\\/vYmCa1DXxvpP6tdMP7\\/v37vb8BweCFFxuvVu8+XDvLtwygHVcI71JZeHWS3j2VqifLTp\\/80Q\\/ijqN3yE2rHCO4zTjgIAU\\/jGhtbRYfTAKd86o2kyHYDwcecieNrwSGjxXf1gPSfa26Usfae5Z8tirxll2KAIbNGB3DRzBnPxszNgdH93KWSoOEAwJzfkaaNDevSatG82b+gVQzbpYzmnciNzRLILRK2LQ2RH2biCnFXyza273JGIKIy3Oam1ujni4Wo1WzElhTczE9LmEwNhMz47Mxw16IGQkzfZudoieg77KbnpKAgPEz\\/q9w0xkmJEBJklBiHsBzD5b0SSDwQ5Pl+A3jDGFJgEypJ1Kcu1S3RIPhSG5yU8qbs5fyWNE2rgnZXeou8vTuRdBvhVmYQk6Qw0\\/PKuYwQFeNwlPWjiCBv8oeJFzeV4L92lA8gaIyp+cGoOScUIzYiXC2K+xrAWndOA0zVGJZjTnDzg+4HPyJZwkTrHirpGllOIXao8+UAZPEnsQrSpHfashhV9E9g8Lsp+rp\\/MJsNDWx+aktzp8\\/Y+b\\/4AP3x6OPvC+GrlyJ06feUS9Yipt8OU1r5LEWZJ7A\\/QooTidPnpR\\/xb0x7+8NgFwVqNIyYyqPa6PdVypmCSuQ6SrXEEho4SkjCjJ1IIeEJB+8ejV+9MwPo6tHJbOFXdPMKSzYRTKrl6LwW1s5u4q45qRYqh4VxE91Zjkmv3xJdQtlgR3ZzHdKf1AYqYfAs1YZriUIys3D1UdQxzh9OkguJPF2xZ7ifgR277H6hwko7ivdtXNX9Pf1+1Lp3u7e2D6wLfp6+z0Z7fkEhmAYpxczJR9uKEVvgsi2qGdAj6O5vTmauoRbm6K5S4JF741IUlX+RegsgTAlpjw2MRVjo+Ni\\/mln9PjIVEwOTcTo5dEYuTTindMzUwuKD6EgZj7NmCITwKHexozvnuXCEvLARHU6o6jJy\\/vcs1DvgZNNGfejYBeVSA7Z4+J9pky4tAJhwOQ4bZzlqGxHZBu6ZKaAHAK54AqKlsBFWDA5MHXrMNM7YfxPEdFzwiXBC1lNloWB3xlyAWFKRCNIZQuRCZ+wFAZPuePddvjFld9TOhC4xkq6kl\\/C1n8\\/80Y7fFeWDwvNtFQRy5DjymjCKAzSkpJIRU6hld9JpxMncP3ATwlSOhImh7W+p3TjxOio1WyccT0hq2LL35NZ7qGR6SQzYQkr5uTViU0NKDUwyiwBddot0L1KP4PVaZjIG5Eq72miDUuHW2mM+eEwq5ji4cWpMFI3WaY40N8ToyNXxEQWo1X192OPfTQO7N8XP3ziezEs5mPf8uI88s\\/h1QYzBpdhogVDLAcOHvRqmXk1HIdRQKJtwvc2OOPL0GWhdG8IV\\/hNWIaCXgVSwhwqmFzqXTT1NzkbVU\\/r2eef9XlKdY1jojcri2gLTOSLl6r8KGLaVWOj6u+WcdVF3MAnCUMfMxYxOJYiraycojxYYDDpuzf0RzWUG3qVrkJ6JjN1NWGGcnn6NAeeK7BudHzUt58xZLR77544cOiA7wjlNqWmhkYLAzR29gBwhgpnsYOMf7EKyBMqCpxJXcbwYbBKhhJF17eK6cA6xu\\/qpP1LyLSqt8Fu4U71Bjpa1XNodk6YyEXDH58Y93yDV\\/ioABiaSste2aQz656I5yBAMsqvyBVDROPj3EY144nqnGbywBAVNDJhzdlp3IloDHV5fsHI\\/IF6IcU7YEar8DNTIKBEdJdKougthJTHTUQCXcrOyXdhrAXVb9VKlODGM5bTTVmtDP1dBxK0RqJqk\\/tGcqAALSyoewQuehTVySBmQIPPgpi5NFa4wUSoj9v6++JnfvqnYnhoKF599ZUKXTcL+GMUYMf27T4Sg8tcrGX+JEIuv4y3ARAASRig8OpFvO\\/ylcF49rlnorOr3UXruVTKV5+T2EhKAgpGc0ujeSLFl3EtyJ8sNPQzTxLvYjSFwFHyUHydDAuT2rBMQGTBk7GAuquqWJcuX47BwcturKzdxxMag08XTaqXVwLBYLFHu0aA4I5K1Q3D7eoyk\\/f6\\/8ZG9yxg\\/B56kpl5gHz4nCd26ul9pFNF2THsw+wkEIgTDZ+hG7QZhplQarxmWNo78wKgKOJxf2ul0vgkdiyMvNdARFtYWHIaiYfz0tm8gvDiiA7S4uWm+ob7rPnSSFh9VBEKCBuFkSefk6autLh4VwOFdUuhCH6jTGBVevS6nt+iqghWuql+2SiU41kZ59opuF5YEX7NPK4TK582kyi73TxNVsGKxmguI8yN1u1RbYiTOKdnpqy4UFdZZ8\\/Q0enTp5evEtokQCdGA2gDHL3gnttPIpDsMt4MqFm8oj9lpCd3GqTNYWjtdTE7Mx\\/fe+KJOH3mnejp7ZJuK75V8KJUzjIVYVK8KNosPUWZpMe6XrvMmcr1Ip0oveDwqQ+YzceK8DdGBNxkrEJdnkTlxEWO4h0eHjYy0YSWzaTs1My0n9ixb2B0lC3bk9bUYdg7du5Ur2KvL80hk2TOGdQflZilXggDrBAo82K0fhFAK3oQMFmYMIzXKEaPHeGTWXof3kVMg4GACkei0WZQnn04H0vOWptavKOZ3gCIfxDhhFBIcxScX1\\/n+QSWr3miGeEHKG3p0v70RPiApIfVHRUpew2o0gGtD02BEGprYembnCr87M9+y1CK1t\\/J9zVArtYO712ElC7ysTy\\/NzONOaxUXqKvGh8NiDFY7Mrx3cx4rxdIm1JUvAmo77LrV6\\/g5GsnK+nm+BWOv96+Y7vb6nqQ81hB2k7pnZ4zO6LPnz9vRS+D62OBfymhKIZMJ945mYFh8AgW2jAp3Cx61ot\\/zsbX\\/vwb8dWvfiU6OlqiVwKB+Ua8QT5oCH9BkeVpfia+RJ10HOUyrwGEg1acXdFmAIQKYcBbzEOJR2bweqEOjZyGwpZurrekUpgIZoZp9++Megctrc1eYsWR05hJDENIDC1RoTq4sUjMmzxWtGuFw1kh9BpIIxlZUJiefJa2D0P3xrWp6ZgVskIJojuTyjNLP2etoSMoVBh80oc6mX1pP2nHHmaNEKHXMsekeL1XMSGcsvQlj\\/QMGDZiM57TpLAQBswdkG+GvRgbzkeBF\\/8cP8IvDTElu1woGwFXqA3Cei7VPJNBjjCtclt8Xg8qFXxdKAeEW6rstfxsEhzcjYea62o214Jl9oURu5UML7tzmJso31sBOQ0sp6YH\\/uMXn\\/e4cWr0YklSsO677\\/4Y2Lat8LE5yHmnzT744IO+BnQZnf5SAXWghCJDrhWuH+IHqi0xIqX57dNn4vWTb8TzP34xvv4X345\\/\\/8U\\/iH\\/xP\\/z\\/4t\\/8uy\\/E2OiIlOMBKcAco515SAL4FxdR1UmgJAU1C4Qc09qAC+oB7T+NZjBsNJ+EgOKBL7FiqRphDjfjxqGOoZmZOS6qnrG2nBl9qzRsdlHCDJmIZSLrxIljceTwoTh08GDlUKkD+\\/e7Us2qF0HvwcMrqlhmnkoL1wpCIPKBHd9ZNjo\\/I+Yv5j01OhVjV9UbGRkPrtRMK5XSkA\\/MnPd59xiKhm\\/CSgDIiMBCgwdJJ5vVuD6PPHlYywJG6aCAVbAuCCQt6ZDwmCuWy\\/Jkb0QaGmK4KG0pdwPRH70az1voG1auJDcAq4qpVnCKZy3I\\/ld6K48+rA3rOeJbRkAxFGembCjoTYBJqEArQk6wMj\\/rQ3btQDYAicFSptSlmwXrhnRD0ZCv1I4YZr10+VJcvHQxVOP1hd7sks\\/hb5GCs3kgYSlxoooVuuPHj1thKqz\\/8oB6YRWkIumZ66Tbv4wM0bzy+uvxhS\\/+fvyb\\/+PfxP\\/3X\\/wP8f\\/55\\/88\\/sf\\/+X+JP\\/yjP44f\\/PCHce7C6ejf1hvbtvWVmHMKk2BQbheodxIu8EsU0nLdXwtwkVdoEibvVqzFixAqCAXSl3ocxFkLUzrKYBs1wpVYly7GT5u9YOiTk+NirDNimpyMKAfqITHMMtA\\/4DXQhw8djiPCg9Iodu\\/aGdu3DcSSGCjSMZ82mI6SYMxdWFTqNBehP5i73NAbQQBMT4jZTnLfAvsJuJ0tzREscN0fTJ5dxmL8CIPGusa0ZldMSkGKKOrBzIvxs2R1gafCYHiLoa3xyfDdzSwdVTiJGRBe2qeQJ6tJ+6LSvYRQEGFh\\/jyVgUQ00ixaOE22xzI9rhugT\\/FwXUyvFfA7tQjmpbekLSZXmenzIBmmdQlYjWC\\/gryRsBY4TJ42l7Xh7Mm5T+jxUswbARoDQBiECyYzufF7MaHq0PWJdDqtvPOlSP\\/6kN3wxHMKO+WlSq8bgVphZLvKU7\\/yqrAy5PxsFAhzZZwuJf2x6u\\/1kydjWm0TocCPb7XSuDHAH6vH2BVN75kJyvTlLztQM40iEbXp1JnT8eU\\/\\/XJcGboSvf39MT4+EZcHr6QNsuINWxrFm1oX4sDhXR5BSUC5obgqJFUMhAFIeF7daAZebitrlyMTyBbWpfKh3MW\\/5Uv1wLxaYfHdbVdYWriwiunLrTc1yoNRYYmjyqT6wHlD6Ywh9RTETLlD+eqVKzE5Nm6H\\/T19Pkp2164d0d2zNfr7ejyL7gokIHBuHjp27A6vTkJ4MGTDsdMWNNLA6X2ke3thLPq22BALM0sWAlvmFMaiEies17cGruhh\\/8GSeh3TTOouRcNifTTKDiJ61VNLiyeU2a3Ms16ZbFA6WN9ENmen0w1vIHMf5OnKFeVr8GpMjE7G0qyIOLMYs+OzMTs2HQtKx\\/y0mP2sCKtHg+Jqqm8WbZPgmWOvg3o08+rRlBljbsBZ89xw4yy5K4rPYHMlHJ62qHy\\/Nshl8prqBUbIXk3yMlgvvSu\\/bThvKyDlB4VgA\\/TZRBQElZn\\/co\\/LA8nCrlbcKW013K+yKwwlyFabKZ1rQhFUOU2q2lIql+LOu47H6bOn44kffj\\/mWCYuJu5yzTzlZkCtjP5HD5mI8KbiaTsxT0nLC2fPxf\\/+v\\/7vMTY8HseOHI\\/dO3fH\\/ffdHx1t7WIUMHnxjvnJOHZ8v3jgPtnXiw+x2AVaCkVTynNqGv4hK4XbJf7JxjRHYxEh9+sAIxtcYEbdZPRikCsLFD57tZTKmJoaj8Ym0p3Lb61yTPly3vRLO93T3IORDoD3DaDVy0GjuiVefaMnNxF1tLOstNUTwkwoT01OFkMx0sSnpj0ZTYYRAtwexFATftBmGKtndRER0U1KQMSJ4DAINP+0ZFUMXfYZJTJs51UVyjg9DRLuBizfICuSaC2Q0xs71K1iGRZIHkDAklMePESktLNnghga6prE9Dn8rklm9TzYM6EWhkihF9LQwEokunX4Vx4szPhLEpd83yzIBeIw9UeR5dAxA7zn\\/BtWxO\\/X5VZrQA6xgFI4DkLvTssKqGX3XgLnAimYkZrBqYugGxw1xa4qkOheNet\\/Qsyl\\/JaMNwTUrhR8Ku8y1oRSclmY0dfXGydfP+ljl6v+blLiMuQgbxb+xELSwH\\/01FMxpR7BgT17oxV+sLAU3V1d0SusX5qV0jwbrS11cWDvjmDqYGlhWlVNvQYptCiUlCFkgJEzUkL7amJzLgo\\/F3+5jq6umxlwz+pJegjworm5hZgY53BD5iEaFeaC7Ga8slM1wnFV64Xe4Y3UFTH7lVg4qbrVzyqwhx30ZFyfcXd2RW7bNhD76Rns3iVm3+VVCCCCgS4MCWXZE2NbxE+iEQQc2MQdp7t27VSPoseMlYhStClKegveRCQ7mD\\/CyGcREZ4ng3mmc4nIKIfuMebW2d7pVUS+HEdpSI3CQSdppzDYd2DBVoyvkU4isuLn+QTiYtK5UQXZ5o12CLHmphZ\\/A\\/mxJJalsxYoegdhxw5P4P8OO9mleNK35H4tKDH1ZZDosR7wHUFahkrca4a7HKqMJMFKPxsJYyOQ48j0SiFnBMrm9SDRPuHaUI7HWn4WCsTh7jPPAgtItKuaSXKmj3+FWbZVe7\\/jIT0M1JsNQsV\\/LSjSltK1HFGOmFymx\\/vMM894TmvdsAoop7uMy6DyKkPRBm4EvTQz408YkOKU6sQnnnvmWfUKdsW2vgEpjeJXol1351afqFq3pJ7a0py+94vf6T14R7lWeUkYWMGE1sK8uAXB0NLSoLApazDX0RzvakCJhr8RxoSUclAhe26BEJj7RQFOUfElxWvOpTgJt1z9M8J3wVwn7Id0ebJWDFYpjhYxwf7e3jh69HAcO3FHHDpyKPr6+3xgExNbQ8PDrpz0CnrF8D22pUARDKxCOnjoUBw5ejT27dsfA\\/390crSKIXve5r1o0OVNXFm3BEYhAHSq+CinK7ODknhrdHb3RM9W7stkTs7JGwUXo\\/i5A5oL0MlAw6LFBSorORv5If5BR9jIZybpZcw7yElejkwV4a2Kj0BI4FAGMIlxAwUaGEUYOY1W5XNZdMqsEOFld6WAbHxhW85Pyuhll2G2t9ku56nGgDtVqYQwZh6d9cLJCIjUDavByZYgZuBjYR9A1AOnkp3M2AtBqrgKQ\\/u7ejr742nn3k6Tp86VShFhZubBDCFlLnrQ7cZt8mSPY+fAHAyRevMMFn80ipFlKs2m2C4arcgpyrDi9DOOzpapQDviDYxeY9XwBgUEBvEzIIcsligehYo0vAhn2Mk\\/gI7L\\/OY7HY5wIuSokwd4B5pegQ0xXRns8TQ\\/Hy67Afnon0SAfjkqXfSsQ6WARVaf6pYimBgoEe9gr2x\\/+D+2LFnV\\/RuFwNWBWQihfXKWYoAaOoWBmRMzILVDlvFrFmxwMXTHMy1Vcx9a2eXiCWtvriXgIw16tlS1xStHraRvQRDo7Bd7nolAPp6emOHwtkuQdSvbnJPdxIIlBI9HS4OES3IqolegaIgOXsorUBi0pihqYQqPxF01r0cNvSAY+Pj3tk8Ozdr4qjvI3ow5jcTs\\/OzXo6rYtQ3iosCp3eEVOeZJqsd8bqY0uW0FTZ+95f0rGBhj5A2ylwBKlt+KLFMVvmHWVgkK73nH+EVYVbCz++FGch2BL6yF1IBO1gboB8+l6Ht8IgwyZgqbcLCTYFA6UsF0+AgXexE71wPU6IUpgMoxeHAVr5nPwnK9XkZEGUF9FJxwgcTuDAD+WPZ7lqQ0yJUulIVSsOo6egQ0pzCpQZwFwj5Zj3F7j0DYigN8cMnnwwOY8zubhgUjIcRaoS3Jp1qACVFGOmZ3o3yDzKVmNFZfZfBpVakpSiGZCfmff7Mubjz6LFol1BoUNnUC+tUWCiL3V09MSne0dvLgptO86Xchig9T46qzFL5RcwpPMyLqsMtzQxnKzYPKaW6WT0yRlgxy6ifRz9geOJD8\\/MSBkoDJ6hScTyXOseKI9yTA+v89p1ovwEoosNtoUhz9DRnGe00btsxEO1dXE6Trqvk1L7Dhw97iSm9Ag7DI4HWUBhSETW41Yw5BI6jIDB6DFul5TPRvF+9hZ07WJG0PbYPbI+d23bE9r7+2ClzV0eXh2+41YweQZ96JwOKo9vCRL0FhcdkMfMVk15SOitB1ODhJEhE9mHg85KSeUMbewu8z0GEZdkqvQGWos5LSLBcy3sPbDcb4wp3eHQ4JqenHQ7IvgROEwTpYbggU6v1z8tP9UtQ\\/VYb9V+PHLZRPxcYHwSmo4y5QlWefPS\\/KpgXAVQazHpmgaCEyHlRHVJ9IZIUHm4VD+\\/2iJ1M7mWZinznmx7KXy1wuGsAeYGhQQs\\/yaWcp9iomO5IV9FRwQSTm8QMQWhBmpPZAlf1E2leeS8gz0fBrGg02exf5Z28JU2qJpAlYS2Gl\\/hjygFYjduJL57Vb5XyrYHZi7NTRttTh9MzQyU9eqCM8IPBtLU3xnH13E+9cyrefPNNa6kJcgTpUQsqaSmgYiZoxy26i0xpmLQKVS\\/V9K0HPsohA+nXPzALgfeKMDA4fQkxux7qNzw0HIMXLkWHRyNoIQxvpzrBPGSn+FZba0vs3iXlt7stfXMuCQaCqlxUXh6vFz1mpsVHVI6LS\\/PR3sGoCfMMiXnLQcLCdxnxyyZaYGZ2SuU9K4W7Wwqx6KkwmBdlfpQiS8FQ122gIM2fc\\/6uhUAd2jvaPjc2YWbIiAwtcmcyY2QKF+nDZjQOw+IcbzR07AEeJCAjcwEcWcHwz1Zp+5yVsttCgX0L+2J\\/gcwz7N692\\/MTzBEwk25GL2QZHFJwcmLMQmBqckJMfcaaPIXF8RPMKXgDWQEwaR+1gSQuKn4et8MOsPAixUXaISiIXzBVBoiTyZOAMBKR03tlCW0RD2A\\/xOUwUii3BIo0rAU5PctAfpblaYWTMpMFaoZxG4Csmf\\/ebFiDZrnOvhfAtWY9upu5JGbNEnCuwHzxxRfVy2WnMuV3Y4TL7WZeihWr+SwURBuSlJhMFWF9GXmv9mry95QaM36\\/\\/eQAzJ+51PNnz3kRjYf6U25cBpiVS9+8tm2g37e2MfxTrbcy5HqV65bpKoUGGiscDim0hs8nhbUmjeQPRccHc4rfIRDapZwzNJ\\/LCB5ntub0rRnShqFu7969ni84cGC\\/I0YjRjOemBYjnhUjXpyJWUmlJXVXtzRJ12pUBgrJ5zogINsZSWRepdTe0e6dzFwYzjASyNhbNveoN8AKJnobjK1xXlLWzMcmx2J4fCSujA\\/F5MJUzNcrw42KsKkuGtskQJolOFr0VA8mM3LG6KjQrp+lhk5F5zsT1QnSN\\/YxsKHNcyjXABWx\\/xtoJTz8vwC9VN4xL\\/u4ObgBrzcU77sJpuwG036zBJbrxQbK\\/nphU+ncqFPaV1N9HDq6L85dOBXP\\/fhZ13fX+RsAGBjaJku0uWuZiUuYGAs4mOfjbB6upE09m0Q3xsUrS7EriSgY3A2m55ZDSqp5KMY0HyktfHomTp16JwYvX\\/KQcxmgEZPK9Q2c9TYnYdAXXVtb5Rl38rxGGWJtTV5KJ0dhNzcTIz0I0VDGfGLqKpA9SrJXTIrnLi7NRmcXi2pYYcQCmnrPiS4uzjlNNwPq2HXMZQ7HT5yIOjHy4fHxOD94UXguhsauCAfj0silGJkdi4n5KQkHZUy1Yp4TGJUh6oCXNhXoNiD04XWMvbFCiBU76vbQa+Dp4yz0ZBUP3xEezEdwqN3YxGiMTI7G5Px0jC8qvgbFJUEUrSJKa13M1s3H0PRoLIqodRIIdRIMEC4LBQgsC\\/9RyFUtUF\\/19Koo3uTe34t020v6YKnLd9JE2uiyIXgypIZeLcK1Gj722e2tgvJQxVrAp+ymFiY3aBjQIOdqOaxlvxo26u4acJOC2RBcs3g2npgyTTdOs+R2FXq4oXBQQBohWoy2jsbYvrNfAuEZX5JCjNcSCjncDGUzoK9x+dLl+Nf\\/+l\\/H7\\/3vvxd\\/+Ad\\/GE9874l4+qmn4sXnX4i33nw73nn7lBdnTE1M68lpA1KoJBhQePEPg\\/WScb9h9x4GpdXpU\\/oRBgiAS+cvxPlz573HKafd+ShopdLVC\\/MIS9E\\/sFU8DH4x42+A3SajnokGAEPWYlLRLGHexl0waYwplVvF1WqAX7FT3QJhYTq6uztjfoENDWm4dXZ2WrxJIYjwqQenOIte2vVAHWeh9Pb1SpPviAUFOjYzGSNT4zEspnxp9HKcGzoTF4cuxYWrgzEkZj0xNxMzSwt2S2ZIQMoU1XQjQPYTCUDmI7b2dEenehFtbS3ufi3WLcbUknom6hUstihzXKTTop5AkyT4lrkYnZuIeRGhvl2CpbUp6tRr2KLew1pd1NQ+U+EgVemR5HQz\\/JPvhGDXoWJUQxRhFB6nsDa1NBlZ4ZFPa81++UcDIFyYAGGlZ8FscfMeAtJVCzIDWxfkZEPubhHciphdRrXyRIEaqFBrVKp3AZalVXVwz77dVsrYvczgNl+zon4t4VALYD67uaS+fyD++Et\\/FH\\/ypS\\/Fn\\/3xl+Pf\\/m\\/\\/R3zpD\\/4o\\/uCLX4yvfvWr8aU\\/\\/uP4yp9\\/Nb7+51+L7z7+eLz60stx9vTpGB68EgtTM1GnXgPnjTWw2dQorVqJ8\\/CLEuafE3gdibxZoLQ4BXoyTCQGEMNXh+L8+XM+yoah75Vg9\\/pH+0d5be9olRl+QcaA2vmh3Nhzxdxcq3gKvYTMA2uBv4g+DBfl6z4BeA8n3zKaAh8jDwiEFinG1bmk1WDFooTrQZ3vIW1tt6bO9W8eupmZitGJiRgZH4uh0dG4MjIcV8eGZB6W\\/ZgrIGdywzydqwKd7hrxmWkWNPOYo0QjryB3KgxsG4iBHduio2drbBHjRdjMi8gNZvbqAbArky4RcwvS1LlWs172\\/qZ37l3OjcD1LIdeiViFJmZN3haFtlP4Yt1ikhJufIOg8svGNhi\\/72sQtnJstrBd6WQllQ+lIg6CJiqAKG4BvJsM+Pohp5nCKJ4GXsoIlM1lwC\\/+sl+Vr53l91sLKSrqlOIzpuSkunX7ITGPAq2Ko3gsel7v0OGD8dQzT6kmqz4rfWkIIuVh8+ndIuWwLz78kQ+rqTVEa0NzdLa2RXdnZ3Q0NEWzms7SyGRcePXNeOe5l+KlHz4TT37ru\\/Hl3\\/+j+NIX\\/kD4+xIgfxIvPPt8DF+66l3\\/9UqEl4YbxWSVsGXCYNNpvH4g2hx1OVoEAktML1286E1oZhsFEy4DNFUuXCVYiFMVGjBa\\/GCs+oPDuBz03QtapHQ2N6flqRw3kZt3xUtyrO88pfAqfA7pTIs+lqKjvVnMv0FhSehio54hZ8i1ik+SnhRTRgeS7Ip4NgJ17W0dHtIhVVsUgZdV6ckqj\\/k5rpVEGrIzeTK4TGdUwsGXz0goeEUJSzJdHdNzOeSUQEb9V2l4AsoquMwyNrcpk+0t0cJkdXuregSNMS97fKLJMyfBOBoT1QxBGZvUVRDgZl7\\/U+HhSWmWoDIFZPbkL9+FCAIIOcdM\\/ZIEg9K7oJ4BKUdzpttNjwBBwB0N3m3NCicJCO+AlkTGnh3RpJ8YNwoKXpi1UXB9KIeeh69uhnDwkjJgM4nfNBTp9AMGkCPLeS\\/lwzW19G7AfRkFdpLDuXlAvanV8ImLOrEe3i7IK66oRJ6UpO4usWJFCpkEQ\\/+OvvjeD74bZ86f9W2DtKsMG05lxYvyLc2+q7Mrjhw6Er2dW+PE0Tvi3rvvjsN798Xh\\/p3x6MET8diJB+Ljdz8UH7jj7rhz38HYv31ndDQ2x+zoRLzx2kn3Jv6Hf\\/4v4n\\/6H\\/+n+MqX\\/yzefP2kzxTL0Syry7ePlFUo4vT8kdLCvqQL58\\/HEDfQYce3chpLQNnzSUVRALwt\\/czZq+R3NCir2E+zynFhLrp7OlyeaP+cbQQrVGguNoz2Dv+Vb8weMpKBs906OtikK84lPtbCxLS+Y+7saJFfhr0cIwEoPOJIbd5hbhDkPi0fZSnmNIfLSVKyht\\/HtLLwWeEzVsgFHUgjJm5Zs4+fpFlbN3EywPx\\/fUjuSfGUujxjrCSamYw5MWi6wIraXRsaK8urmFRh9VFrG\\/ccNElLVxblzofV4Ufafj66AgI6BoSV0pbMKYUcTsekOen3QXUKhvgoCYaIGkTkBoXPZDW9Ec6MYc5kTo2Q\\/hCFR5kjpMxM5LVK7I3kW7ARZ0WgSaD9Fbx7UNW13m2opML1B8Uq1Q3saRff+ObX4+rwkBUcZDDq2fUAbYXl47\\/5d\\/5O7D2wP9469XacO3s2RjihQG1xmrZAj13KU1tPV\\/Rt2+YVT1y\\/29ff731HLCWvU\\/LOvn0qvved78a\\/\\/tf\\/W\\/zPEg7PPvOs2gzzC2o\\/ehpzzm41mUvR5Khglihfly9fjosXLviof6AiDNYgIUM\\/jDYkWCvhOSbYfJ33CjC0xMIdl53y7klrGUnDSsWENLBTmiuKUUrHx0eir6+n4NXzwcVJ9DK4TY\\/LvzyEJMixXi8k+eRIZmJygovlZz1JxKXy\\/OjusflhVj0CEolk44A5MgBzpffgO0aVCnAjySE+VjAwNHVlaDCujl71qqZZSTu8Q4AGMWh6ZEzmeginpUXMnmNg+cbMO5ffpN3NEAc739vMHAHM2gRGaKRSTVUvpS0\\/iYdwW9Sgmo3N0aRueJ3iXBS399CV5xWkFRbc3zuYhTyBLBSIpxrXX8F\\/FADDWoMp3G6oJoPaldD1TAk8dvxIDKkdPf6db8eklDq0llw\\/rweox0ePHolf+Zu\\/Fvc99GDs2LsnltQmLk4Mx2uXzsRL596KN69eiNMjgzE6LwWSoVzaknr427Zv83E3+\\/bv9YnI7EWC0b75xpuepGbCFiYIs8vt8LYA7bRAgGF\\/mB8nMJw5czqmJlnjTw+sSmmUyFoAb6n0ttdwk5ihYqAOiWcSLufC9ff3FD7EUxjNECRehfJRQBE0i13gZ\\/QKR8euxtbubvFhtgLA+5pjanpSPGxL9A\\/0EYj9EMYaKapCiq6KJVC+0DbUbVKhTUkgKG6JgcaKQMAHAo3v88UaZfxw7\\/Hly4M+aIvlVAgKlnXyrRbqX8VMt4tZ9\\/Gx8RifGJFQkSCa56KaGSPLWtH2GRriXCKfZyShwNAWQsBXdGKntHAzmm9JE2PHDu2dVUxMxuTegmJ1ATIEZUHSIL8Sai1tbZ4j6OBoDCFzBL72zumFsMUPohUNjPqSMJGdZ7kSAZW3Gt9Wgr9fw816kGlr\\/Cu4ufAeJmmqd2qYqm0MQxw8tC9ee+3VeP7551wnXK2qNXHDkOsrbWX7zp3xkY9\\/LD70sY\\/Gp3755+ODn\\/pE3P3Bh6OxvzPG6+bi\\/PiVOHX1Yrx+5q04eerNePvs6Th14Wxcvno5JtXzH5+ecA++vaPNG125hP4LX\\/hCnDp1yuPjtNXbUW+JISNgYQCKfPR+JkbHPBxXhtwkV7ZflEF4EL2hGfFEjpWwvfLhZliuNHi1d4aHRAcJTG6\\/y5DDXsUDZCS8lmaU4HrxWinLc1OKt94H2ykF4mHN6jWMqcfREJ2dbcmf05B4XSU9FfPGED5uJpjTg\\/bf2iQG29gicdCQjqbewlr\\/1ItgJv7cmTPx5ptvxMmTJ+Ptd96KickJH\\/PgsVUSAfPUnxkpqBz6UUC6dIfb0LjDYF69AMWjCoh7L2UtCISgoeJY64cM9WxgE6PnvbAHG1i+KiQcCwGll6vuEhaVrsiwD76Tu7QZj1NZW7zCqmvrVgkdhaEC8PJZ\\/AggC+kgTWkISulDk\\/BXIJn4nta05y\\/FU491Gybf1\\/m8CnC7zL3y5f83CEWYK5Pi9xsOfPOwMh1A7WTgspbrG4GbHd71QDm3q9NDncKWNsfwBcMJDNs8\\/vh349VXX7OLWitlKpArTY7GzxSP25\\/acDq2ZTG29myNboV\\/4OjBeOj974tf+OXPxWc\\/9\\/Pxqc9+Jj72M5+Ij\\/zUY3H\\/+x6MY\\/eciL2H9se8OO347GRcUc9\\/WnxhZmEuRsfHHTq11e1nIe0ZYsj5dkAluwUpMSNQr165mtp3sk48zJDbc0EV8QOefO7t7fUNc1aEC15nJ\\/wKMxwPtzzhQfOiQ3t7c3RIAbU7\\/dgH5UM+cVeJV+GYt0nZFW9qEF9k\\/pbjrVlJhFAN8WWY5fTUlI\\/1YVMxNHX+Uggl3BzU\\/1f\\/t\\/\\/id5EKDOGQYzLL3cho2AwJcfYPkyHsD5hHIi4qIypIjpIYUyFz\\/MPW7q2+JB\\/ikC8KGZaZ8piOj6B7xMStN4MxNs9Etbo841PDFgYIkTzuj\\/DBHRXa2VLmfTaR7BBK+J1Tuuh6MunqQk7SxGugOR8EP7kQCRtGz1CYZ+4l4TkqA2Hg4Sf1PhAU7p4RvxAgbjN6zIQ1t6Qu5pi6fh3R3CypTBxy5Yca5ejg1bh64XLMqPdEXTIdZJjTtyws3chkxgs0oioSB4KsWb0c74ngq\\/7mRWfmdKg8AGkgT5bmEpEWlNCosHMvSBqLe0lFfvCZ3WWtjHevXpDZ4RG2KzbmLXFl6Kq0u8mUlhS16NUY+\\/fvjR39A8m9MFFmJSy3q1b0Wm6zbfGt9Cj7KzeWiqMKVBmK3RXpBSTCC5PAYSS\\/NpbcZftklz8Wz5I\\/wF+WpSdDLbuNQvKb6Lk8nFSDE7j8bUgPDPzSLYBL0dc74I1VP\\/7x8z4DrFvtkvH6a0LOrg2VwKkOAtVVPVWTnW\\/aKOeRcbYYF\\/SDbDbdvmuHh5mOnjgW9953b9z\\/4INx4u47497775P5gbj73nvj0UcfjUceeSR2bN9RaZMpXv2rRnvTYWXQKVtLFgbnzp2vlmeV1IkSercVbYN5Sz1ZHn\\/g4CGf2\\/bcCz+UoOSeAuYjq3ROQkcMXP\\/hDbTJZ559LXbt3B6HDu+OLYtT8tMYZ86MxNkLw2qPLQo6tWNipB3T3rq3dqtc52J46FJs7++K7Tt61aMZFBNpdfqnpkfjxPH9MbCtQ8nj9FvSbRHkH3\\/pX8Gj1oJSvmEfCqw+Olrbo7+3P7b1bYuBvoHo6eyOjqb2aN7SGFtYMlUcjU3VYIa7q4NlmGJgItSIhAVLUkdYhTQxoifmkZgS856b58jWmZiYmPJlOTMzUzGj7iRdoPmFGWeMyWrQG13EROsZI2todFtHmEzL7\\/iIwr46HOPDYzE5qh7J9JzPB+E+B\\/tjkmcLcxmcy5Q0fOcTuih\\/qsdEpfD1FPJkg42v6FQjIn+LhKMn7zyX9E1STEJQHjkgT89061Eiu+NwIQpNcVUCRcLIIAjDZyUIQ2DGVEWUHpp+9Z0axBwF6QX5kiupC5an40lgd0WUDqkwO7TSM4VA8ISX3h0Lf8V3+9cTtIX+WSTJLCeVJ9+4qyLbrQUOV5iWPuLZPopA1oKCnoqZoB28aYu58J9SVcKVoByIxsk38aqUSjQjvPzOgzKoZhIs\\/BmyP94xk28JW589sz4si7MEpkVhWomprBMFyvZ+d3jEm\\/MvswjDEs60nFMuVdl8H3jdfBw+sivaO+rj29\\/9hpwqbDmootwqvCpNC+RD5T1BJR96ZGGQ0qU3FnNISUTr5aZClBz4AHNuuG9tb48uCaPde\\/fGvgP7ffrx3RIOJ04c95BJPXMOcs9u26LmpaBvEjil5LNAdgKX2yzmkbHxePOddyrtDBCF\\/MxUcB2WEOBJm6wXk95RHOtfJ\\/60IL4SDa0xLwG5IKV9waMcTXLZ4pC8R8GxicHrW3dnY9QvTYfVtIW6mJ5k8xtDTtCB1CX3dfLXwopHKa5Lc3NRvzgdu7f3iCctiQ9OimnrOXkl2toXorsXv5MOIpUvacgjHAldvAVU+IoeFeTdtmqBaBBUN4ZQ6BmwwqCxocmVf3F2MWYmpmNKDHhpdiEaJT5w16luT2tbM9LECRmfHIuhkaG4NHgxLg6ejwuD52KQcURpmdzXzOTx+NRYTEyNS\\/Mck9CQwJgYigmZ030HrM1VwpVYJCV2LU0SNtiJIU9NTMbo0EhcHbwSo8MjMTnGbWiz6jKpOwqKeTP8RK8C3g1TJtvuetWlOQ80deyZAGcinGNkxyfGY2J8wpNe7Ezkkn408pnJqZhiaa3M2KfjLXLvJoUNXVOTFSlzgzJVi2LFGnf8cKx3M\\/qiBBwK9jwLN4VJ\\/xMQHOVabZzElyD7zMIDxJzynkIpVwTicjpK4AqEgWf+bo8p7gyYrSTR4yiCKIeV\\/RrLdnri13lYFmIG2WXaCZ2e5Dgh4ABTvquMbCWkr2AeV89QFQLVp9HmjOmbY8BcxJnBr0pccrc6J2VaANXwSiAnFXfLWiOYhJmqfvps79jzV6QXrMRctQNoM\\/QS2PDU1LQl7jh22Mx6SD29ijKieBRiyovDqYWrgSjyWfvQ1q70dPlau0o0J3T\\/ZJ5XzzYf1YCCx02MPDnugRTw452e\\/hrRXhc4TSBmBbwMoZcYFvutJsRPXnrlFV+DSZteBZBemOpjwvqmJvWCdsbO3TtlFseE700txNRcXcwuNMa0GPxCNMstR1nwVDhyA90wNql8+ro7ZcUwkxi2wme1EALB9QJHRWqhNxPQTLzPTk1GZ1tD9Pd0iB+hAItHzU6Il15Vj4FLyejpp8lpB+I6Uc67s2Oo1D9BclUg0RdJKKqgXhQQwyd44kwh7g0dlkZ+8ewlM+O25hZfG8dELkNJk0ool++jLbCMc2h0KC5cvhCXrlyMUc4fUndmfEo9h5HBmJ6bjMn5qRiauBqXRy7H4LgY+7R6ELJnhRBHQzCMk84aSpXFiRfOqJfBXcusgBobFQMfm9T7jIlplKCakSY\\/y5AS5F4Sgcma8oPG6Y1kZFZW3GWKxo52Qy+F9Kc8yIcKjGEzVlP5NFT1EqjUpIVNa9WD8xKuBZWmoTAhP2goCL4RyAVX8VuCchiurNlcoB3I4PeNRrgBSLm5xXCNKGpnxzlNxpsMeQz5lkPmOtcqMDf21eC6pqRmRKk7fvxYfOUrf6YgXRsLl9cB8urhXjHvZjHTJvfcZQkjTdpXIdOS3UqaVepy8cyw8v12AORjlIILhp7+0VM+Bp92T\\/s34TKsIDOKJXOMO3ftksCFR0qzr1uM7\\/\\/o2fj9P\\/xqfP0vfhRP\\/vC1ePX1CzE4JH41K4qLmRMiwXI2G3MHHRzhLw6BJcPfHqYHSvHBh1GIWSSDAB0VX922rTvaOpok4MfEtzhrDkV6S+zft9e8094VZs5BuTpdq0plyO4sELKmgSbMprPh4eG4Mjjoc02Gx0bEbOd8vERrZ0fMijn6aIuJsZgXY2S8f4KdzfI3Ko17fHJcAkDMVkQbkWAYHL4co1PS6iXVhsaGhUMxOokwkPYtJrvA+JtSgWBB0MxLu0DAoFWwmWUWqTjN0I4qm+i3uCBGL1QyjIwU2czTarm+qau8yPCknvMKf0ldLB9F0abeSIskqiT8kgo0bUyTFmNmz9riOVVoegPyo3wtSMviMgrmTPieG941wTUhGdeE0veNBPmegxUVLdehFdY\\/IfCTUQLQNtO5DElJSYoUrtDMuYP33PlzVu5SpS3lcROFRLho8rTLt95+K9548w23W+xRlHiSJnqP1TS8N4GRgaeffjq+853veBUjqwpzD2FlDfC76ZYELIeAclCn81worHfe\\/WB88LHPxLG7Phj9O+4Uv2uMp194J15540LMR6t4S2MR7mL09LYrnBbRCnrJxvyF4e18vloqFIa7m5paPGQ+Kt7ZUDcX2yUQGsTDxjg\\/yhd8jcTBgzuir7dDrNPqbwU3AqvclSzq\\/+k\\/\\/S9+tzAb0JhHRkbjwsWLXlLKxG9zW1P07OiL+uZGZXRRDB\\/GLcIoJKQrqwhYLZQ1bSaY+e4JaWnuHFcNs2eIxpfOuCKhTSy4V8A7hUXc7mZCLD1nJyUYJpkjkHsxfQ9uecIYE5o\\/g138eEqqSBhgQhAwH0qPoK6Bnk+9dyE3NNW7a60\\/x0+3jx4EGgAVmbmI+dzV5bsKyw3Qf8qrhM7Y2ISkfackeIeoZXmaQI1k5MrVuHL+ogUZlYkwQRoTFYjKke08eU0+sRfWqwKkSeXUzSNeBBET1LnEnJ78ZJhAtPNEst8TJrti6a3MnCHj5cDKY55Yxp5KyHv2VwlfeHVoyJPKcmx7Im1qaoxDBw7EQG9aNieXSmeq7mX\\/VhcFzkOBCZL9SiDvFcieylD6nj7xXg6ryoDKtrWh6oK057hVDH7P321NPtKrv1XzUvVXhZXvNaDsZFUei6cgpaMKtZxmemegLFLZ8S3Z4LC7uzfefOOt2LFjR7S2MvnJN9UDHC2PZh3Abbp58Kmnno7vf\\/8HcfHiJS8551RUNO7sjvbvub9KepyY9WEDTjYNVUIYyO\\/kxKTS\\/6P4odLPZV\\/c7dLEwgrSKjflZNisvNAW0cAPHDzoZaZehAGofTF4NtvUGn\\/vH\\/yjePjRj8T7hPc98IhovTdOnT4rnscpsYxRzIsmdTE6Mh4D23rNlyD+xMRCvHbyvHoTar+N3HegAlFFhB9xVXCz2ufli6dj966tYv7bzLtefPlcXLk6FD3dTXHvvXeIDzU6fIQCf85JOSMFlMvCT6Hzvcp+GUezOzMKjm1groDJY8byWY4ppTzQp2fVUDjcbkbckSEVcHpmRgydoRaeYmIzC9JM1HXioKstDdHd2S2GGWLw+o6Uk9Y\\/L1wQo+fSaF\\/YPznlSV6Wo3G5DTjLxK4i3sLS1\\/D0t8SAfgozTaoJ1RVgz0Qyy62e3L6Wbmeri1YxMu544MJ\\/bm1jXM63tqniNrK0VnZIXcYVqdyY3VgkXEDfSgbDmFdTpTtcYgYVJi+nZfAaZ6G70lXnfwV\\/BTcE61clvqqRcTELQlKVluto33rrrfj+D77vIV41RrdxoKjeGwMxwNaW9rj3nvvi+LET8c7b78QPf\\/hkfOtbj8ef\\/Mmfxhe++PvxReHXv\\/YNCwx6FLnHkBnOuwmDUmzZMf3s089Iq+6LPbt2e4FEbsu5nVZSWqQbxW2PegbbtokhozjCD7g8Pzg2ot7XCS+J17SzO7uvN\\/YdOhof\\/+TPxm\\/+3d8R835HfLFY4KLwDhzYI35T0F\\/\\/PI8pBdSxkgzi04+Vj\\/De4eEh+ZuJXXv6xX+bVQRNMXjlimg7JSGxLbq72pUWxFLKg+EmkFp8iyATNjRKAEiTYJNWd09vbO3qidZmaa2sga2TAFiYkbbLGUacDMq4\\/ZRwRoydlTpi8iLA\\/JR6BqNyN7kYDWLWbRIozdxZLIY6z9DPlMKZUG9gQv4n8SdtfFbatBCm3rilKeoX6mNxWuRReOySpoDQei0U9BRZnWKrdnomja0gjB4sZ7MWLGYP02+s5zIdmUXUxrpmvbdI423ztwZ9W5LAWZjfot4B\\/hVHdidskrm5TmGw2krpI3zoXorRkM1UrPwtlU\\/h2pKBZ2GVA7leqISn\\/Jdqs21lxgqhlO1uFKjY4HsPygTNeKOwkmI3J1xrZHRPNwNynpiqS9ZWVSjsqAOY5C491QPVb25hMvZJE37m2Wfj29\\/5jr7ou4Ky6+LpusO7sTbQvNCOuf3wgQcejDvvujtOnDgRR48etR37eUZHx+Kll1+OHz31lHsO9LJX96RuLWThk+t+xt\\/\\/P\\/99vPjc87F\\/957YvX2HegZsuRW\\/U332MvUS0Jsg1W5DMu9T\\/pjfNK34UgTOCQrctsiRFAsL4p6FdKVnfuSOE9HY0h1nzgzGgrRF7pJgv4B75wpzyyJH\\/YvnERE6OW2rGBng5ASO1h4bG4ytvQ0xsL1DAoF5i8a4emU0urd2xqHDO+SOyWdGMRL3vllQt6iMZJwrhoHY5NXHncY7dylBO3zzGRp1Z2t7tKp70yZs0buHLdDGFxuieUur5GZz1M3Vx4J6kYtTizE\\/ISExORcTo+Mxrd4B+n2jXNUvNES9iNKw2CRBIAY+Xx8djR3RtqUtGhaaomlR4S9JUja2RXtzW3R1dEaXulGckdLR3uHjKri+jsuqOYCOnZCMmWLmALomdeXapNG0iOlzs0+DBEBzfatiF4NvwF5xtXRJ2HVEk+LA3NG2VRWba\\/G6or2lMzpat0aH7Duxb9a7EC1BpUdbEqQKwrCPewrleiUz76mY5N5mCi\\/54juVzUM911OW9pSEYQqx+JEOoYfuaIzUOCLVX5Fo93JIs9PtHo\\/+cHsbIceX0prSsXIycqNAGF4KTD7oyWWUfQUdfqbXckjxZsSf3K0slGWvmZgr3GwCLBjKiOa+nqAgPU7T6jgpXuXOjD2zBpeveguNTUvRv6039u\\/fFz9UL+Grf\\/4VabWsPMJtokf2m8Kuhk+6MlBP89And6VzRDb7Dxh64bRkNsQxiX3fvffGgw884LF26E4YPG8XEBN7mjAhCKbEsL\\/3+HfUxpvi7hN3qh23qgO16KO5VWnc83fFySAjbcfhiHm7ZyAGb4DO0G0Lg+ZiWooAYcCqRdyyBJgilG089cwz8bOf\\/eUYn1yICSnGIZ63uDArWnCiA7RtimkpzmPj4xA3BV7wB3gb+wv0NY6d2Cd+hsBgOFvlKUF27I4DojtLW6fkZ17eU\\/pzeeXQKnWrsAdq2QFl+\\/rf\\/vu\\/\\/btswQaJlLF\\/MsqZGYztNzY3ieF2msG2iZGiLcP4myQA2sVQO5vFQJvEUFthoiCX6ovhNovxCpuLHc8Lkoho6B1tndGOOzFdwuwQtgtbG8XMG1qEemJmt7QYOmF2tikeMesOhWu\\/Ekwd2Mnc3opdR\\/omuw6ZW1vaPNTV1IAASFp+gzR89jc01amnoF4BiJn0VeOTIFGcTnvx3qw0cVMUODs3HyPDI9GhCt+kNLsuiYh+iFZsTBs8dyFmp2bMgHzHsyoYq5popHIVHAjoRiJ05SuedQxtbWoOoZgvkHvMueeU7OqSFiRhTX3Lm9WMCHF9K88hEGgOE6w1h8Bps55DUM8xQ2o6K6CooM5DgQlquBWsYhhVDwlK39Mn3qt2nosqzMuiKIeT7Yu0AZW01\\/RcQMlJOS8pzWX3NfyuhOxkZf7KIDcraVqNd60AsE\\/M3ag8FkVqGxWxz9DnbLAXX\\/qxF2xw3Dxj4zjM4eOnMGFwPchAfsv1g3rK1bcgE66swOGcHW5BRDggKIDsfl24xufNQaIRdwyfOXUmvva1r8fJ116PIwcOukdA8efxBacN56X4ob1bqb6xAW3vvr3R1t7uUCsKnzw5Fmn9T\\/745Xj0gx\\/ykI7j1rexsfH4\\/ve\\/Hx\\/9yEfj1VdfjBG1pT7Ro37LlMIV05e7ufkGb0h769TlqJeCysVksvWcJ\\/u\\/xtU76OtrjOPH9kqYpTZ66eIl8ZO5uPvuQypP2nFKp5Nls9q12rnthE7jOuC814C6c2cvRcYzpy\\/4ef7cZXdPZsXE0abbG7ujLbqltW\\/1s6O+L3rbtkd\\/x+7o79od23v2xI4ePXt3i2HsjP6eHdGzdVts7eoXw+1QL6BO2nhnbO3oi25jv7T93uhq64lWEaRxS4tERsZmFV6z7GDIXWLIEirGtgJh0nrWt4npifFL83fvRIKqWeHwbNrSHA3qYon966keiXoj9erF1Ku3wHAUWCfcsiicU4thqGhOVMU8n3CpGEKam5F0nmaHtBjPfNbyBWokPI0ulcJewBI8tI81aF4BNzQ5wnsO60aAipABnkX4qxjudQJVD03xr6A25Ia4Ebzp4Na9AouKtSRttqFxMfYf2BUHDu+J5378o\\/jmt75eKBoJXEfwtgagOAC4o6fAHCM9hJ07d8Y+35W+N\\/bu2RO7du+2MCConM+bVf+uBcRDnENXh+Lxb38n\\/ugP\\/jCGBq\\/4\\/vY8NGRhkMiyjCG6JWNp7WlLtHa0x7Yd26NTQg51A6dG0zNBpTyLd\\/wtyPXps2dienY2evp64577H43RCQkJ9RQY2qmrY9MZvYrFmJ6G6SQG7rkfhYzSOTM1obxMx+GDO8QjW8MLQhRuZ1dTPPLIsehW7yD5YQhdebKSl3onNwPqLl64GhkvXRqSQLgsgTAYg5dHYnR4Ujgd40MzMTk0F+OD03rOxvTovHAxZsaWYka9nukJdhMvxAyozM9M6l3PqXH5GWUPwWxMyjwp+4kJnkKeQnbr4Xda5incTeJ2RlJyOib0nGLIaXxWklfpKHBygp3PfBcqfK7zm5bdlNxPjk7JDuTbZEzJfcbpMX0nTGN6t1nxspoJnCJ+wpKdcUp24CT7EuY9xADtCz2hJpS\\/JA02dZ2NtgOTK77TQ7hZkCqLDdVhCId\\/gwx9g14r+RTmHpDzKv+VRlRC92yUznWHTN7jQD6uCTi57VkUI7LOOy\\/6Lnhi8\\/iJw\\/Hsc0\\/Fn3z5T91LBEi\\/y6gE+T3nLZcXmHub+PcBlI3qaXMGmnoOmPFRKffbAMRDek6dOh2\\/\\/8UvSiB8K\\/olsA4fPCSNu8u9g9woeYC5zfldeVpU\\/WNXMkfgD0gYgJiV4bRTuUBFVKUJfhWOh+gkM4dGRuPZHz8fe\\/fvU1h1cff9j0TvwP64OCgmyVwBIMEAD6kIBMa2VEYsXmlpbImR4Uuxa0e3BGxvNKrM6hV2vcqxu4vL9aGv7OQDYQBkGjsf\\/p8gCYnNt\\/n6T3zsU7\\/Lxi+Of+V4CTakseKG5\\/h4evLOjt6JcXb2Yi7jhJg4OClGKlQ4Ngs5coJdv6xCmphKR1dMTwmnxXB5sisYu+n0DTvOYuEk1ZlpdhPPeGOa\\/dlOZvYnFMtDWYXk4yfEqEHMLB3NG87mvJR1Xl1Iubc97tOT01aTH9xhr6e6BMkPbmb1Pe1gZoMIa4Zn9M5EUocqWXMrXUmIrYqkx5aFYsjo7AWvpKKgfHS2nyzJRQuQFiE7F6LQd0noSTHmISOfB4VLFSRd35pDRvxkXmvIiPfm+uVnGRmLyoz5eoeM+nt6kp2gXAEzZLv8hfgNFcNyyBXa4IwnYwXK3w28V+1u5ZBROWqCy0GmNK92v3FYy69SteJTNd78gbccf7bTMycuPwtIr\\/yH6W\\/x2fnNza3x0guvxv333e9VLdQdh0RdkLsVQQhyPBnQxuVS1YP6R68BM7iquG4mpOStQhjs9773vfizP\\/2y+cQdh4\\/G9oFt6hUUCRLi1E\\/qePYqs7V+OUNscn7btu3bq0NF+LVHucmeYN4Y1b5+9OJr8cDD7\\/NRHXMLc\\/Gtx7\\/tE5zf\\/\\/73R3tLq89LGxsbiddfeSF2b+fKAAKSIj3bGG+8dSmuDs9EI4t29GtrbotehtqWxuKeu9XOxPyXFuY9N+Hihb5EX5TFajLLQUqZf9kM1mqn5R5SGeo\\/+IGP\\/m5muFMwWxgvy0drYv7GnEN+T3Y+cM6MFnNagpqYrcxiqNlNwhSe\\/cgM883fqgw7XWKT9gYUTFrhzMsOZBUDT+ww+12MN1+TyRMmzi5Lj+X7mfz5WzabaacuG5vPEqK14z5944k74kLoMV7arAKXXiJ\\/KwXC+ZgVDalMzBeUBQJlsGwOwfHoKXsO2Fs1h6A0IjRTTcoP\\/SuEAIy9LBCsEXgckZtFmUxP5mUCQe5vp0AA5H1NWBaGM56MPPwFWgl4T594r\\/q5XoGApd+Wea7EmkDGajA0s\\/SNOG8MSnGUQdZVeqSY+Z9WsCy3Xx4GHu0yvZbymWzyN8q3Pnp6+ryA4rXXX\\/N8AnNiQJ4TK0IpAEthyTLXGfduVYeTnR\\/J+WYAf6Wwrw2pjuZ4UKpef+31+ObXv24hcGDfPi9CMSMFivoDJKtSZAoHYUB7Qhh093bHocOHkjAoOauY9axXeM6r2tAzr5yMB9\\/3sM84eumll+Ktt96Mhx54wO2Ey2+aWhqjrbVZ356L3k61vyKcqZnGePm1MzE6vmDhTBtulYIZS3PqGbTF4UM7orlBNUHtP7VJeRIWD0M218KVUKtIarkD6tiZDHJrGdrvuDT7CTR8afQgOx1BtHO09vRMh9HN+hY19g8kAcBxrJNT1R4Dm9om9Z3b1pLgSAfbVQSJegZJGxezRVvPT4SABIK1c31PPYAkKLKwQKB4\\/8OcngpzijsVLHzYDId2L0Fhv\\/KDoLFfhSMi+z5oVaQsSBAc84WgyYKDc9wtYCQIOLwLs1eqsEpBFAZTdzxjAsKrFIFqkusjlcgPFbIMdD1tzVOVgRJ3Gy68lQEGkX\\/EYj+5khNeiqAIG7NdKUy5L5Yf8r+CcgdWwrhOINwMtcJyowWK\\/G0UyIJpm7GwvxaU01BOTtWePC\\/\\/lqFqVxj0cNyUi14RtE6HuUey33jKVoL8eflyDfRAQDEg4Diw158SuKRKk45KJo3FN4Ff7TfbFeHbLxuoMsreTmQWI9+5e3ucPX8m\\/uyrfxYXLl4QQ8SN6g4Z51lB3qsPgLL36qxsR7gCp9PCcmNIfa28KYz1kHrP8s1UVtCnPq5eHfbehz\\/+oz+Oo4eOxu4du3xsPwFSxwGnqfBPPcxmkPZA2lHWuDB\\/965dleMlfGKBnot1QtoRk4JOaUEihcskMPyBeyheePH5eP+jj8QdR4\\/ar8gs\\/1ti1959ceKeeyUEFJGUtYWFLTE6Nqv3OfUy6hXukpeV1ksAXLpyOo4c2RZNDezH4pwj+TEQUpq\\/zHVyNeImuSOdpDmlOxfSckhnhiksngUQch2rDsDMNGeFM2j0Qsxg0tKriOZuVKK9jVuYGCmYGC2adoWhFu9eYohWgdZtxC+VCITGKgK9W3M2wyYeuVOYVXcJcVcxK5zMuOXShWUECjcZq5AJgR3f8JnSV33C3It3zJUwK\\/8KSGEAWSD4Z\\/e5Ea+AHL0LpTDXAFfkGuD8VMz+b\\/NKwDalJpsF5TDXiXtdqB1dxXpZsKWXmrQQrGUP2Ls+r5vUZd5LL8vCxVygic6zwNK3HA9stQJ8EqxXVjcFKuEviz1HX0BOawY8ZY+FufK5Go59iR60lZm5yTh24micPXcm\\/vBLfxiXr1wJdvS7XWbPlbSsgHLUJbCQAHJy1kIgPzcIhMxpCBQAZjTyf\\/tv\\/k38xTe+Ed1bt3rjaeLZ+log6SkzvFpAmJzhxjlF\\/dv6ZZPyUBEaxbMK+i7egNhulr+33nojnn\\/+2bjzzrvi2B13qOMgwSr6okTQ6rao53H8rnvi6shkzIiPIRSGR8ZieHQ8GpqavZS9Vb3vyckRdcjnoqeb4yjkTnFYlyIMUNH6fu2UiNqwThvaKNSl4RQYasHUCwZuBltBmHPhzoib\\/F5yU2Bu3BQIzHo1kC3kUWKWeZgGc8LkCoAxIxhy13Q9sGCSAMnxr4SKvZ9lNzKvYAogqayyUv1XWqhgdPHWh5S\\/BMkvsFa61oNMw+x3w2HI3Uq31fwn81phpR5E8VLAtXK8FlzLH0NdG4Xaqd0sEIoJUDXXxPz\\/3YJrxb7W9yL9FcKvdMc3oci+tbsr7rrnrnj77bfi3\\/67fxtnzp4RA1TZZya60utaIHcVYQBgXA+B\\/LwGZIZuXqH2PXz1anz5T74cf\\/gHf+Al4A\\/c\\/0AcPnTIQ6QGhYuPjOsBYbNvCWEwsG2b2jW9p9Quykk1a6gAocL0l2JibCz+4mtfiyOHD8Xdd98d7D4muSz\\/JAxIQjU7fORYDI9NcoiFegVNcXlwMAki9RDoEy5xnM\\/MSNx94qD4Fz0DokkpSAIhxQoNKom6RXDN1liWsKQlvRZaLf94prQbqq6Xg8ORm8yI7A4rKGb\\/RQCCUpT2R0FlM2A\\/gnLaEpAu2Ql55t21y9wV0aQgipeVwRBOHsrJfv1aXf97a0DpIUk8Ml2IL\\/27brD\\/nNfrhETX4uU\\/MrjZxZnr582GmxOu2h5FKYbD\\/pienq64\\/8F74+1Tb7qncPbcOXE0saH1aHIb6gF5dX4VF0oDyuePn3k+vvInfxZn3nonDuw5EPffc38M9PSLd1LD1c79JHEbSyDU7O3u8W5rVknlYSYgh2DZWSB2zBsuianPLISHxRFId6t3kN1X0i1weljaLkHQ2jEQQ+MLMRctMXhlVF8lNBiWnmOxzqXYv2dr3HVsT3jrK3EV8aX\\/Ga8BJScVHykpGwb1bJToVVgwUTA5qk5MMlnpCcl6S7iqPSiGqWe+l5gw8sQlT6PCZvYf94TDZA4nDxr1nbPAK34cZoqPbl3OZk4fB7ZhptuFVEZz59iK5L9wU0oD6UuMXgJG79BKj6o7u6n6d34IU+\\/YuWdgtxvXag2JjOtCrkjGohQx57T5l83CjUJ2mcO+FqT4qUfL3Vbyvwx4X52W5D+BzUW85WeKp3hiz1+297dbCzn8RMuUB6djw7DabU57LfN1Qy5zGamfHopQeOvWhRpWwMp0IBQYDt25a3vcfe9dcfrsqfgPX\\/7juHD5oiKTe4WzEg05mPx+PVDxi2E5kky3Q9rgFu4Rnogf\\/fBH8Z1vfjsWZ+fj8P4DsWfHzmhnc50ERZpzEqv2U0FsEKDH7j27q5vPCgRyODmZMHcmqjm7aFH85nUJpU\\/89CfjsY99LJqaWzwyQllUwpHHLKBaWtri4JE7Y2hsJmYWm+LqCPcjK+2LszEzcTW6O+rjnjv3x1Y96xVxFgZOAuVbYJEkx3MtFAcz+qf3jcKW\\/+f\\/479P8eBHWMlMEUaSjGKKDKYBfCDSxFPlXgXBe\\/EZDxjNNAsGSqHiISUSZpvsxWNc8SqZwG3BjAG2avub7eSnjmEjEpQYd3brO5nTFxOzgYLAHyg7km4mT4SFfQaSmJJJeggPy4QUgRsfoegDS1WvqMt64ODhaO7sjHnFzWQd3ew6fTv9ysl4\\/js\\/iNnxyeB8kxkmsVVRmPBmWG1+CQ0hjeHKgbuNnrqSG5afseMTIej0Kr6ZqakYHhlJ8ZMk0s+zSD9b8huKfEELC1lVVty1Mz7ZyO7sdOEQgrcJASzB6QuI1Jg4jsTXlyo8519ueb72xsm4OHQl6prZQQm9l2L7tv74+Ec\\/HAd373Xc0AVmks0ZFgs7A\\/akVfmjdOyn5DaFoVAYfrSbRHPc4tcm2duPhx7xn4fPUlhpbkpULIYsHCZDeyKVzQ4Xesmf05b8VifWU7z4qaQhBWVIbvTMQyJM1nmIM4WTaWCz3RbuC3\\/QM5szLBteEVTi0NO\\/0numh79V8pgmGJO56j5Bcm\\/TMvv8njwSBmanz1mQxqr302fOxvef+GH81\\/\\/lP4vdO3cHh00C+DKjAmV2yBXDZqFIA5koMpLTSnpY7XjxwoV46YUX4\\/lnn\\/Mc5uH9+2N3\\/3YPa3OhVsUfKL85XQD8a71kua6rrezcvSvuOHFM7k11+wPsV2bCpEfgdi4etiDzuStD8Y3vfCcOHDoYv\\/jXflX1SPUBdwrT7ZSycSCKw0wEnhZxSj2wf\\/Wv\\/scYujwYT37nR3IzHa0N0\\/HwA8fj3rvET5qIdU75y\\/lIaUpMcvPgPPAs6FqtC6SxYjJUvym61tamAFvAFi52FurZLGYANhVP7hFobOEY6br0lLstzcp0CwxZ1alJHaNm2TclbJIZv5jrhWydZ9KKY1yNeocZNTQoPNw3Jbd1egfzNXto9Gim4mMJG0VgkDohrGtUZahXYxdKasluUd\\/kHkQOCYm3nvhkZ9lEOPJLOA1CzNhZ+knosFmEbebUCKdBSG\\/Bi0ES3QSZnBsB3FIQRWHkmrcGUGETIyksVoCZWSkIKm4K168VSGGkioW5DJX3NeK4NsijW2GKODFq1rMo7flTYb5eSGEqgCLsKtrK5o1CLVomOich6NTavIEGaOJnzID\\/6ns2VxrbOnRY5q\\/42Sx7vFVQ1rkKrQ34JQ8g5pW4HJw+FZIXTajO79m7K9736MPx51\\/\\/Wly4dLFSz5alwTaC9RNyDUjp8a+gO\\/OSFy9d8n0FX\\/zCF+PZZ5\\/1LY733XNv7Nq5S\\/EtWeGxH+I2J1bdLkLbaHJQoDjOeveePYVNBkJImHoc0EXpUtpmVRavnzsXf\\/TnX4uBPfvio+odJPks\\/qFv\\/NKr6E5+FAflh7IJibdt3xkP3P+BePWVUz4QtEUdhIcePBbHj+1JwmALk\\/mCpJ0mvF5h4MaRkFSBBGvUdz2MtaCuvb01ErZ46VV6Nkdbga2dzdHS0RhNHWLe7WKqrQqsWVKxcS4WmudtbmyX4JCAaJSAaGxKDF4CWERRgmDS9fPK26wYNDijWFlbz1P6MhrXkjTlJYXHhTV6Li7OiDizspsxzi9Nq1Bm1VWbFxcXNkjzVniL9XLbIM1bz4Sztp+XmwXcFLjAN9kvgApnQXHPx0zMKdz5JYXD2RVb0N1nlZ55YxIOoAgLugZmvD1QltzvBliYvMtpWBPWqtF\\/BRuEMgFRGGBHrJBbiL17d8bps6fjK3\\/+lRgZG3WPFbi2MNosJHbltCjg7333e\\/GFf\\/+F+IF6KJ3tXXHnsTvj4P6DPstsST1uD1vCKAVWijDwT7iZdHW0t\\/uYjTxUVAuS8E3p4+DPt06dia9+7es+quPTn\\/50dHWm85qqeahSNIXJf2iakB3dd919V2zbuS0axDOP33kwjt2x39dj1sFvzLwJQflCQBM\\/b05HCWV3K6H+H\\/7OP\\/hdVhts3doRXd0JO7e2RmcnV74l4dDa2SQBIGbZtBALjWKYTfOxKIwmaeMSAls7uXC\\/2T2Epsas6Sv1aPANIhcMFQ2+Tl174ey8GLwYP8yYPQMzc1MxOzdtyTmnbz5im+32kpzzCAruDG2U\\/2aRg3DUC1isJ6xkzr0Dv4uJuydA\\/NwOI7S9QvRaYmG6Y7ZAbmxTXAglDz2oQSh0pQ9MK6jwK5cWuuzo5mjwBiahigpDQXGKIhvTLp46Gwvq4sJHGVek4uYbpjA7HD4qMK+sUui8M6STLshBw1D6hXSV2VuRKgrW6QlgbmDepHCbelJqMIVmwuUfDCHhw8NrHk5KQ3DMs9Dtzm5X4pWhqzExPSlBjj5BCrk1ql2Nc1\\/0dOWGIPus\\/hcPAP+roeSgBpQFT9m3bAuv\\/Mth8Myukl3VXQaVSsVJdq9nTq9gmfMCchp4rsyF8+WgUlrXDqlWyAUsT\\/YGoYZj0rcygTVh7YjK5Z3cJUw5W4q2ls54\\/vnng2sm77rz7lTH9YV\\/+VkxbwI8h+dkKW7Vv6am5njnnbfjz77ylXjie09Ic26JQ4cOxbaBgWhpaBILUftCFVf7opee4zVk8wp08Csg18u2trY4dPCgzyoqkpEQyE+DXui1bKmPMxcH48vqGRw6ekf88l\\/71ejp7ZFf6kj2vMyjIdlWy4m2zubOM2fOxPzcUDz84NHoRsGGzxWhJV859YXH4gHkOJNV\\/lArt+tBKcAaUP\\/f\\/b\\/\\/29\\/dtq1fXRrhtt7oH+iO3r6tYnpd7i20tDZaECy1zsWWFjG0prmo7xBD6WyItq6WaGjZEn09PSJ0iyRuq6Rv6nHAkH3KpxjsloIxo2m7J6DukfcMwIBhjGa8qYfAd19NJn91EjYLMHMulpC5Rb2V+mZVCg\\/zqDfSop4L2Czmp54JE9IwOoaoGHLyHcoKh2NnPdbLUBAEhDEU6FmAyjtCQk9iNzM3+\\/aP4S1kB8d8rCUQxkoCQR88f7BSIPiGNHwV71lA3A6BkOZcGNPcoEBwWqDLuyUQ+Mf\\/jADP7CrZ87OxAqJvxUl2r2dOr2CZ8wIqaSieQKYJYMakv+VLqatus38\\/+dNzGT3Kyd4ApPASbZaFnUzpf+W9Fqz3rQopiQUdQYXJRGiT6uNTTz4dwyOjsf\\/AAddPvuVs8Czl7ppAWrNAYD5uaGg4vv\\/EE\\/GlL30pXn755Xj4oYdivzTw5sZGNVXVZ7njoEjUEtVUvVRSuDkgkfLE0dJchblTvQOHQcb5U5rchonI5U1sHkOOc2rTX3\\/8O3Hk+J3xuV\\/+Fc\\/zcdw6AaahLjwmll4GojTqH+2ctsacXvfW7njz5LOxa2eXQp+KevEc4spUJTz3goQ5bJ4ZESFObI4BN4aS3Yq0LIfsvjbUdXa2qzegXkFnp7tSba1t0cwtaQzAq5s2zc7l6aGY3zIVS40SCq3KXBuooHm2ivHzY9hHDJCJSTRRpGFjkwpW7\\/M+bygdqe2zhcQ88z4GJonYfMbkVWpwiVGmsWKFL0ZsjVZdLpjwFlYbKfw6ERe7JiZHxfy4RS2hvukH6fLKALFCp8PkgqhFQYKKQPRlfKsoFIidaou+J+aMNWn6jwGUlQ0BuVXpuAyqE7Mb9b0ZuM4wizKqBS5XQy6zctltPB9lV9Uw3z24PTVQsYjxMo+3d9+euPveu+OpH\\/3IyDliEGUlJdxkNkAeGO+0etgcSf2Nr309\\/v2\\/+z\\/j8W99y3erfOj9H\\/ASUGQ2bZbgKnidGcdbbs7c8YIgYCIZvpGFAMNCsGTaOe2\\/jLPzi\\/Gtb387jqpn8NOf\\/GR0ShmCf1Xbw8YABk8PgYUIR44cU\\/wtPgWCobj5Ja4QRvgQYoqZFKfnSiDOFeiJTfmv7FbHjufGIfNCUOWOppkQrRGt0wUgZJPE7DRnEqG1J+Ztxq2n1N+Ym1qIuemFuHplKM6fv+h7mK9K6k+o0OGfrS2t0cqlFErs\\/IyEgZA7lhd9QYUyrYc1HGtciQgIBeysPcvaY4f6sVJJHQjfrLY4J5zRR2nsdfPKBLgAKnMKjlsEtzgOfV+U30JEOMMIk4zkVUyfGJgO5ZnMibD87FMEzmejKNQKvUmxAnClwmx5ZvuEfC69VcBMVlYggTmc6wTTb0X4a4ISmBqcklbDi1Ll\\/7VAWTT9UtqTSxPCxNgI1gJCUTm60GR0ojICZXMZZOcgqTdrgNOWGwlPwZrpdYgrYiKP1Z\\/fnc7lrlJ4NhRPvVfsMtTwVxNwsxKLVMqYybMy9PUhh7Mcq7kS6l+qy9lGbZxXtY9DR476+IVvfee78fobb9LfVw9fruQ2IW7VplWpFoQwOcJahm53DTEzPRf\\/4Uv\\/If7dv\\/138e1vfku8YzqOi9nec+ed0dfdrbaqlidkMreMhFKkcBlSj12XZc6Qc2DUB+JWQ\\/fppdt37YxGKZCs9jPHwaP+wSPSbYis8GtQ\\/hpiTnl\\/5dSpuOOee+OnPvWpGNi2w\\/yIfOSedQZMKxEwXzDiXih\\/9XUN0de7W72jWQmCFqWjSXEqXvcSSk+5F2UrP0J1GmvGVEDKsAzFsxau9LMCvLQcpFYoyequNUWbGDn3enap18DESwN3FMw3R92MiDFTFwtj87E4Ki1\\/OGLmynxcuTRsoTB0dSSuDg9Lss5Hk6Rgf29\\/7Nq+U0KmWO4oTaC5oVkMXX4lGNIyOhW004g5gW31D6Qfh1BYkhCYm5j2XcwxNR8Ns6q2E3OxIPOShMQSF\\/ErXk4IZYlsS11jtKnwOZK3s71DPR71LBQemgGrhog00SiZjUojx9a6CkpIWYDIvEUVhcLwLmwaAenDv74hPJxWefd5R4RJJnDnXg7FypOhK\\/vUH0iUBaMSVCooT30HV677z\\/Y2i3blHcxA\\/l62Iw\\/8SAfgc+FLqE+Gqt\\/0vhIcjtIjF3qruk3uCSRhtitjJZISVIbjnC7qAA6FfiaamSq8k0zSKnA6bEzlg5l8uFz9zscqcuZNfhoLmsqGWBNSx2Sd46BBpLpRpAfEn9tjlXZpyCCFn\\/Kg\\/4nMtkpxpTwaUXZc55dDKi\\/iEWMthjcrdNF\\/6mCOM8WLLUmpmmtBql\\/EX0qD0LRXnszMHRvlQTqqaXGPGMYo7j+tj2+dORt\\/+Cd\\/Gu+cOx\\/zipM71dXaUhgwWD2nQu2RzrbaWkNji5oTO3MbYmxsMr77vR\\/Ev\\/yX\\/2t8\\/4knfQHVow8\\/EncdPyFBsFV8gT682KDitFBQ+iwMZEf2THqymZJmzMViwFwYAcou3ZyWatIO9Qr27N8bza0tYvZcRbPka08QXoRRvyBGzd3sWxrltzHm65viudffjCdeejF+5pd+Odq29sQcimxRfqndLUfiLyOQ6lfiJ6k09U3p+shHPh3jE40xNKL3xo6oa2qVLGqJpYa2qG\\/uUvqaor6xTdSFKhIMeFSmUEyduWXAx1zpEuR6mbGaquQ315taWP\\/P\\/u\\/\\/1e\\/iiIqRN17BvOsxq1A4mnp8alKMcou0+wV1G+dilruTxdRnpmal9fOuiqBvpA2\\/7a3tvuCb4SeWiY2OkHP1QhjaEZIw3y1K+lwBU1Jlk+wA3DdRoVKjJbEMM9FDYaiJHooFhajFvc+syWeoC2zXOzc5ZcFGz4f8cUQtw0+EzTt\\/Kebl4LSIqPRKyA9NEqfOv3pMlTkE7BUWxVG3uBBDFy\\/H5TPnY2FW0koeuAiDhpVuTFOMsuPpTSzyQxoYj+RX18hy3+IoYn10fiXgOMAPugDYlZ+eI1CY5bmD\\/PSeA77rx9NjmMoL+xZ4r552qpaRgkvh6q962mmOL3w71sED+6NLwvX6wMSugOm\\/wg5IMS7\\/luyAbJe\\/V91UTUU+1gM7TimwCSIW9bAKy98JkrJzyDXdJrvKp2VJyN8Tk1oblKbsvwCCyUGVn6T+mvk0ZFa0AuQ3pyqHnLX9JSk\\/i9EeV69OxKtijF1bu+NnPvOZmFLdf+nFl+Meac3c8lUvhl8n5km+FuVnSUx1XorZJbWDN996M378wgvxgx\\/8ML7xjW94KSm3fn3w0Udj3569VtJcvYoMY3RdLsymlN5zDv29QKBi1r\\/8rIDMLivxLEYCjt15wvUXqeIeTMmtXJiOS0oMM5dXxsbjx6+8Eu+cPRsf\\/djHo1tKbRKs8lTQu1pzrgWJb2WzY1Ob2yreeP7cuXhZtJwVvaaml3zy6YgU7SHucZniAh34ivgPE+t1zRYG4ghClY\\/D2iyk+BOuDfX\\/7J9JIMgNCc+IFsIEJJKQMb9xCQVP84rBTU5ySiknh7KxSoIAJi3mnApPjKipyT0L5iTYDo4A4Lwj7BEQIEwWtzBcS1foWxS+k8s\\/FZ4FgtJhUJosjdHSYaISBoSL1KZX09Lc6su+txK3ni3N3CxEJYWAjFApveo9UJGJO29CWkncFJtcqAAoPBi0Eyc78poEQo8EAt29JBAcisIbvnQ5Lp0+Z4GAplVdZcQEemrspAa68uJ3nvrRFb0egaDqnCq+mXv1WUsgsEkNobBcIBCZg0v+hbUFQqcFArS9PoCGVSDPK+2AFCP2mNL3InmC7J4n5Vd1Y1jxuhrKH1MKAO\\/YpTCWwfJ36hLl5rTUdJvs8idCz+WUvmHO72sB6SiMBZR9VWMByuGvB6merwTCqSyKKH40RLR7LnQ\\/+eZl1YOJeOCh94kxPmahsFWaMnTgIppx8YGhkfEYvDIcly5djXOnL8Trr7weTz\\/5VPzFN74ezz77TLwixnpZQoARAm5UO3r4cGwTg6XOethZmc35W4YraFALslv+2blfiif50hNh0NXTHQcOHlS7ZzjGuUwCoUDTQO4WpLmfv3o1vvfDH8a5wcvx2Cc+EffcfQ+BuJ1UPAhSKBsBtb5SGeV2zH3wbVKan376WdHyYuzcczjat26L+qbOmF1slMN28YymGLw6HleujKpNNkejeFxdnbiwgsjhJMCc30lX+VuGjaZXvsdGL1Zc0yiqGVjwEdWXLl+Ki8NXYmhqLMYmxmJ4RMxictIraGB0jouHGDM7X7vbu7zDcVt\\/f7GTVsT2RIwcKnx2506ox8G9AhybffXqZU9WWesXuHurJNC1amlv8ySyBZQKDSEFUKHqFJ41CtlxAX+nGBaCiEu\\/uZxibmE+uEhnYmLc4XFZzQyHSCnB80oDJ7smoQB5C6EjsEkeEAg+mgOmKSuSP6Oe0PDwqHcqt3R2q2vHWB8yW6JB4b3145fixSeeitnxCefXO5VFo6nZacdPb4B1V9jRIGj8c7LHPz2Oreo+IyzRYsjzyp3KuWzy0zuQlU56PZnBI4B5dkhgMXlG6tNO5fpoUsNkAo9brRA+rGxSRMvCRSC9\\/uYbcWFoMKIxCUMYJherf\\/yxj8TugW12uxLKDLU2cyW\\/Ktvim4Wi8p3tMsKeRDyZCSd9p5zTd\\/ykJ8MUlB1mhKoMxTO5BSpC3+8pH\\/ld4lqx+03BKAzc2n9ym+PKACNktZjTkusqWITlRiDwKmX8K\\/RE1xwWxmo9K0NOn9NERavYkUMhcTqekluFSfi2L9zWApZV5+\\/pCYVNZdddv8ue8vCqPFW+K1fGY3i0IT7y2GOxe88uMaYrMcZ+BEYBlL7nnnnWp6NSNydV11ld16K8dagO1ymcXTsGor0Dpaw5WtvaUl1TWyL39QoitShoSkpWgCxq5aZCh\\/Rafc\\/ui6cpXfQESMPhI0d86Q3fk\\/KV\\/ACU6ZxSU6d28s7pM\\/HUM89Fa2dXfOixj8a+AwfkhUWhCs48IA29EAIrFzcG1bYlIvNmI3rW3PRs\\/Ml\\/+JP40y9\\/OX777\\/92HDt+3AokfMvH9s\\/Mqkd1QbR+Ml596bno7qqL\\/XulMCpuhtVUUAqpCNuQc1+2S1CpfxuA+v\\/mn\\/1TDxllqGRAERT1BYqIiad7Dmbn0oU3+TJ+3DfUpdVEjepCss6X6+uaW5o9Ic1dCn3dvd5xmC\\/lbld3kSf3snI\\/ApPVZpKqbK7kRK94OS88pwOkR0ElgLDeWlAAywSp1DBTzjyCKU5zNwKEVbi4970DwnyhDscPpN4GYZeYYoo9xaF8e2hLTxj0vHolXCSUhoxSDyH5UBoVVrmHQOXzKio9YSSujApaMdqsf3hN9vpd75CRq6rTJ1Opp7DRHoIcLwsXXK+H0NW+2R5Comf1mYA8r7QDUozL\\/SQ7oGwPivYqwApD1KNiFlQbQrJjaMg2CjDFj53\\/2181HqAaDgBdNtND4D3Ttfq9tkCoAukojAUQwvJ0ZSiHvx6Q4xRKCponSNmX6q\\/Mc3OL8dZb5+KlV96Jf\\/if\\/ZPYvnNnvH3qlHoCI66nLMIAe\\/r7PEE7sHNH9G4fMPNakvLz0N33xl1H74jtvb3R29UdXWrjLY3NrnNp8ld1seDGOV80SyC\\/+3WFHVA2A5X3soMCoAvC4OChQ9E\\/wJBPzrOoJneZxM63lNZX3nonvvGdx6Wp74mf+9wvxcCOHW7zrEuh3RN4onWKJNeda0O1bckgipMKl5zaYIOU1x4JotPuyRy94w7fvMboA8t7e8Rj9u476FVJ1LofPvlEHDiwQ\\/VDAoF67YpShG1Y+V6GjaZ3zRqaAkCDZKNIWn2Exgz7UXb0mbX2SDK0BhhyGuNSoxETHB8bi8HLg9Kmh317WHNLkwVFa3urNIZWCYLe6O+XkFDmd2zfIfOAtPsuMSl1lwSZ+DBs34nAvQpi4qAbrrCoVwaYPDeLTRVXcY6Oj3mH5fDoSLpAZ27WAoIzUhjPJzw0wjSkAyrcIs+pyKqBZ4axElweMHUbasFa9rUhCbrrA8d0Dc8unVw5NwlkEbxO3wW+B6BIxsrU8H69tF8FawZ002LYNFD26X96gggE6jqI4s\\/QxHPPvxpDw9Pxy7\\/yN8VQO+K0tGautfXKGiGihX00DWJYHVs7Y9e+XXHnvXfF\\/Q8\\/GFt7tkZTM4tG6r1knf0DrPSjJ28UkcEymCKyc90v0JDNBWYzj\\/Ug7ZsJK1Z79+yNHdu2uZdvywqmhwWDFJ7v\\/+ip+Nb3vh\\/33v+QhcFW8SR68u4Eopyt9LspEFexwmI1pBSWWIcyBf0efvSheOHF5+L1119WiSyIX45LwWOudlzK8mR0SIn+2Z\\/\\/hfgbv\\/6b8capyzG\\/yOIYCRcHU6YIFtei0LVhmUBI\\/KKgfgFo2GiqSPY2SXtW76gDqK6fMimhUDeLQAgxc1YRNcjtnCrXlbh69ap6EXMqnFYXUEMzk8nSsGem1N28HEPSQkdHhqV5brU07OzcaqGBUPByUP18axFMl4qFbzFuCwcPFyAU9I1JMP244YxJY25PG5ubiqmF2Ziak5CQQJiaL+5i5nY3ejfFMA0T1kykm1HmMImX14yy9eoCNQQjrmSvP+N6gNv0TCb\\/z5YF5Dgc1opv68VQKTgMRRjrgvJIaNagy455XWlXA1yprylQVn5PDeGagd8AUHZGv6T3KmDOCKnQUBNjqnyp8W6U+XrA0QudIoWTQqKQljW12wYpOarVKmPy6QMDZJf6SnUxNTkfb791IV58+e3Ys+do\\/Prf\\/nvx4Y9+1JrrqJQqAiBPuHcPS7jAniPaIj1fYUeHlL22Fvf207AsP33bovbLGnC95aMxtui9DjPtVmEta2tCgEctLAOkLbtPizuWPPqwf\\/\\/+2LGD+w3Sd1LgHo6irWeJqcdk6+OSFNZXTr0ZH\\/nEx+JjP\\/3T0drRGbOSjtxMV44RnkDqCR+8PoALJP+JH0ghFQ0fet9DsWff3vjKV78Sb7\\/9pnktnxsamuyOlYvM63z4Y5+O88P18c6FKdmqdrlKKVUeKjEF9D+l1KktaJzskosyrgUraqnJnIx4E2GsSSuRdRICHW0d6gr2REdLm7UANyRhU32Tu4c93Vu972BWXUiu1GRn4DZ12drF6AkOLX1IQuDU6VNx+sypOHf+rMO3ECi6r2D+GcSIqJBsW0foUFYcJ+HK5J8Ar\\/qOABrn+k4Jg3m+N0jCCykEVeFKjwDmxvAK4THEVDkWO8epZ6YCkIWBzdkJLsxIC6wJhT9h5Vl8KUMOuwzravMOK6XWxY3bFe5pAHlcvBIrbuw1pSej7fws3K0BK5fBroIqcQTrh3UzgVizYEjkSObVWHzDPckT2iy0eeU7TwF+NgopDgwEQSTJf4r1dkNiBpVnhdGpwYjJnLtwNZ798WvqSc\\/ET3\\/y5+NX\\/\\/qvx7ETd3sv0ah61wyrJoaS8mGi8O5MyiikLaGFM\\/xIu6xvpI2ibBGdKJAJTZuzX+jBM4VZfN0QroSKvQmunkFrS+zctTO2bd8WTU2MNhQu4C0FfyHtdeI35y9dir\\/4zuPxC7\\/0S\\/HII+\\/3XAeKH0NnDKniNuU85T41D\\/\\/T2wah8FPB\\/CuCoX2iDH\\/oQx+Jt995J\\/79F77oIXauCCYWigsRwvhFSBH\\/0Ec\\/HZeuSKEemoxFvS+xAMA0ZrKZpzwlUiwDSL0S1wKotD4oFide\\/5obW6KvZyB6e\\/ul0Xd55htm3ixsk5AY6NsW29VN6+\\/ttRBgOSjIKiB0fogyL+GCgPEl+uplYAdhfNcx3zy+T8HQLRJKi2+kK6rCbvZEKYRIubZ2D1KAes4oDHoC9AIQAozLIyikFJjAuKHAMyIMWP3k4y7UJXZYijPHTcZzQeaxfuxsTsYiYJ7Y5Zfrh82GUKP8DXkXuAVDNiMgrgMgBQsE6LndTLgJ5NoU5OIyFoRL77wkvM1JuoVATlJ5U5\\/N2MS0mUhmfft8NMfzL78RO\\/cdib\\/72\\/+Zh0s6e3ri9NmzYk6nVFeYTi3qvDlIQSX9S6y1Cmk+aktMTk8VihVQdlECBXUzaFxpa4qGc8da29u8mmjXnj0ekchxOOVyQw9igfyLV7x95nR88UtfiqbW9jh29LgXwyzMoVGnNKchHnzyvkY+NgpOQDJmyD0jVmqySXcrx2HML8a3vvWtOPnmGzF45Yp7Bh7ORiD4uRQ\\/8zM\\/FQ8+\\/Eg898qpuDQ0r\\/Js0zeVqw\\/kJBpWUqUy1seEm0z\\/NQWCJykVUdp7oC5ZW2cM9G+Pfbv3x7HDd8Sh\\/QdR2WNxZl6uItrVK+jv7Ys+CQU2onEZPit66IZ50rkQHNu27VAXdW\\/09yNcOr2BjIqVJkALpqy4Wbra0tKs3gZnJUkotDT62GrOQ+ICbM46WlQ\\/mLOTGlokMSUDrH3QfTFCSnUaldMqw8cNTB9tAMHQmHoLijunAbcuRyqeDQkQJKsgfy+5AxRTYaoCcSdD8SyA8c+UNnzljysCXAWlQFZw15zHPH55YyBaiT6uC5UMvBdgffrktK5Mc\\/J1zapfgdstuG4eKN9wCrVMtEl24dJKxybn4\\/kX34qPPPap+Pyv\\/904eOSYlKhF9dgvxvkLF72x1AzGZEvCJD9t9ofMbMQdOKJG7XRS7XxOSke53ldNy83XAym2KvKPokFocSTFwPbtUh6bxBeUTuGilElfCSqHi6q702KXz7z8cvwHrr08kc4mmlcAhMHELsPTMGGgWuSV2G4ypFWMzHk+\\/fQzovt59XBaY2JiMiYmJ5fVOchNunq7u+Nzv\\/ir8cAjPx0vnhyM81fmY26pQzywTeWadljnzWz4WTPlxbdacM1WwVlBrJnFKZe+8Ozt7otDBw7H8WMnYu\\/uPbKpi4mx8bhyeTCmJqYsofvUFWpvb7dyQeaoJM2NzdGztce9iL2793pCmdVGSMjevr7olNndNTVglkl2dLIiqV3CoM2rlrhHgR4DRczOyCQEVdzca9DaqKcsOOW00Gjkyt3YdIieO14mBIIAAUAcMAtW6XhvhHsOiVQ80UIYZgLoMaRCymH7JYG8VIZoyvaCHE4285l36OH5EeyFHjIr4s5hF95WAeFUUBUfWJaeEhBPduf430XIdIBW14ZruSEvm81Pcr95Koi6apC5vN6rAH2dTiPMLdVb2mxdXZMy3hRnzl6OJ59+QXbN8Qu\\/8Ctqe30SBksWBhcvXvIZO2UlwoJBFCtjpr0Xkgg96aye9piYm1mEPuf6qX8Vc0JCvT4g6IykkHoEv4CRcrcBip2ZpxGlMSHvs2qbT7\\/wQjz98ovx8Ac\\/HL\\/wK38tega2Ob1URw8lK0wgtc8MOUbgBhK\\/ChSH2uRbb70VJ0+ejGN3HPMJr7ZPDipgdiaYl6Du6uqJv\\/63\\/k586KM\\/G2fOT8Yp4fhMs4SfekUW+mkiPJWUqEReUOTKaF6TnivxmgKhsaHJjBnGzRARyAaVbdu2W8vv7xvwxHCrhAYTIQzrcFZ4n+wH+rfpW7fpSURIRHYO9\\/X0pSVpEhwMEdELIHwKljXyTpx+FDbvoFcgSQLwrV5m4vJOSWn0CC02sXm7OpWAHosbr8zzC8LErJNwEJFE8aztutKugLK2jr\\/MyACMqeEVFiVI7krh1Qibz+U4bSrCIs\\/lZzneTUOR\\/v+4gPyA1CbwxvO3GRrnOpGF8HsZyBVKwuKCNEZ1m2dmFuPFl96Il199J+686774jd\\/42z5rjJV8Y6Nj3jnL0e5ZQ94oQAnaZmdXl0\\/IZUn6LQNFZgElzAoOPYJdu3abl+QlorBCHy0jXsEw2cTkdDzxve\\/HW6dPxwcfeyw+\\/smfjrbOTrtL7lM+EtVkdji14AbaYw1g4c3TzzwdR44e8X6JXbt2BceBwwfhT6tAdRUhyCF7P\\/dzvxSf+cwvRUNzb7x5ejSuDk\\/GDNsAPPSd5kAMWZq4QihMiGeonZcVsSYCVTExRlYKccR1r5DdwDD11pa26Gzv9KTI4YOH444jR\\/3crcIZkDBg70HescwwDNE7RGWUeQAPy+h9ZGg4hoeGYmZqOuaKIx\\/E0X2wHiM+87NzwlkjbZfJ7Xp1jTgxkBMMm1okhFqbLVQghlcbyGFaopqOj6DR6+HxOt7p6SAw2GbvM5UUZaocmGkQ7GkQaUTMVDnwp260f2gTKZkVM16SN4Ui97nWyuzKWaBllJ6UUfoqKMzLoLCwG\\/yUcKVbtNY1mVqNiu2k8SzwpkKufJuGlSmiWoKmQBWd+LJ9Nm8QTHgwTXBiFs+QViUaKhg0yfxEKfDMaCWuMq4AJ3uNbzcADlEJcp3iP+bS+0pEWUrmlKTFpcZYqOuIC4OT8dWvPxGnzwzGpz\\/zufi1X\\/u82ysKFMiqv7Hx8WCzaaqrDDlAE2esFEMOXeBvCSFVW0dbzKqNMEScUlj8IKieYG4HlZBUPzFdC7KPHGPqAciugZvP+mLP\\/j0xR3tXeLmdUcJG0eSr3\\/xGXBi+Gp\\/6uZ+L+9\\/3vlgSP3JPRt9zetIzgT8ZcowlrDpbF9ZtlwL2cb388iueRN63d28MXhmMHTt3ud41SyjAd\\/Cf0wW5UwpkI97ZLB788U\\/+TPzWP\\/zP49M\\/\\/2tx9iynyA7G5UtzMTXbEnPRIWyL+S3UAXG1Mi9wspLSnX4pW1CBGlSC6qeECdDst6l7tV3YLelkSZyoHm3N6cKJw4cOxd69e2InbiQEvDHKwzBEI5BEZ1yPIZjxiYmYnpvzpqvBy5fj3Nlz1lDY9YggIPNsorKQUDeU4ajR4dGYmpiM+Tl91zcmgZlobmlHMDDRrDicrFQQENaCQOHNzM3GTDGJTbKp+NNTM8IpdZGnlY50BEe6tyBxdtoW+aSyk6B8WFamDQWV2EpBq9xYhSa1EmQSmUxyBx2gm4nhINMzPdaEIvTkjgqmP\\/u9lkcB2h+NLgPeoA\\/N3u1UkLWh6pBSUZFJ+CYg+62aV0O2h66YlzvDb45T35xB0TwzFGhbYXiFOX\\/bMBC+SgMCsiyPvOon9cMMhuD8VJi5XNMBYSleb\\/6TCYBezgdm7C08rg\\/K9MpDh657RfjOO4kj2dgU+aaYbOP4UxpzWNS1+cXGeOn1c\\/GjZ1+PgR0H4h\\/8w\\/8iPvtzvxy9vQyVJG2T4PDCDlkLQQsD8p9+qfYK1S4KFisP0C7Rr0hUtHa0xszCbIyMjsgupa8sDDJm2ib6bhyKmIqsb7ESuPfAvjhw6EBaaKIyLVhSKkPlZUZt\\/8133onu7QPxN37zN+LwiWMsVzRzTHlMNKNXlDDRJGN1+A1EwdQToamIVmIFZFz2XgNYnHHu3Nl47bXX4kMf\\/rAPBB0bH4u+gf7o6OzyHhBDUaZlMA30Y5iclZOdvb3xkY9\\/Mn777\\/\\/X8ej7PxuT0+3xxjujcfbyfIzPd8R8fVcscKAoZas8q9pW2jpIja7UNb9vEBi2YRzfdxy44ihhVCgBuwJBDpNj+Gbl5GN2x\\/DLxOREXLl6JS5duhRXr1wVI+auhLnK5DMFgX8Iz8oYLtLwsA8VVmGaqVLgerpSK9yk6TCZkgg2J\\/f4AymbFL38FumogL8tOV7OOfLuZbvJ7kR4xZOx7L\\/qrrDTe\\/XrxmB5URNSDis9NgLQ6y8l3OJs5zIv3ozlhnRb4DoqVB4mweu8GNg7p8\\/Ggw+\\/L37r7\\/+DuOve+zzE6jpT1F8WcHS0d3gP0No1WPbWQsqYqALw5lWAwrGJ8arlDUI5fAQBx9mwuIElojt27ozdu3Y53QAyCvcqHf2vi8mZ2Xj6+efjhZdfjk9++jPR3dvnVT1mgRLeCIMs+CqQAkh4g5AEygoiFK9DV6\\/Gs88+FwMSAFzJ+fY7b\\/tUaUZT2KwLr10PMj2M+sG\\/Dhw9HJ\\/63Ofir\\/\\/G347HPvmZ6OjZGWcvjcc7Z0ZjdKzeygHHlnPaKyrQFpaqSqSEn1XYsEAw0y0YvX9FwwAZ\\/sm9gfVgXhJ7XF1TNq7RIzh1+rR7CWwUo3AocIgIMUF6E+wtQBggdREM7IwG2QDHEBNDSlCINOXSXGLOYE5+Z5RZ70pRNRD10o5qkNQInFyTV3+pABFauTBBnCTpmdzy8Dc\\/M\\/KOAfGUARcJ7LUGVF2kMAjMz1sEa6XjvQvr0KKSmVtHr+Vwu+IpwWYLDPdq0e4tqz0OivH84i\\/9Yvz1v\\/k309k8tC9VZC9jLOoZbTYv3qgNuKuFy4FhZY5cGJGm676D0lJ2tR5v4EstxD\\/P9I9ezIIVTlYU7dm710yU9krQ9BDc1OVrcmY6fvDsMzE6PROP\\/fQno6u7V+4UTEXjTrgqFzlrqz7cHEhcI+KFF1+MCfHBD3zgA96vdU68cGvXVp8KgVDICndNmpHXcgJVjuSEfVf16jXtP3I0PvJTn4pf+Rt\\/Oz712V+Nvu1H4s1TozE4PB8zi01y1yyhgHDIigMVhnDgoJvoIQDuHlGRMk0LwA7tyf0Rmc0gC6yAI5UTMqsnY2ccnHfu4sUYHht1IbKPgAIF2SENwycIDsSbk8SfYdJLTyYEGEpa5PusXEsALEkANCg7TfWNSWDMqkMlpJawhR4hYC3CWHQWRXDm1S1M+JPmQPpy9wlLko0ZdHYq364NOF9Ggw2CcpPoV7xfL3gIoBT\\/jYb3V3D7wXVzAwADTgM6qjeunw0+pO79H\\/6QtGMxROzMAFQLZLY71Q3qMhtIMyPaaN1eBvLT1tYaA9u2xSjnnSl0tFHH4c+0nbVrH19qISnhadBLW3tb7Nu\\/31q19xrITqqk4lFcEnaLDXUxrPifePqpmFNP6LO\\/\\/Ctx9K571VNiDpOTEvKcUI7h5kEeOsr5rPKQAoooGeo+efL1uPOuO2P7tu1Wiukx0FtgBAahsJmUVeJQ2dH\\/4Q7oqGuOrX074v73fTB+4+\\/+Z\\/FLv\\/ab8fKbl+O5l87E+cHZmF5oi7mlVrnlfgiOL090QbRsSiBUx5kLwFh6BdbMjNwxuUz3lMwzTkbPYHQsnTs0OT2RegJymip10tZ9sqSQc5MWpmZicVoCYXrOTJ5jt+dnFnwcNyeRgtzPQI+AfQ8weDQDxuxYLcUKKY+3WgiQ9eXZb2pqSCuamJwuCpandzijieh9RXZrgNzLEWuhV8E6JZ3GKalQ6VlYpudNBId484P9CYJciuXyKZszcbLdyvfbCIraE7tCUpFQdRsGy7OwY8yc2pmOrqbON3ivwY9\\/\\/IYnH5nsda9brmGeagSpHTB0UrSP7q1b1+kl1AbiBkgJQ7a7pLlzeu8AO4WbWeaqhOmvmvblYDvIugb6GzqNHvWNDXHkyJHYvWd3cIpvFgbebyDkwhtOKHj9zDvR1tsTj\\/3UJ6O9uydmxaTdM\\/AKG9o7gd5eyKMd4MjISOzcuSuOHz9hRZclp9CJU5pZfm\\/2WrT7jaQ08Qq5hCDC6iCFykT1hs23j37ow\\/G3\\/pO\\/G9t2HI033xqJp555J06dG42JmXoJhuJu+EJjhkLXDQ6jlGze1wPG\\/9ol5TlvhLkINFgqKxtheFKZuN4uVVsVtgoTbd\\/3LQg9l8BR2nryvghKWHBBz4x6DnPc3Sy7CkMVJK0HyVwvCdxqZp81oZXppYGkbmUCJpoQUh6qQrIQUDW7FUh0SOCGZ0x5ACpCtIbf2wqKv6g37xEgITkxZfPNBsqhXNjleKjBNdJhIpXtV1SWWwg5xmyoCIVlH0AxdLr+MrNLdX6hPoZHZuOddy7HKWFP73bXZ1KeJ04RLSknKTDM5L9DPQRWEJoWy7JaiXQZVOs8k7Lyojrf29vnEzsPmXHvia6tXV4W6kuuCHZl0ALe10O3RzF8DsDcvXu3lUqfHlyEZVT7gqmdu3QxZmTzwKOPRs\\/AQHB6K5f9VPKQH3i6jZDbP6cz\\/OD7348HH3zAqyJHhofj1Vdf9bJ9elcDSjPzojl5lOvGIdfiVBvUV9ALQ\\/ELEjxz8aGPfix+87f+UfyNz\\/9WHDhynwTCWDz5zMl4453BmFUPal49hYVo3JhAIKLKxt8yKqMEkN9TgmqA3OmzP7JkaosEA4WMgFhQAOwo5LkgCQXi1uHA2PkTb0XjZ6kYOwvnVQNZtoVw8PCQngwPuTdhghICCFMGiTg9XD9kl1IkLOKwrQSSeyXYFYAZrZ1VSMCyHlIBuM6VjEpfRGV\\/tnNLSOHg2mEWz7UAYQjdbhU45lsX\\/AYgUwlQZVbDN96iRKVyS5joLxo4KsUog+uvnq7Rme52ANq1MJXfLQdFkWMj+kQTNF3ZFhXNjN40a5S7xhibmJG2eS5ee\\/18tLT1x0998rPxsU98zO5SnaZdCZ01\\/zOk+i1Nsr4xtnZ1+xgHWRirTN+tfBlCp9T6c0vaYsbG5G1zWxraOX78WOw\\/uD96+nvVU2mKBvXAid89mmoSakJuGzBOBMEB5kCUIPKhLMkM6p\\/4CE4X5xbirbffiR1790bvtgGlHQ2ZSIrylj9+LnnyRs8hSTLHc6sApdepUFreeONknDp1ysKNpL340ksS3m\\/HXqV5+46d0SH6Ob2iaxrU3iikPPDfCJ2MqRdlFVvp6NmxPR7+yAfj83\\/vt+Lzv\\/mP4sjxR+PMhcl4+Y3BuDKKCNm6qVivGygEEkdiWf7JiiI0+tm5We61VkJSReU4Wi7rzjUR9\\/yT0eDKJAs08FyR0xHZKmoVrssW93LnulATqLrpVwXCEeEWJFzcvV70zD3hexxegWXmXguWhSQ\\/uZeQftne\\/\\/2dpz\\/kjyvAy0VrQC1htBnI0fl5Y0HdJCARKoll+bqFCXMly1i85zTw3YA5MTqjiWXHGJL1bYSUTNUbt4n0TKkRo6lLRxX8+MXX47kfvx6NLR3xyU\\/\\/XHz+P\\/k78cgjH\\/IGJ\\/bcuOq6UeQQgcRIXR3FYdltzHBuZ0enywM2lpxDg2ugXFJlGxqbPOE7OTHlHnl3T3fs2bcnDh87GrsP7Iu2LoUtBp7BWr4wC4iMMDAYPecT7ZQwOHT4sHsbiZ2rTcoNkHgApi1ejn758mC69AmJUaQrtSUcFZlNHm4LENP8fFrFMzh4OZ566qm4\\/4H7\\/T42Nh4vvvBCDEg4nDh+PPr6+guKF5nbLFA\\/\\/Mz\\/yii6Cpl058KxbsX56Ace8x6G3\\/6d\\/zIGR0K9hbfi9bcHb41ASExvOVhay55uEyuNmF2HYqwaaO9oU+UtjqYQA0YoUDEyuOBt0J8YNwzbq5rUGLjhiTL3kE5y5TDKYLIofsJJm9Jwn77gIwkThArCBaEA6fiqhmEtrJSYNcBpROMQuFKT3Wt7u+2QUiioGN5NIBG3IyEURLlO5IJZWUBFWgpm8l6ArOmhxqSDy+q9OmRqejYuXBqMl145GW3tffHpn\\/3F+Fu\\/\\/rfjYx\\/\\/eLR2dHhfwSzDq+TDba8IMIMDhXEmurAREwHCmWFmomTfKI\\/XwMTIJKLq66Tp7oipqUkLBBi4BU1np1c57T900JtJ02qnlATaSjZnZPlqv7TZPRIiYEtbq+yVf9qYvhdNdxnAV1i5k09eTW02O1I6BWWb2wkIQYRBmjs4btpcvnw5zp47F\\/fce08clsBrZs7lZgBZNSqnRtsWeS9e9BQXFF3b4oFHHo3\\/\\/J\\/8N\\/Gxn\\/q5GB7nVOubDJl5w1S5f5jeABbzXnI64SWng4ODMebjdeejsVkVpqsj2jvbbI5GMeGG+uIY3ZQfawYKF6CwvYu4KFpnLXF3ufFjFWRhkLECGIUpxVVgXgKwNlOqWMv8roDk4vrBFVjon82F3V\\/BXx4oqleqj1ZHVOeYKGZYqDkWlppieGQ63j51MZ55\\/qW4dGkkDh48LkHwd+LDH\\/lE9A9s9xg0k5dqKFZ6WGJKvaJGp2ayuk5RralrMFOWjnrSdu2qviYQBosyLonZ5WgcjMwIi56+3tizf5801L5oEtNn6JhRgYx1TY3uRezZvz8OHD4Uu\\/bu9dWyXj+vfEAXwstCgScAN0hK3ZJPXkZVJFLSY4RfyErG2wfEp4cVXKWNY0EefPBBr45CGWboiOEwJpdZYJOVyZsNzr+eVd6lp2k5p49Sfpfm4siJ4\\/HXPv\\/5+Dt\\/\\/x\\/dfIFAfDBUBMHVYgMal9ZMiiCX1W26cPGCl5ty+QarjGD+TDBz2xIrE1ramvzkTCS6jVzjmCsBBctqBp9Oqq4Ph9NlDR43FLg1\\/VJthhC8p2Elt4gK+Jt9JkDhya8QsWyuah0V62VAlI621kcgea0JyUsqOGeCQizi2gisFeWyDysdbTz4WwgkopqQ252kZfHd1siX55uisfJjZJiS8sdeGnYd92G3SYkaj9deOx0vvPBmXL40Fvfe+0j80i\\/\\/zfjc5341+vp3SOtuDB\\/LIsbiidii\\/rB82\\/VJP07S5GZB1y3+rFc5drcNNFeWn\\/r+EiB9qoFOaBX5U5h8Yvf\\/pYuX3d7oO5AHa\\/ZC2tBuMXmGgPYfPOjexMC27RVkbwFXSe7eu8e9CtKdzh+T\\/yJ8wqmg3gEZDcwrpt3kW6yAnjlz1qsYcUDc6eKb2wPQw+Uo88svvxz33X+frwwm0Sy5P3PmTNx9993uHVxrI9qNgIuaf4JEN5LAP0pHdUP8UmLBk\\/93nLjrFggExY3mPzI6FBcvX4jT507H2PhojE2Oxcj4SIxNjMb4xHjMLaarLHMR1dWlY6dZ+tmg3kFehWQhIMZPVxM7JqY8MS2Ng6VonFoK5HF3Z7rQFkBnH4mIoKCx2FVtSCOneiZvhrye2GkpCFsrjBzXso9FGIaSOVWTKtQKbzOwpv\\/yh5WOyml716CgmYDkQfeczNuSPOLLEd2WCAHntISKWg+iT6gXmFqDUHV8emYx3njjbDz19ItSsiI+8uGfjt\\/5nX8Sv\\/prvxEnTtwXTS3tZpbuARCY\\/DsrmQmoXTDBSq\\/61Zdejm9+4y+8uiW51reisvMjapaesgTS3tdE3JYQK4XPvqE3Tp6Ms2J2nrvIHuQkt0mY39aurtizZ4\\/vPD4h7RS8884745DeYZplBpnb3LWgSIWQdloXFy9ejH\\/\\/hf8zvvCFL1iJROBd84KnmwhZ4x8SrX\\/wgx84bxnOnT\\/vGyPvu0\\/lJ54GbyrPrdxyWEo0kpjUSyofAFrXJSl+bfSmh\\/VQgXo2e8tizKkbMjUzaSFwdeRqXBm+IqEwHOOToxIEM7FYNy\\/NXxWSCWQSpRaR+KlYpbrICAfWF9dx4xlPCYiGZmGbtKUWCYRGZYJ9JihCCAzc6JmEgOxSYqJuUeEpGl+ZhzBkKIi4lPGMXlkC6se3ukWF5zeZCxMN1GYqZ0qo\\/IDV1Up54q+yvE8I8D2hzDjNgMU6sKEupNPCc3nYBK2spJTxLMWF0d\\/xW\\/KzEcjRXRuyw1LEq6AamF2Vwua9tLYggV9wVCAPg12np8uxMNeAMnNJJVz4dljJJtmV4jFkl0Al4gSlMKvuhDktlQKoYq4RrhU4ka2Z+pYm1Z2mmJtvVO96Pp557u14\\/Inn4+Spi\\/Grn\\/+N+E9\\/+3fik5\\/9uejfvSeWGuVO\\/jneuQop5QB9X+jFFZc4ofn39\\/XGM08\\/Fd\\/85jdicmLCrspInaDnzT2+1N7lX8EcfnpLP4kVxcMQ8dlTp+PVF19RW5+M4bHxlCf5yfME9kcZKs8cY9\\/W3molD8WOts6eqi1FwduMrof7Ak0v0LR1gAaTWAm2Tqg4nQ8pijt37ojz58\\/F7AxHeqehNIW0Cm8VcIrs49\\/+tuje57oHjwJef\\/11X8y1c+dOpbPRwurWQUGzZUi+k7n6lJ2MawoE+NEylIc1UQHNcJ\\/x3GxMivgz8zOxVK9QhNyrOj49Lrtpm+dVjZfqxJ0pbIaDVFCz+SwhJnw5dkLxcYwugqCptSlaOStpa0d0CJvbWxw29yC4JYvGVWIrIcqVmSld1iLh1CcCZd+C3RR5zObccNPxFiXke37arIdNiUrZzIe0+iM9k0O50QOf1FbcubfBu\\/4VJn1L4ZQhM67CxSrIXXB+OUzeiRaz4yUMoRulvlW67bgv\\/BjWimQFOHwRMz3XA74r78RfCbx2JBwYhtuU9iJPQpNQUAnBcfItFyZW6Ymmk5HhgvIigFVplXWlp2ezylxm2VADbJ+CT3GV\\/RdBrgJbF98qeVadSZbLkTSay1FXKygFZ4sUIGk40+oBnL84Gs8+90Y8+dRronZnfODDPxW\\/+dv\\/MB79yGMxsGsX59HTgmJecfmsf4Wc6jKg9CoDXGGp\\/3qnDaS6x7O3pzuOHzsWL\\/z4x\\/GNv\\/i63ZPPpJziN\\/ljRzDgOpO+LMPyG3ERz8TYaDz5xPejo7U9JiRsODbDMRc0Sf7kQ\\/FlpcmKk344sTNBilP1VekFbS7cEg7o2lsE6Ide7V5tnt4FbZCLr3bs2B4HD+6PM2fPFiMJpFf\\/S3irAJ7mIypEiw9+6ENpCE15oI7Qg+LeZ8zpmlISU3i8JpDoWglfIzMuJsLPmKxxn+pN1R+faAfXDTkOLt2enp9Sj2AkRtQTmJmbDk4gbeXy7Y7WmJ6disnZyZhbmPEmCRUxVdU\\/upkT4xPCyZiZnvXYHw0RBs+4VmNzs7DRZoaLGj2kpO6BhIEXSKg2p4aYgDAVAH8WCLliMVzkSmUCJbeASZK9y9Oys44E5bA3AkmzJ3L+SEdqsgkTbCREaEAebjbkIDfUA7npoDghbsFEVppdRZ3vdyNtNwdSua2VfvR0cpm662wmW1ysj6mpxRgeno4fPfVivPr6adX1zvj0z\\/5C\\/Pp\\/+nfjZz\\/72Th2xx32TbipDqc4Km28jHYp0Pe08182hXtu4kJrPnzkcPzwh9\\/39zrxSdykdKeyaBJTXfNM\\/hI4bMpOvYPzp07F+NBQHD961GPkFy9ecHquB1K4Ccrm9QB39AAQ+OSFM9DYhMrx\\/GjkbGirNvRbD2+++aZPM73v\\/vs9BFcBJQGhd+TwYSsjG8xeFXDvglbZLMP0+UZh\\/RJfB5IWIkYrrX90ZjSuTg7FpdHLcWn4coyL+S80LEZ9W2PUtTTEJMJielI45V4EIsEbJkQYupps4UaiukBFJOiE9uZLcUo5tUYnyc\\/OR9YbLztwr1TYplkyGqxpuLLLXnFmWEXD0reVsKZgqOGFYFyRK9\\/WDveWwBpJfdfB6YIWwrLUFViHXIf+a0MR3g3C+iFsIvw1nOZ6l4omC4UGC4IXX3wjvv7170lrPBa\\/+mufj7\\/3W78TP\\/3JT6eduY1N1nw5xn1J2iQAQ9lImvLy6Rwrpwrjix2x7IzlTB3cJGFQZb20KSaX3RBrQCVmKRV00ieHR+KNF1+Ond29saOv3720N8QQr53CNaDsca1AViQNZ5yOzFwJGncaI1dvp601XnnlFWnq49cUcNcLZd6QedGTTz4Zu3btVA\\/lgIVRme\\/09\\/d5Qn1NnvIuwiYoRIaEasj0CGbnZ2J0aiiGJi7Ha6dfjZPn3og3L78dFycuxoWx83Fl9mqMbRmP6abZGJ2fjIvDl2JE3acZVe5pVW4PFqjQkkItBi8px5i\\/TyoVcun19CR3Iaj3MAqOS5lMFRANJs\\/gQ1OTVQT3O+ERKEIAVHwoMXxHK7ZSWrjLZr7hJ61EKjUQ7HGrSMrvZbAWJHQ4Nx1Wx7chWOYtvWSrW5POa8Ny0hVEu15YgyyemFNZ+U5uUOYyXn+cNJPsd3UYlbrkdFm0uV6gMrHpcl7IscMMo7x88q349veeim8+\\/mS8dvJ89G87HL\\/+m\\/+X+Of\\/4l\\/Fb\\/3934n7H3ooOnu6vOhibiEpSYRVyYfCtmZZAtdz1d9M41xP2awF2qw2xwQnylGjGNTdd90dv\\/d7vxf\\/8n\\/5lzE5ORH1Hr5V\\/ZdfcNvAdt\\/e5WGuFUA+60WTLfOL8cqzz8cf\\/N6\\/i85ojIeP3hlNamsDA33xwo+fj5Ovv+Y057aTlbJbBcQBzZl3LMbBBFu82vH3fu\\/\\/8PDNrQDHK0RBRbF9\\/DvfiU9\\/+tPxqU992gcHInRZMEPpffOb34pPfPwTPsLnvQibEgiMzXGOCEtKWSk0Pjkeo+NjMTE7HlNi+vN1CzGr6j8xPx3jM2L+EhowWHb9sit5bl5f6caqUnoIRwyYsfrUgoSqLwwrc3Ip6OMoVOmogMh9jrrOR14b1S1EK8jDPEanVUAFVDw8q1UjRcQTRIfwu9zYvRsEKKEgv8lf1X0lvBxPkfRbBdcTtnOkdFFBc0MEMg1ymJnstxUcYRFxxUzKCgrDPPyZX\\/peTmP2Vni5tVAkzWnSK+lbHqlsy5VOT9PaeZCiw3DQlvqob2rVszEGh8bjuz98Nt54+2zs2XcwfvlX\\/3p8nrPrP\\/EJve+VO3Yds8QSEZKeib2pPjo20lHgCoFQhWp5A6zdhxnBlOclEGgrQHKzFHfeeSJOnz4V3\\/ved\\/VG0qtChx3LXR1dxQbQIosFopQxRzd48XJ879vfi\\/bm5tizc6f9qpF42SrDwOcvXEj1UM7t0wV3\\/ZBSnZBU5rQCPF1v9DHZJxuYCucqnTlzKq4MDlaLrMCbBflkZnpdL774YuxQD4AhuSosxRUpBAwjcd3oexWWCYTMQMqVKkH1nYo1IUEwMjKcbj6bmfaqovn6BeFizGyZ85DR8KQExfS0bytjgxq93VQ1hMxCF0sPKDYQalo7QaPHmVcK0ayURLR3aTqMTYIIJASCJ4nlJysxJJtCJv25Iua8OA5sXAsSunnhTpU4XcKfBILnORZVmLLLK4lAR1BgDmU9wJWHq8ouaTRKsCttRYtZDqYJ7gSpPEgfz1I4TkZ6T4wLq+SWvJfB4RVWuU0ud3G7oEioUyRwIjJ1E9paiQVdRXi3nf6V34XAMpJYS4bmJcvrAOJKTLhAJyslIKWx+tVlo58va6KqqkzrGpqlQjfHXDTEpaGJePLpl9QjeDo+9Nhn4h\\/9X\\/9p\\/K3P\\/0Y88ODDsbWnVz0HKUyL04qDTUKugc5DpoEXTxTxJ4HplwJq57PKhOVC6WOohCNj0tBp1c\\/27dti9+5d8bWvfS1eefmlaBFjJzqUr+ampujg9FP5sZ0x9dDp3o8Nj8V3v\\/2dmFLP\\/fiRo3LbqiSmsLkfHSXwjTfesCJI2vPE\\/41CKhvRiXYJXyiEHDxhSmj7RLAClmLnzu3R2NgQb7\\/1lgUcPayyoLtegM7siaKtspmPO5K\\/\\/\\/0f+FRW6JzyrPpAuYk07D2YEb+kPErF8J4ClbEqT4HrA9+p+GgvrraWJtSBpOnrnRcmCVW5Ge\\/EHWuAc3cUKphQcoZfKp6ceqiIZZ11S7KhxClj2dWrQfG+KGEwK6HCFZozelIJPJcgQvtAuvk0zGO\\/DknhwhSELnC0\\/RwnbRl7CRzXX\\/xhT9L9mvxVTlZV3nzaaaFp+adnBqIkmNpQ+0vV91pwbRfXglSm0LywKMEyq7UT\\/65ASs7yRLlYeabH+kD53WzICTBgds23PTWXhl9Xz6Fw7Eqti6Hh8Xjz7TPxA\\/UIvv+DZ9SLno1Pf+YX45d+5W\\/GgUN3RGtHt6p3A\\/dVqR2xUoil2zloMQsUBZiI61kRl4FnxtWQqm4p\\/9SB4umedcE8XY8VBytx9u\\/fFx2d7fHFL34x3nn7bQ9twLDq1LtpamwW42xwPss0YFjktZdfifPvnI6H738g+nv6UlsyLEWLmO\\/O7dvjwvkLMTY6Wm0vtZO9KXA7Vni0caABBi8zcyy+e13PItcGTB0d7dHf3y+GfNrHT5Oe5dr75oH2xdDknAQedGW04hvf+P+z9xYAehXX\\/\\/eJuytxVwJJIEESEiB4cHd3h+LFtdBSrLi2xd3dCSQhgYS4u7uv5\\/6\\/nzPPPPvsZjfZUOiv7fuezeTe5965I2fOHBv70oUuC85CzoHf0Sa5uRyEM986d+rs5f8NUPG7ANRWNqAlFMLisEp+EHRFiEU8pyBPDDml0WMywog40YwzDGDGPPMgRgtDBhlM8XQmDKH5t6nvucLM9Y\\/BmMqVKrs0B9jeGuHDwBGECyAQYNiUA3CGHW6VpcqitJzJ659rOXruWo6eeaPyjHL5B\\/pe9\\/69rgiBkLa6rDo9U9oIJRG4Z8F\\/W4KyxPk1QP6p2zJDCgdlgt+r3MUgoDQDsUAq62JP\\/41AzoW5QyGcO6DeILKrJBqrJAZTXoyhvP0ybpINGTrCpkyfYw0btbADBh9hF1x4he0\\/+BDx1PKWm59YvpQdjFsndaVHoIohhLzi1SGN+sJYWwLa1QeM6UuiVz9TXMwy9I7QS2BUbKWwbffu7mf\\/QgwNLReA3tktgHGEUJ6YZzlbtXqVTZk02RrWrWetm7Ww8uqTkZGQekXl16hBA1u5bLmtW7PWGWAZilwIqWqnrykIJRcIcXgIOHN9jRj8CuWzctkK50PBa0CkAPRVSLe+ysOuCQsWLvDfRQTnrwGlCy8iGYTQ0KHDfDuKAQMG+OI6x7v+OaYVl\\/ELJskw6+hfBUq+NYG6liU4P1T8rQK0B99ASgTDAHBudq4aJs\\/ysiRxC6g++7IX2IYNLJPPCjMbxFNdb4fy1ZjOgHXvwsEFBQIkMHvHsP4hf1i8AcFClG7iCbEEysBvNBymmdEgmKhxNhEVi4yOayQkbxw9dqFASOUTMZc5FuHlUDkzxw2qIpwYHFLdNwHFAamlgt55ubj1\\/4tDeOYErD+uZYFY1+Jp+pP4LiPov3BNxfFrfO+\\/NgdbTS7\\/J5CqXmG9UmFrAPRnNgFUBNsTNYixiwYqVtG1suivquVKECxftcF+GjPRZs1fah26bGdHHnOSHX3cqdZ\\/wF62TfM2Ql3YWoJSuIWt8vhVeWQG9CMshEL3ECFA8frEUBI4HXl\\/UBxd6YcuIFLxC+mrnDWQ9tyjRw+bMGG8jR071jeK4z0DohwqxZYQkThIY+rUaTZ\\/\\/nxr1bylVVKBK9K\\/QYyAfsLJhXVq1LR8Tjlkqww985qUXNRNQfGK9yWs9fWr19jyxUttvhjvDJWBlddTCLJW5s6a7f05ES\\/wfp36jnpwzxGfJDl\\/3vwUboqmv7VAmmydAzBu8OOPP9pOffta27ZtXQCm28cpxySMlvp5yb59xVZAOp1\\/IWwNlLmHo8l70B8LyPJSEjp7Q47lSiAwMyiRQID55+dtFFHl673eZTMQLGbv0huNW\\/eS4pTTA0RKR9E7GjP+hipg+OwCyPJurAUPuKAkDPDZVZKgQGj4HGPFd8GgUBwicaRB+TqRpnDlJqgCzwGPn0Ik977gSVcXQP50U1Dt099nQkgrvPLGSWkOmUAcx0X4GaC0jIoB3\\/h3EaEpyLhNQ4ybfqWbNMH4i\\/Qbh9CVAhAPFAFlLNq\\/AEXLETMs9nQzUEpM6uevMmpQaqKuMoTbFLEQ1Zm0lBCEQq7ofOHiZfbD8JH24aef24LFy+3CSy63E04+zbr36OlnA7DwDEHACn7GCUglFiPsrVNKIB9HOCEF\\/lEJoRSAqcL8UNBY+BnTCjUJwD1MvlWrlta4UWMbOXKkrV271hUslB9mwxRu+RDGFoiDxcF9RfUNdxdnlJM82Uqb7xFEVDijFmWCiih9KJ36dsO69bZk8RKbLMY\\/dfJkmz1zli1euFCWwTJbKyGxYe06n01F\\/8SqD7QaFEeA35UrVfSdXGHejHtmbo\\/xawGhwhYZzBzivAZ2LqXOYDdq3PzAPQcfYwpqNSm4WwOkVTz8nrBVAkEU7Vc8ePj7K1WoZFUqVfEFIPkwfZi6BAJbRYALBvfcnZSaRkpg1hBMPw5wYRUE6wA\\/vToOwkDvKmEBKECwIBlXFUKA7bJZg8CWuDVq1VCo6RvjuTsnJTQghtCZAnEWR2Imcbo\\/z+NmPgXCc+pBh6G8PliZSres4HlnfFKEB6QglI\\/\\/w93WwuZKtJXFTZcglCaWrGi5tq6UpRWgGBIyfhe3wKLgLi2lMkM6i4wapBKNaYeB\\/swgpuRB9CB6ZKXx4qUrbOyY8fbZF197WL1ug+2732D7w5VXW\\/sOnaxa9RpiRmKGKDjeIViNqqtCOTeTSTmVfqpflRp+JYT0VXoxSeg3K3uDZ5cJrgQJsCDYprpL1662IWuDffzJx6pv2MairrRarPQITCRhe+pu23YvnN5JP3EMcYtyVd5XO8MA8d9vDXiJ1M8YM1y6ZIlNnTLFxo0b6wPUMP\\/sDVm+QR8CzhVJxYV3sBIZAcDUcRLBPUP9nJ8IEBb16te1VatW2MIFwUr4V4GxlO+\\/H+K8Z88997TqanfKEgUoVIZgoEytWrbyBWoIo\\/9kUM\\/zZtxiiOZrOQmCqpWr+pS0unXqWcN6Da161epee4RC8FkiMMTMJQDyZCFYrgguRwSjW\\/qFM1YJBp8lgFBICQcfj1bA\\/KzgHYJoEhgqJYdos8FdeTU02+aG\\/Y1YycyqyqougX33UzUGDeHF5j4ko4YJhOHWgJ7HcQg6LnsncYURhaBnCiERyoufUOVQY7sLKeRQBGIHdK2A9+FfOv\\/0VYEUYir+nE9Tgc3GYD+FMcKLkuk3shUX0YqjX\\/okKLT6T\\/gNgjzEzgSPWyxNotGx1RoqE3fc+y+f7RJnvsSYZYOYSYgfOyJlDow\\/hsBIuKc2HkNxie0hlWX6t0KJwDepPIpDSCLWJdA0z8JJZB7FgVwpgWt5vBB9sM\\/QhpyNNmPmIvv0s29t7ISp1qBxEzv40CPsvAsuscEHH27btGgjTTUoOSk+qa8Dowz1Ek2p\\/zjEunBNBdc+SgplBqWYQVD0KxghEzz8\\/BHPlPQI0Be3ojfXasOWFexGOmr0aLcqwCPbYTOThgqxO\\/G06dOsZ8+e1qJ1S8spyFfXlrIUUlKO1BV6CfnuvPNOfs5yesaUh1TxPP6mAZrN2rDBt3eYOnmK74+EIMjNygp9T+WlCl4NAe4heAWeA8rLORD0QZTJiuVVbngNfV\\/PWKTG4C\\/nGDOtVw9DImWFIgU1Gz1qlA+c9+\\/fP+0KwoUNf8uI5hAnwfCUXMsUtqrtfwtwuo9F33IIHaWcC4Q6tepY3dp1rV7derISZDqiPan8EGEYLygvAVFg62XO5WXlhLUFLtGVFIHKen1JW\\/\\/rnjufccQ9rxXolE5wYhYVKlfxPdMrVq2CTSlKICkxaWohgnV8K1EIzplJKvgLBZ\\/xJAsCbQhhUCgQuMe6YMA4NJx\\/l+pYIVXqprRVgRIbKkRz4D1\\/Xna\\/D997Z+CPZ6mQBr2LRdWLkJyQEJ7xK1WmCP48vKNN0I4Uo0ia\\/hVxws8i4O\\/4y0xTEMpK2ULH9nv9pT4IMWJvzIAiddkipHMPv1SGzHsvdAngX8XsS8ku88sS6+YJ6MbzEX7hz9zGR\\/rPvwOfCiIWWy\\/6nTR5un3++bf27ZChtl3PPnbsCSfZyaeeZnvtu6+1atNO1mtVKQyk4yl5GmmhQPC\\/QFuAx\\/IC6b9UiHXLDFsFHt9T9oACwyZyeQWsAUIbS3U+t1JC4pTHaVH9FjdR9erVfWDZzzHRO7Rf3ypG6bFD56jRo6xTl86e0gZZHep9YWdW+p+nKFDBmVnIityq9FXFSVGRhyIQH6YC01QXzJ9vs2fPdtcV\\/KQ4TnysL5USzQe\\/CNM\\/w\\/RT6gM\\/wnMBamPiuGuqSSiMGz\\/G1q9fm37uiZYVFBU+AC\\/5\\/vvvrVevXulpphHSXgdCCngdozi+yxJC9H8bkB\\/4LBPExlBJ\\/SM07MoVq\\/gZrBARs458oFd\\/Pn1UFMNYQYGsA5\\/CKYkcXEIioVRlYToVdFNRzSv5HiS9rvyF9\\/wfCABg0E2ZSGFT7NRUVsYMsmReRs0gdjh95ffO8BU\\/nKEgM1Ll9gbTNVgJmUHxcDlB3KngKaXSpNShJCWDM9BUWSMUksTvCGQSQwYgjDaBzVUgA1ItpAADKeNH\\/w4ooZ4lweYHDUkg1M\\/\\/9JMdO11gc683+P0ZB5s4abK9\\/c779uZb79rS5Sts0N772GlnnmW7DRho9Ro0lJJS2b+Jhdo015BP8TeZT2OICkRmKE5PWwN8C41nZ2eLiWUIBM8tQKTtKdLGP\\/zwI3v\\/\\/ffdCqCf8D3CgHE67hcsWODMkG0tcJfMmjPHZs9le\\/v17h7z8nqiQdAy1RKhlJFdyUARFIi\\/eNFi98vn5oSBbS9fKCIV8sDP2L7+v\\/qpK0TKlHn+kWHjMaBfxzriGahVu4bNmjXTF+QVCkaFstB4Kgp8gkO+GIzvKYEAzyjSTqn8\\/huhzAKhJAhISKxOnToKta06sxLKVfCz+2HuFWQlMOMA90vm4RSBbBT0D0FQkW\\/UmAxQqfnS7Z8mCH8iASABg8uJKa4MbBfoNzMgwtRTESTmKxaKvhF9OJFEgsBkg3BiiGlHQiKweIXGZaor2kWwIAKKQjnKDjH9TUHPti6pXwVbW94IhV+l2uh\\/FlA6UooHQfhiZfFGUeza9Xk2eepse+e9T+2jT762go0V7ZjjTrSbbrnDjjrmBKsoayBPHyW4kjLScQCB\\/4b2LQvEnsRcefpFcaD\\/smh01KhRNmHiRF+5vNtuu4nh1\\/axulinOnXqCgf5PnOwe\\/fuzowZz8M6WLB4kY0e+4vNXbjA9ynzLFMfxv5YVsAymSsBg5ZPf6V8fB\\/aR11fIT8V\\/BQ1QgX9VsD1TN65uWEQG+Yf3cAR4AWNGzf2Ps6B99Rjq\\/u10l2zZo199tlnNnjwAWHPJwFl\\/bV97j8JfrVAAP8ggQET3Ed16tZ1S6GSOkkFqfKEiok0bs43kMWAUCDAZCtVrJxqrECyFMItBF19QZn+wdQx8bA83HSHKhAE0toKsvMtb0Oe5eXoXs94FaGwUZS2voOhkxZagztAeE2cVAguI5UVQZCatYSZHMYjEBShLFtq7Pg+CMmiEJ8RB3m0+ZR+GwCz5Fe8PEWxVRLom1Qb\\/LdBSfXNBMd7+jVMnGmkCvqOw+pZU7BqTbaPEfw0erw1aLSNHX3siXbpH66yQw8\\/2pq1aC0SLA8ZKoimPATNnmQ96D8P8XcJYWuA+JkWw+ZCZtreN2HGehjdKEWhnA8QjxkzxhnxUUcdZSeeeJL16tXb6tSu4xM0vCICDrivWbOWT6ls36GD9yPOMGjfsaME5XHWqm0bmzR1iod1EhpY7kVpPGj1pQLZKCyXBcaOrIErhOzhL77wS2nmlk8sR5o8V0KeNHzZA7YuL8eWrljup6NxVGVg9KHvZ9YbfLAlR\\/PmLXzqLC6psoL3XQkUZlf+8ssvtlDWEjupugWUeu\\/XVPhvhfL438oSsKgIrsHriusnR6Yopl3Q3OleMH3FQADIOuBargArQcxWQoABqqpVJTTQwEVwMNpgIehLBAQlUiND2jBzlsBXY\\/trBn1pZFkDbKi1MafActflWO56maS6x5fEX7qsNB6MPtVIEWg8P5IP6pOM4erELWvAhYCEVWxYiAmNgtkLFSpyHxjs5gDa2zLD\\/T8mmFTxNsc4gS3X4j8XSqsbeI+4h0VBsQlnEZSrZEuWr7bhI0bbZ18MsW2at7bjjj\\/JTj39DNtv8GBr3aataLea5Yk5cUQl1q4HTw11JgiisoZ\\/FzAuQD9CIED7rm17\\/gET48dNcLfY4YcdYbvusqtVrVLNVq9abRwGH+oX6KCC+kbNWjWtUZPGVqu2NGJ9HvtGs22a2sEHH2y9d9zBps+ZaTNnz\\/L4yjjdp0jEeUcqcB8g4g\\/GzRjFalfwYLHrN2TbgkWLbMKkSTZ27HgbOWq0jRo\\/1sZPn2xTlM\\/0ebNtwrSpNmbiBBsx+mcbNmyYLVJ8Xzmcn+\\/91yeYIBQzgOfsQsoh93PnzUs93TzQ70Mo70cAjxs3zrbbfnt\\/9u9sz38HqCX0f2kB0JUGxNdPwLWD6411AywVZ8B4\\/aq1lr1yveWvzjLLkp6FEJB1wMFoBQgMdSQGnmtUq261a8sclRYOE4YenMeK2fphOQqYgfhzPVMhm9XQ1WWiV6tYRfmLeJhOnSehsEHpZuVbOQmEigxE+wADYkH\\/q9HjGIDoLFSFq9JzoaDAs+AqCo0NoUDgFeMAWaBTBd2L+P1K8G8IJLoZgFh0IX\\/SLwJeoPAulu13A\\/Imn1QeqZ+bQipOLHMEbmNzlPjd7wIpBIXSlBxiobYCQuxQCxcGUkdEmjb6l\\/H27nsf2\\/iJ06xTl+527oUX2i79drOGjZuKVplyiaIAMQQIC8v0YbEy\\/PvwUzZA2aHcMH1fC6GiYtXQwHl5BbZ8xSo7\\/IgjxNx6+qD4hqwsmzV7th\\/eEgHaZR0QZxzD4OOZA\\/SJLB+bSKxJ48a2\\/wEH2A477igcTnClC22aSRqMYZSMl9A\\/IiCssrOzlEdFmzN7jv0iy2X8hAk2e84cm7dgvi1bvjxMUMlmbRPrn7LEG6Q0Vq9uzZs1twMOGmydO3fxwXMXVhJEuH3dulf6NFMoSWK1a9V2QTFl8mSv35ZAYtwbl0F3ViRzzGjv3r2KCAPyKYsn4T8dyrO9BIG9TrjmS8L6thOSsqwODAvJxIXRziEqnslsYtaQVCYJhnzLWbvBCtblWrkNBValQNZAIkLAQpC0R3jERsH9U0MWAuan+\\/RFrDB\\/Qr5UB\\/cFIhR0z0KeHAkTBqb5Gr8+pzFVlxZTpQLpi6ByVK5cCQRJEdY+kJe3HY3iwkDXeM8rNSCmNQIhn3phLfgYRPiQ93zrey\\/pj\\/sYHHQpJIHUsxTwbRzoSoPyJf\\/MdPgrAiJq0ioSxwVPCL8WUv0+1FvphPoLl3oY+VhmHWPJ+Qbg4vHCz+KldvA6p0KEkp5tLahEjjpYGiiI5\\/4GdBS\\/LxtQV8rkrhVIV3Q8d+58e\\/+Dj2zqtBnWd6dd7eLLLreTTjnF59mzU2hwOcpC9DYK4DgMpBvS1J8j6j8QqCv1ZACY+wpi0JDoqtVrbeiw4XbY4UdYh46d08\\/nzJ3nPvxtt+1BrRxiO1aRpe6CICDeqosp0k7Z69d7f2I90IEHHWwdO3e2devWuXJVS89C7OLAU74Ob9lXaLkYfp764oxZs23e\\/HnWSwz3zLPPtksuvdQuvewyu1TXi8+\\/wM4\\/82w7\\/4yz7cJzzrPzdH\\/2GWfaGaedZgceeJA0\\/2aFLiMVG5ezCyTdB3LRjdq+qvhQGwm9eapvyeULkKZj\\/WMPtS+++MK3p9itf3+rW4dzp8PXXMFv8fCv9IH\\/KyjPNrWcr5q9YYOuG3wDOVYGblCjeuAdz\\/U+S\\/e8z2VhiASIa9VizpVldleVBl+9Sg0p+jIXZSHojTo109WQy+X1PLiTYE4MBGMi4jZSi1k5aQWVqlaxKtWreqhao5pVrlbNGXY+gon4UKzwj2+zapWqPruJdGlgzPg0BQsgAnddKS\\/\\/o\\/dGSMWjsaIZHQQEZeI5HUmlZkBZZaOOzhh0z7vNEVCRQpQCfL\\/5NP49QP3\\/E8rxr0EZ8B07rf9f3mkFq+Dn0WNs5M+jrV37jnb8SafY0ccea506d7Lyoi9mrnmH1hfBrZiyCHRPcqSVGWIxtlyafx\\/QvvQdGHNYrIVVkOd76oz86Webv2Ch9erZW\\/RPP2DztXybOmWq1apZ2zVtrwwWuWpIn2UhKKeoUWFeoaAx+w8+EPHQsHFD223AbjZ\\/4UJZHOIHEhoRJ46n1DWGoH2U87yXLV1uS5dJKEiA7bX3vjZg9z2tY6fO1rJ1G2vZpo21EgNnQJixSlzJ7MwK\\/4g7F9A5Y53p07R7mBgCDwqQpgVpGw0bNLSVK1YE3Aj0aYngzF7pTcA1NWKE7bBDb2vZqpXqpT8Yxf8YlOcg6Kz12amQZVnrsiQIMoK0\\/w16zmE1GxS45rFVhTRzZvuUk3Zeq3ota1CngdWpWceqVRIzr1DFqlUWASmwYyKmJgwWppul72k0GoD1ABWrVbYqHLUpbaJGnVpWvU5Nq167ln6LmNQYuYqbnZtj2fhBRSxYG9UkEFgaz+ZbEK1PM0OlVJoQRWDiEgQwchcOesdrMs1oeQSBm7ceLwgoX4+QDqyAruzCx3d+VB1cyJBeCVCEPEqjMKD4q5KT+20gVD0NsejUYTMl\\/C+BsiHO28vVeqy\\/SrZsxUrRU54dfNhhdtSxx1k3acQ1atbwjg\\/j986u9ssModGCEHWNMzOQyX8YUGW2imdVr7tiRNvQ+6hRo23ZsqV2sLR5XLcA1VskJj5mzFhr0aKFNRCzdKM5gtLynQLUj+lT\\/MZiAHx6KDdKQ\\/9s2x49fKM84nKQVRpSuEqhMQQBDHn16jUeUEh32WUX69O3rwuTqLDFGYV+722U0sBDEqF9vI1k+cFbdKWczneCqbkJMCaCksc01S0Bg+4\\/\\/DDUT5rbYYcdnV84EkpO+r8ayufniEln5XjYsC5bGoQYv66ErA1ixFm5EgJ6lxYaQShkr9e7DblWIMFQpUJVq165utWsWsvq1qxndarXtrrV61jjBo1kWtXxxq1avboLBQZ9cAW5j48tJ2pUt6pi\\/lVqV9d9Naui35VlJbAADaHAGgL8llgoWDG4q6qKkBvWb2C1lC77qTiT1h9EiuaQbiink1SHDvRSBLAc0C5oYBg\\/S\\/TRPmpI2FSvXtNdW0zBq127jp7VCgJBBBYYRCF4Hn4jhKYsE39SLF7pgPAKdSAtrw9plPn7LQDcoQSI+f1m+fwfgluBVDOFu0y3G4qcdEa3DOYvWGRjxk6wk049zXbcaSf3nQcNM3wb8BF+loSV+Lx4+M+Dcr7+gHEBlB76HBuwzZo1y4XBoL32cuYaVoebHwi\\/etUq69KlS6GgiDXTBUWpTt06aaUIZguuUO4C4rGsWQ0cJo1g3eNuS9OWt00qZABTWVmENnnyJN9gr+f2PZW+yqTvuMbZiN42qfKURq\\/UZ93aNSoTay7UF9WvfaZVCtDo47eUn9XFjE0EIVdYh8zADKfhwhuL8gYNGuRjoB5T79LjBv7l\\/waUd5MJHEUcZ+A6akBhVkWYCcCgVMHG0Ml8TUC+EOdml5CjxqtcobI0+BpipHWEvHpWr259Z7IwblYtYnY6wUjqs+ldBQmFRJI6Tw2XK+TnqjGxCnJk3mIh1JC1UEXfYE3kSatj4zzRmqcBw8ZSqFG9hoi4ikqgplH5REb+F5oqFfQ8mMAQW+o3z2lUlRuLgL1IKCtzi5l7XadOPd+eg+ArsqvIZE7hpySiTHcgIH0LIafy8lAcFLGkx1uCTbP\\/zSAm7cWieOmQWY+tLXRmgbnP\\/P07gMoK\\/cBUaCrcjrPnznG3xKC99rbGTbdRDUQlznz4F+rjzOd\\/AKgH7qF8+lJ2rg0Z8oP98ssY23vvvWzAgN3CCmJVFSWNhWBDhw61tu3apQaUi7YN+ANPNWvWVj9WHxDe6C+ex4b1ng4CODAF860tUK4clzwqHjJg6ZKlPkNo3rz51r17N2fgbtELMvtYuA\\/Pi0KxZ4pGv4f5I7xg\\/MWBtCgblhBjAggOhEmm8AAYnGYR28SJE2znnXe2dm3bKt2icf7XAK7pKI0dIWpW4WG40BS+55Ce08kIoKVAb5gihpAIHQqJzsKuqlatWk2rXauuNWzY1OrVrmt1JSDq+95HDfx3NWlmvuUFHVadtSCXozEVfGA7DHJDiRAezJ41DPkIH5c9zAaqIgYtwSOhU1lEWs7HK6RNeJWiSNC9yhY25Iv1CoE6EaBh35aYOiiQBoedlFM9qE+YjUIIaYQ4BCCmUhxC+iEeAUEU70PgL4DuFLnwdxlB0UvOueg1XcQYeQvZ8DrzWy+prhGX\\/tYF69ZCZsZFctkMKA7tpWukz7JB+MbbTbQCfU6fOVsdvrztIWHQZ6edJSBgCmifqgv04HX7NfX6z4V8CYMVK1bad98NsZkzZ9mxxx5vhxxymCz2mnQtsOpTx9mTh7HCXXfZxefpo6g5pGmdmOWterXq\\/h5a8PU6FStJc17lCqGrX+pM0Erfvn2tZcuWIQll5H9KJh38j2TZK6mKtWnT2g4YfICPD8CEiVEcQo\\/a9Pkmz\\/STMvguCBUruquMKoQyEBcGQtubey8mT5rsbjX93ASo9Reff25NGjex3r16ufCMsHX0+N8D5XHdgB2qlzazo1DQU5\\/NifSvKCmqq\\/qUbzaXL+Tm65pXXkJBcWUgkpoalF1HK\\/m6A+Y1M0hVr1YDq1+zntWvVtsa1pBwqCYNnMVsIq7KifJH81+fbQUbcnzhmShZQiLPstdtsNwNep4lE5CCKH06OQODWKoVK0qoVK0h4VNb+UrjYUO9jTSayFMd3euSCmnQrW+yxZ+INU9WSbaEz5p162zVqrXqQOs8cL9y1RpbsXK1h1Ur17hbjY7k2oonmaI+J7JCCEQPCYM\\/\\/+EPE+ogZpopsOIpcUyvVUlDAiko\\/jsNqSRLAupKl6JYBHJLFdrL7d0hnWxIxb\\/x70LgdYX4W5H5i5MCKH+sW0n4LemZnipQqswQ3sd4AWexRABpkFd4R2nCs8K04334Hb\\/U71QeHEiTJVoZPWmKlata3foN2N1atmprea5YYNkSHXpRQMi5oCss238bUOpMfLAK+bMvvnQ32VHHHGt7c+h7DXbk3CjaoAXN5syabSNHjLT+\\/fpb1y5d1M6iSX0faEH\\/O32CG2igolvL4b6CC4XlK1eo7+OQEw3zv9Kt16C+1RZz9zYlUJoU\\/Xnw0gn\\/SYEstUYq19623fY99M7VS1WCGKRZGPgiHOEp4eOBe+ocqDH8L0FVqYrqL17FE\\/ErJgng+nHK53jGcmIcCuTF+qIJ48fbwnkLfa2Ta4donCnBxpjGimUrrP+u\\/axu7TrGLs1bA+CXMmYGnv0ng5RhMfGK0pQkmX0RiQCC8oGTVOndKuA3ppXu4WsuHPxewkCt7is39QEoy1cDRNxyBB+Ds1x9F9HyFfzgDbbFZT4vFgJ7mefl5PoAFTMh\\/DAPcfz1PuOJGU5Z\\/g7PVIHSXbcuy9bq+ToGu7OZNqtcndmqnPGqeKECIfifyupAfcKNm4k5uTlKb11KAKzyBTKrdI9QcMEgYcBUPTpYTDeVUilQmH64j+UJEL9Np6LyBk01\\/Ex36hixBCA5fVYi+Pdc470y9\\/2gYhlK+07BzXXFS+NKQGrQAywCgB7+ddg0jU3rE\\/AQyxJdCZtCfM414p5Z0Rtt1C9jXWEZtM++1rR5C9GxlArVBXTkiu5C\\/CDk\\/usBXHFRYFxk4cJFNmnSJF9rcOCBB3p\\/w0XMNt7EZHrokO+HqG3L2cABA9IDzzGNiJFwRVCExaKBHmSlV6rkipTP8hPE+JSDwNPNB2G+QrAS2Jus6FuEQAzFfxcGvvKcwo27pqFUBI+vH9Iz8iGF8E1I39\\/rbt26tb7QjMV7lcQH4YFYKYx1jvhxuPXr18\\/daMFyCdn8L0N5NGRfGi5CwXfP7xx1lGwxZTTnMMMn1zZkE3J858f1MrHWi0mvU\\/CrGDcMevVaadZrxETXiLmKgcJEYbIrV6+x5avXpYK08DVrbPX6tb7MfX1OtmXl5VjORuVZkGs5BXm+rS77ouTpft2G9ZaVmx1+q3wblP\\/qtetTjHtVmJ2gciEoEBjQJvWB8CFu54MEakuHcUEnwSbuk6JjBwgEhs\\/gGydGsScKwQWU8sUHjZ8xlZLHLx3iO10VL1gkETZ\\/91sBKcZUM+\\/jj5LKv+mTksGFy+8BW0jWNb0y4V1lVAeePHWaM6sDDzrI9\\/XH7enKDQxDPRsB41MHpXHCw\\/6XAJpt3LiRHX\\/88b5XP3iLuGPAF7qeJvwQ+vbp63v1l8buIlbBW\\/VqEgho3kIYA8gb1D\\/JK\\/NTbrcueIvojjIyi4h+lgnhHfm66p4Z+CaVAkoVk1d8R2P1c6afw+ALaYbcAtDeKMJMIBk3XgJBfI7vXKQq+ozpM+z773+wfv37eTxoD4gp\\/a9C+eUrVtsyD6tsqQLXJcuW25Kly22RwsIly23+oiVuds5VmEdYuNDv584PYd6CxQoLbZ7fK8zXe4U58xfY7HkLbM6CJTZPacxbvMzmL1lqS1assGUrV9qyVStsg5h9frmN6YD5mU8QUeSKCedKOOTkiynrN4H7bAmQdVkSRtkSTKxazJEQkZUQLBWsiMDsQwjT1CCYQBBI+njP\\/+i9+oPYHPQR\\/\\/SNT3FTIn6fQaSZ2nNZwIks4xMl\\/98NW1f9fwNkYFRlg+kzBgT99tllV6vfsLGUBNoxtj0L0\\/Js7NgxriUD3kb\\/7eB0XoiNs88+2wYOHJieIkoNId0Yh62sOa+g7059ee0K1JaAfoKFD5AuJ6cxmykTQvqFZSGUDTK\\/KBoCo64gxUx9u0AWHb5r\\/d6ImxgvA9HQ7iurrlIG+Ek\\/9bVOmwC0gGBMrFWrVr5AjYBywDfMKBoxcoSve2DNk5+rToL\\/H4Dy02fNtmmzZplfZ4brjNlzPMyaM9fDTMLsuTZ79jybM3e+zVaYK2Y\\/R8weAbBQTH7RkmXqgCEsTF0Xq0MuWbbCrYKVa9bbGlkS67AuYOKyQrJETOUrJ1a9VlWrWrOKVayshiwvxi6BQHuj5dFAvp6AhtU1DGTDoCG4oBm4ti9+7aa\\/u15EPARn\\/ikmQHzoXQ0bB4aD60Pp841fg2sEoid43p5UuHcqSkHG7WYgpB\\/vyLxQW+Fa0v1\\/OFCRf1NRA86UXSq\\/+Ls4gNMgrxWDtlIbZsnSa9OmnbVv30m0wSwSIhInAIOpI0aOtAUL5nv6sV08rZjhfxlQ6lh+7neRMGSWDYpNYf38InxttNnq6zvvtLOf9ct718DLAHEGETP9sKjZkM5NrkjlsQxbCqHE6b\\/wPQ6f+BeehFT1W8y\\/fDncz5WtQrnKVrE8W+4z\\/bWiLVy81BYvW+ZjJN6flT5lZPuMkoDuDLCvEfiZOnWqKwlYCp9++qmv2B64+0BZmOGgIMobIZb\\/\\/wrS+PsdQnmYOYx7sawCFuwsVVi+arWHFatXi5GvsVVr17mvMAb2Pyesl5bOfib4YnE5EfDbMoU0Bk48I3h\\/dMSGa\\/kK4bSzmnWqKHAcZhWrXE3EUEHEK0vBN5SrFMY26ODu6oFguXcGngk8U9zy+P8w+5x89FTPRUQ+KOZjCyCTa4jhVx9U5PtgZrqpiekYKcZTK4StJ4P4Bdfi9yWF\\/0yg3RwVqSIWxcrvA4XYCHclYyfjaapdoY\\/Fomu2YGAqsRO7KwyFQDszu2TxkiWpJ\\/\\/7EOsPlpj\\/j5uoc5fOrhkHHJWM4UwgBtOyccWwWSUuubVS9NT5vG+pq5cIfFcY+COiNDT1dbYmCfQUFLM4phPicg3PNm5kBiNnPFdVXhXFg7Jt2bLVNmHiFHv9zbeUYjnfkdVB9cGjFH3\\/RSFSb2L16zew5s2b23gGlxcutM8\\/\\/9zee\\/89H1OYPHmyH8qPUIj48at\\/GSAopv87UJ4B4Mi8UaAJPr1UHSYRgyXAaBlE2iSkNOvMjhhCQLhfSUcXkMoRfPlS0ysy3bSSGlcmZ0Ux\\/UqVK+ie3VDx\\/1VPMf+QNINNCIeKXCUQKipwJW9YPmZjBHINT8XcEQQSAnHaqSqiBiVRBEQIaBt8gVXh5favSUVPJSD8t+oQ8lHQPb7TQmFRGsT3IvqUnzMEIPMeyHxeUtpbyuv3g1hSDypGul39\\/38FYqoRUr+Fqzje4iQlcEVCOYbYkTkEBsEVRuTMSLdxfIAxpGkzprs7hCLDvMqnNi0MOakdJfTZjoE5+LgDQ9X0JnX9XwcsB7a1xt2DW8UZncKm4IgtvCqErWMq+ywjHnFOsK\\/v1r3vUVYGQLcjzdA\\/PXXL18N89f2Nak\\/cvjn55WxDToGU0BxbtnKtjZk5y74aOcre\\/eobe+n9D+2f77xnL3\\/4oQ2fMM767THQzjvvXOvcqZP4gxQ7pUFZwkQZUleggPHegfaWUGhQz7e0fvjhh+2dt9+xPjv2saOOPMpXJn\\/2+Wc2ZMgQW7hooQtRH3RP9YP\\/ReD4YpesdCaugYGH39wTnCnCMGNwxhnuFUEhIrkQUY40Quqe2QS4YRAEftaAGgpBE\\/Mux28x6PIyB9kHxU84q1zJBUU87YxVyJydzI6I3uD61v\\/4XmmHhkoFNT4ai7sSXDCIOLACWGegUAGhkboLU+30nPoKoibgjCQ1M4p78tp6CCyoEFK\\/Y1KxuBmdMeA7hsLfQBRI8fevBb4ny9IZQQAvLeVLXf+1XDMh5ukpZwToMQgFv+rG31AGz5z\\/Ig6g1cCI9MMDzxYuWmxz58216jXwdYeUuHo6+tYFgixJzuLGQmASQUAn+RH3fx9g5syvHzZ0mG8s57Seov9NaUu\\/A5I9VK1aTdZ9lTCFVXHXrl8vBr51eMMY8RZR+9GP4QNLVq+2ORLQM+bOt5\\/HTbKvvx9mH332lb31\\/sf28lvv2rejRtnYWTNtifKrWK+udejV0\\/Y9\\/DA74sQTbPe99vT1DNXUpqQbJyD4KnSHWH7Vkbyd5nGlbfTDvTZkrfeD\\/PcctKedcuoptt3227k7jQODmKY7fPhw39xu7NixfkAO3xe62EjrfwOYZu5t7V0mfVWnUWV\\/TTUdzaSTSlccLHQ2EZu7Y7As1DAM1OTmcApTju6FXDHsYHmEOLh+ghUSGLJbKRUrueCIHT+0sXKU2ekld+YQxBXvg9DgD6YP69e9CuZz\\/\\/nzK\\/FCHgipkkLaZbU5SBFg6RDLGSH+5pvNffefAv\\/ZZQT1KABsjjZ9+gzfcoQ25kVJ87\\/RIpmGuXr1KncPwEDCLLLfH6CTsobfE\\/r07eNa7xdffmGsOA7a9JaBwWTcRQiFihIsjA3mMZtDfcmnfW8RvOMqbLR8K7CNFSVUsjfY6+++Z+99+rl9+vW39uMvY23OoqW+fqR9922t\\/6C97LiTTrTjTj7RTjjtFDv6hONtvwMPsFZt2\\/quAowVOP8Sg2d8JE4mKcliiVjlCo6XSClgId1JJ59kgwcP9t0P4qxCXFAIhT59+vjYCYv4PpRVwilzNA\\/8iuvv3Vb\\/LnBsRY3TtWykXmzT1PNNgCjO6Et5nwH+PsZ3Ew5fYEEQCNm5liVzkH2R2CgPVxDt5+4gXDThQxcOvpYBgcA7MXB34Xgc8uBZiO9lSv35b796Sqlf4QmiwLfG5V7futBJ1aekUPoc+ADqvqWyTL7fFGJsXVOvuZQc97eBQo2mbOB1T7Wz\\/44F\\/Q8FyglzX7FyhfXcfntpdmFOvb8r1jgIesYXVq1a5at06dXsDBohkymXJfxe8LukLTxhpTdp0sSnVeInh8mBu8DgNp8nuMN6L1exou9KvHLNancHq5MEJbBUOslMV3FS\\/RbrYMWatVajfgPrt+cgO\\/Coo+3kc86xMy+62E446ywbfORRtsvuu9s2rVpY42bbWM26ta1ilcqyTNbZR598YstXrHDmHVOnDNw7\\/TpfKAbpiOYuQwKHBA1S3nEfp2gt+cwj1avZNs1sr732coHBIDxuJE6bA2cIUmjHrXe+TfWX\\/0ZQ2TctPBWKldtq0EekmZmGN4qQz0E5YY5\\/buisKGT5irNRhKF7trDwvUIis1fAEvVGIS1vaYQBHRfCFQFKIwnWKnkFBu+FyAQvE8SXaqwYBN7w8V7X4iHWBSgJV+mBOF1+jU3l9eJLdcKS0v+t4Nek\\/fuV5teDC7VUwdAAMwHaWSWNn+mE3bp189YgSmTamYEkaspCWLt2nc+SwZUZ9uT6z4OSyl9SKDMoLnXlG84Q2H\\/\\/\\/W3+\\/Pn23ZDv0kIhE4rngbVcvWZNZ8qw4VVr19iGXFn6QmqIUVpZilKUK33qy\\/ThdRtybJ\\/9B9tusgS69NzemrVpY7UaNpD1UMGyCvL9yuxCWACKJYdpjR031kb\\/MkoPeBj6kBdRgXv6fFEXIO8Lf1NPDuFhNla\\/fruG2VP6i0Ix1heFEeB3w0aNbODAAXbYYYfat99+a6+\\/\\/rq7kVhE61PTVY7idFkWiPmVJfyeEGrq+AQVfrvVUNI3hcVOMdVwF9w0atUYNrIrRV5ieTmyGvKkK0g4uB+LdlPHdn++M\\/1QusDYYo4l5RxyisHHQiAMGkohXa7Up2S1ORRHoRDyLR28oTyhzaVWCpSS9OZz3HooUVvaHIj5hvqnvvtVBQIfW48T8Jk5XbI0yCwSDIMxAY55RPvdHMDU2AIZ7Y5N4HwO\\/m+N8P8CoH05B2LPPfa0n0b+5DuiBsaWilAMaA8YJAPL7DNWU7hetmyZrV67GuePvttce8VEUzShPs1uErnrs9X\\/c6xO7XCSGd6DuL6B8Y2lS5cYJ6H5197PEsvZkGWTJkzy1dXsQOpWvkLsp9SLsm5QvE0h5I+7rFXLlhIIO1slWQbQW9oyyKC7zP4PP8I9xbnMhxxyiLsdP\\/\\/8M3v11Vd9a\\/FVq1aWaT3Hfyqo9qpsml2jYeveuSQIgIGG6+agkFnG2PwF4J37cJVeDH7ovt8rr40VLD+vvBXkIhj0jL2IFBAMG0UwG7ESVKbMlEPaPPEh6XTgmROM3wfwXzzWNUxN1fcEGpnGT5d980D8kLL+fNzC78LVixZLAS4LIfUqBSG+PxR43yGkHng6GVDkdSr473AbvhfEeB4y4vyrkC6fguNd1y2nHQsLxAS2DiKKClNK3WUiKFX5gO9AI0x\\/Zrppw0aNfQM3vnF8pD+N5QnfwkgQCOvWrlUnRgPJSP8\\/BChRWcPWgONEHYPdCJYuXebz7zlj+J\\/PP28\\/\\/fRzOk5JgH7ALCU0asLcBYvt59GTbO06swoVwTttwsfqn+L45crl61foqyQalMLQbqwhytuIAMjz\\/c9QAp1nKBN2Qn3ppVc8cNZz4CMw+\\/K+nQ3bZrdp3da3p89HcUzRQaAHVmvnyfpTofwXQe883wrOW+bMmWd7DtrbD8tHGOD28l4NbkoIyjjNOwCmq7IKnG2xman16aef2HvvvWczZszw9\\/+NIOyAICq4afDBVFo\\/MtBUKAnCY5CuOMJekNi61xOX3HoWgpiyVVKuzBRiQ6mKlr0u1zasy5GWoMZICQRLKlrCLnreuLrCzJUeaYZZQWyTqzd65dNQPR8FnzcVIUWEaC6hqf2pg9KhkUP5+MldIaTrmvGY+ATS4ohPn+FCxorHmJqLKHUyNxlTginsIxST4RlGtv7SaQVgEJ90KAwxYvB4vA\\/R0t9wIZAXf35VSOefAbEu4C5CIWHHawqI6++CtkXbsdEdOPbX6e+KQtFnwq2XobAcvI9x4n34XXhPoIxON\\/o0k4aKICsj3USd2xmB4rGNCqFlqzYqZ6W0RZguiTdEDButQYP6YmhVfGWquzAzs9hKoL5lDVsLRYq9mVBSPr7A0u8ChO1cpOWKoX\\/3\\/RB7+pmn7fEnn7C33nlHkc23qnn\\/ww988kZJtBQgfF+3Xh1r0nQbCYI8e\\/W1z+ylFz+zCZMWSihwRG41Mve43g85kJ0rVgE8QIHemavCVapd09ZkbfAV0PAICkK2kyZNsfHjxtu0qdMlENZ4HVFZcS0vXbzE1q5Z54sPmcbu3\\/DOQ4A1a1b7XkWhDOBEaYuvVKlcw5YsWWEzps+xFi1aezl8MorqzDXELj1EWgWPWAhdu3azww8\\/3C0Gnr311ltuNXkl+EbXzBCh+PMthQglvfutAi1WKsQibK6fOHJSzMIhfpS6lvRtIFH+1x8+RDo1VyeG+Dzc+zhC4LrKKyWg9EVIN14DZN5vUhBAZQ2XojGLf5kJXhbib\\/JNCeBxYtgcCPmpu62CzDKUkEAJNd4ilKVaAHj4v4PS86auIZSzDWIqCNF69euJJmEdmwF9xPRl9uNhhg1rF9Qf\\/ucgc7A1nz2HBBwKw6DoZ59+Jp5dwTXcc845x6699jq7+aabbOeddnLXR\\/SlbwLqq6xDqFmzrtVv0Nhq1W4oRlrVho+cYA8\\/9qp9\\/vVEmzR9pS1esdHWZFeydbkVLDufdU6JFZTPVci2\\/ArZVlAxx8pX3mjrsldLEGUVoUXcRmtluXFcZd16ddNlB6gTA8FYKWw8RxmL92meMT2UTTIDhRQCJ6D9MvoXn0HEucv\\/KpA3g9GdOnW2ww47zPbddx97+qmn7PMvvrCly5aWuY\\/9J0CF3ffa72Zn6oTUQyA8S93HkHqQeY3TNXkUAt+pM4pvh3viBG3TA1oDzxQw3dAi9FSPSANmn\\/qtK2kDPlVV79zSiOkQU7+RG0XT5xqERgBi6n+eKx6yKx03lU7mb4+bugJ8R\\/3IIy8\\/13LycnylJjMsWNBGLvSZJFday4KFtkKaC0ToYx96QWBHVZ8Ox1+KeH1Mgw+VFfc+ja9yJTLnn4MPwOdwRGHRcvE\\/98HfGfGb0qYVmD1VKVVmn8Krq9\\/zTPG44nsN3xXWPaa5dPkyy8rOUr1D+jxv2KCBz\\/P2YxGL9q9SoEyRHCeZcb2G+gmeAmS+1zUVIbxPaYMqHxvX\\/fTzKKtarYbtKQbHKng1gd4HnDmgYqaA7zHz586Z49MOGYTG\\/RHb5\\/eAWKetSZ+YZY3tg63Kg0A7AkzDnTJ5sn37zTe+qyfMkHfbbLONHXTggdZ7hx18YBn3Gdpu7Tp1rEPHjvb1V1\\/Z7Dmz\\/UhNBGewLDxJAWmz\\/XUl27BhnU0YO02\\/6lr79jsKh+1t1uxcGz12kX09ZIp9+tlY++zLcfb5N7\\/Y199PsEkzF9iYybNsxvwVNmvBOlu2WgJhvdnYiVNtl367+uA+6Fmnh9\\/\\/8IPV8A30NvhJbo0bNfSyI8C\\/UX3qy8JjryboORO3hEWLF\\/lAOYvm3DLRMwTJjBkzbeRPP9lRRx9l++yzj76Nfa4olremjTKB7TzYA2knCVWUjSlTptiQ74a4sgJ+2S3WLS+VJUJZ89qaMkV8AFvznev2MWwCMc102sVjhd+F\\/wcGEoD7+LukEN6FPqqr\\/0VhwF9hTIBKedyM+OGuKPA8RktHT4Gnl3oY0+a3h\\/i7ePD4YhJcS0Asjx30Kn1fKmSkHP75fUw2sxF\\/DfxrX5cR\\/i2ZlAFiOUCe\\/iGA2a0WxsYZHy6QU1HSEB9wVWAAs379+sZ+PMyuAf+\\/lhH8JwD1iXWItPTxxx9JU\\/3clY0BAwZY\\/379XPg1k0BwNBSjufjtDjvuKIa6wBeuAeAz7b5zQOhstG2aNbR6DWq7soQlz+H7lSpzgmFdKU7NrUHDTlImulmNap3ECFvZiJHL7Jtv59h774+x114dLk36E3vo4Tds+NBJSr8SvUF9LTBvtqCuUrWyK1iZXoh1a9fZClk5CDKEOBDbLQjCcj57jG31VSi940k5tyqmTJ3qp5\\/t0HsHq1atehoHxfEQn5U1ZAJlYfub5iof50wwVXWUlBVcSSNHjvQ4uPL+E0HoowFUCQVn4apMbPgYIjBlyyufRkBA9qagh2pUHzPIEAqeKp+i1iuQj\\/unyTPG53m85yt++1X\\/cfX\\/1Qgk5BHCk0JQmfR\\/ZnAgeuqTmF6ROKQfQwak35cBSlrlWpTBbCal9KuMAhQry5agrOX8VeBWV4CtLNbvApFB+EaEwnG2GDpT\\/5o2berbUhTrowFiW3BRqFylqjVs2Mhns3AQfdG2+i8ElT9aBmjVr776ilsIBx98iB04+EDf2ZOV\\/yCnJEaWCViEHHiPNv3VV19bPlM\\/+cbf0u8JG6UNYzm21H2+GHC2rOFcy5dw8F2CC2ibqtLCa8tibWy1qreytm12tg5t+1ub1rta61Y7WYtmvaxp425WvVpTaddVZZViIZT3\\/HJzwxRY8sJKASgDbpisrGyfSUZ5itdj7bq1Pn5QsJGDcHhXzne1nTJ5iguR3Qfu7lbF70nJmQKKdQtHH320tWnbxr777jv76aeRtmqVysdsJHBarPz\\/l1A+5cFPBTFnMeDiITBQMTtJbb8qLv3RhQeJEPgdr2pAnCnco68zsMpvv\\/ffmHCpQWH9xTyYReAzCUQQjlA9T1\\/1nTcgnJw0lLjjXB+G7QviOyAyZiKE\\/8NdIGgn7FTYqBcF+m6jB70jEIfAvfJhcJJ7yhIDghQI\\/xdeKRR\\/fhufctFzv01di4Lqo8cQvtdR9U2NVvvb0oGyxLsQgo0VrvF+qwDijGh0CHjy8vGT\\/0Jh+bVZ8GoQUr9\\/W6BMmN4FTgt5udm2UUykbp26oitwFyEzdy+8B1\\/5LqYQ3UTFt3DeEhRvx5Lb9d8D0f1ACTifYOLEifbRRx\\/a8uUrbN999xXDbuN1RdP2c0IU392VgtKYEc9btmjhvvFXXnnZp1QW0r7oS5kxMaRcglBtaOrEllvAuSSFUy59axr1dU5GYy8pcvIdSstVsyrla1rlitWUftVwVnOVakGYKRK9dGO+2lVl4JQyqLiyu2jFBdTmnItdvmIFXxPg6assBGgttyDPVq5aIYtPwkn0QGoFBYmNGz9e9U5swG4DVN4GXr4AJdf\\/twBSplyMndRTngMGDLQjjzrK2+f999934TBz1qy0MhKE1G8NXooyBdq8fLXKVSyEyh6qShJXrlDOKqltQtC9fqteCvoQZq4PA5NnfJ5nIgJ1TGfwyh++5gRD0H9hM7rAoJzpKy1\\/R5qeDvSEQBLBqDMHZoZPnKCO67mTP5ULQSQjZHPVH9cYKJOXL5TDA3\\/K30HvREVeeXcr+H147NkoQFh+L+CxX1O\\/U5dCULqkTTzS9HxSzzKBX+FZDEUh\\/UrgZSk1Xkg7Hfgr8swjhbip+FsLjhu1c7hGDCiddB4KqaelgeMjFX4voGruJhHt+bkG+s25vH4TSwgBpEoR7lwlcQ2WA5Dq1a\\/vg5NobFsD4CVq40BRXP17gbEQGOOcuXPtww8\\/sg8++MDdYMcdd5z7sREYXr5UfCCWtTh9xHrwlvox84eorMpdtGhRED68VH50igpW2erXb2hsQJnP3HGll8mgY58Mm9bDJ8C+2oDPSVjvcyXM2eGYmNBdOE99o+9bhqAukMXBmgeaFItn\\/vx5PnGggZisFyWjzAiClawFcOsgpMnW1tOmTZcwGGjdunVXLOXv3\\/Btxvf8+A2hSNkUGONpIgt299338K0y2GGVhW24ktgSg\\/Gd2L\\/8+2LlielsLYS+vOVAicu3bdXaPLRuba1bNLOWzZraNk0ayIyLob41blBfJmQ9hfpWv15daWG1rGaN6jLzqlq1qlV80znfeE4ChUbkGs5VVmDbCWkKhLALYaFwoNoV9R\\/no3KPhcIeo5UkCMK96yD6nzhODykGT8hgSqlnQHiafpMGf0q8zHQUXCgVex+FWvp56p13f139wsNfAYEh\\/f\\/wWwGDkADT\\/GBgrD5mq5OyNhA7WuKOYFYN89a3BmCOBNwzMK7MjvxrOu6vBYTh8GHD7c033hDTXuiDpUdJE63nwrEQMssUy1g8RPDfutatW8e6du3q\\/vDvvx8iPK3ScywzGAiQOGOuXau2u3nYxDIIghCK9SLJg5BPvLpkYK1Cedwnsl5kEbADMgyd9pg7d45bcRVIV\\/F5zyQABsUZA8jPmH3Ee2Ymsa054weevmD06NE2UNp5\\/\\/790xZhCLEO\\/15g\\/QL7I5188km26667+uK71yQYHn3kEd+CO1qrcRuNfx2KtsGmAQjX8t27drZtCV06W\\/cunaxblw7WtVMH69KxfTp07dJR7zpbt84drYvedWrf1jq0a23tWreUIGlpbVo289CqeVMPLbZpotBYgqWhC5UmjUJo3DAIlgb161i92rUUaluNKhIq7JxYSdaJBEiVlBCJVwRJJRcovnLBLQiu7t7iXp0wjEEERl42iASRIsrNAILAr+GShuKaVVo8laUM\\/m3m98VSL\\/bzfxNAVAylQRmQqSgwiTVr13gbVJdA2FKbZgJmOh0PC2ErPnOAGa1ZvdoXIi2YPz9syZJmlEUhs0yZtLeloP9SX20K5L9a+T\\/x5BP2ww8\\/WK9evezUU0+znXbq63XyFce\\/EqBv9h1jk0Dq1GO77Tw\\/zmimTIXFKielsJqPTfjgb7F+URKkhYEDs\\/CylZcYuzobZSYNdi1F0P3800hr1LiR1ZMiijW43GfAZftMHvYPivmFa0ogyEqIz1ljsp3KftDBB0kYVPF8Q\\/i\\/EQZAmAprxvGdzJI666yz1G6nWtduXe211171wODzggULfLJDoKlY7tLp4beACn+86pqbq1UVM65SyefkVk8dgF+rVk2rU6uWz9pA+tetU1vWQT23EOpJa6gv7aOBzG0Pet4AE65+A73HilA8vSdendpi\\/n4ffterW9vq1Sn8XbtmLaurPIjneaXyqy2BUatmTaslpNWQJlBD5aoqoquGAFE5kfS4uiorYI0wswSzkiudPAamrkI4fnCOiCRTP3fk6hkmt1stEjphbEIBa4Z7nvFbIScv11d0slxfH7nDDL8mnSLJzbPF8xfYKmmqm047Td2n\\/pxYFZwo\\/T5Rh2LnSLb\\/FpG7alUuNe00R3eBuGM5\\/K2uHlf37lqjvDzz5+VdiHINOAjv\\/R7rS9eSpp3yjvr7tNOcOO005IWfuE3rVsI3Z0jEEpUO1DNG8vKG21IgtonSTd0W0n36RhDTzHimOmRlZdn4CZOcFnbYsY9VFb0QMYXG1H8Kfh+AFPgJk5kwbryf1929ezd3H\\/n7wgKUCoxfhM3RlriPHiYVUwZnvwmkihHTo33YhwiLiD38mX5J27CWYNsePZyRxj2Z4jhBWaF4nclzyZKlLvB26tvX6jdoIMHzve2www5Ce6ABUY0spGwb9fMEW7d6o\\/omp68Fqw0IcQoh3MdK4UxiM8I51qhJddtrnwHhsdoUoDysD2Fwu02btr4t\\/rRpU90H37dvH1l34DsA7QYdLFy4wNavX+feCITBzz\\/95H77FtLKcRNGCGuevDfqmlnC3x\\/SbakrdYT\\/YKl2aN\\/Bn61Zs9bdXGzHzbYdDKCDb9x\\/EWIamVA6zfJ8S3UMeKhw6kkn34xEzU6dfrZh\\/QYxNBGUEMYA1MYCNZoaxRP1\\/CLTQYOo6IM9uIuYbsYcdfY4iS4k9k1HwMSAOc\\/WsszF9aB7BA9CoE4dBIIEiK7sT+5CAYGk4L8Vh71notBwYaF3XKsJUTWrp9JWYNsCpG8INdy09AN43KUlK0RlqyLiqiKNgfn\\/vgZAZadhCEwZg2n6fYqhQqQwgFwJhWo1qosByJwTA1XLOCoRCEsQCEsRCHnFBEKhhE+D8Ou+O24VEHDsp8KYCSmSJj5uNITwi6x0l8qPaxQIcZ2BP1NwKypV7q0RCB7UrgiEbAkEdsQMz8tbYxHspgIhMJ5MiEzYBUIKUo8yIP4i7cy4pOsPwhMSc5zF97r6p\\/G3QGWD8Y3+ZazVrdvAeu\\/Qx2cPAbEs4T8F\\/YtMkno56PfMmTPdf9tjux5OF1uG0J5osLhocBlBa3Rqkk2nnQHxGf+7S5J4qepsKaRBPxBA7DfEyV5okG3btbX99t3PtWjSRJsk+HeiQbVwOp0Y+K905hGB9+UsS3VjA7g2bdv6IrBZs2ZbqxYt1eeC64U4+eIXEydMt4ULVqtfN9LzUgSC15f\\/hD8fMzApHmtsxep5ttvAHW277bs6nugv0CfnNWy\\/\\/faeL\\/P7WR2NEGTBGa4WGGSsB0rYkqVLJSiXukBEOIwcMUJvyvl6C9Y5eVSnqYxSebukS\\/h\\/AtQ5WgFNmjS1Dh06+KI5eNfKlauE2wmq9xhr366dlJ1qHj\\/WuyRa+3UQ8FDhmCOOvplBHEa6MX\\/ZLRLNFE0Ygl8naUtgGtd6fq9b64F7tg1m8yjmILOQyUPWBtdqmUNMgInC+LhiDorfqN6qvAKzRPAB48MNQYzKgwSNGA+BMQmQgOaDyQfzr15dAgYhAPP33yGAwBB4h4CQpVMbwVFDggVhoec1q7sQigHBVEPpefoSFFgfHqpgkfAsFfSMvU6oIwer+NkMYkaORnW8gpxcW6IOumLJEvdfqsZeX5gHMy\\/QhYIAoCH1FdqRBG1oz3KqJ0JJAkFMmt80NMKnLALBmb3KkmkhuDmtK\\/cIb4\\/jwiG4AoLVRHpKK8g1JcS9tEK3EDa4QAB416iRLASmLaptiArxhlAyUL4Uyfo9V0J8VvReKelHobYGweu3pxFiBdC9R+dZKp7isN3CqFG\\/+DYK2\\/XspbrRNiGNEDcF3IaMUl\\/rT\\/fz5s2z2TNn2Y7SfGlrooUyZwJPU6CPaE982czkoV1RSBo1FFPW65KYMPnw3Gfbpe4pC+\\/oE1zJIt4TBwjFwCoosB+H\\/2gvv\\/ySr7LFDXLAAQfY9j23dws5xEq1v9c9JMC9p5cRHPR6k+fpl0D4kS8aHP7DUGvapLEzJMYM5wtfzbZp6u8BlIypU6ZLe59hNas1UN3EtPQ8JpcugYQAexsFXG5UO9GflonOsuzwI\\/dX+zXUK5UdTV7R6XP0Z4QDfQ1F9ZtvvvajP9neHIUNIHXOQ543Z667jMDVzz\\/\\/5G1z3HHHu8\\/ewVESSwVQJn5nPiuEgMGiUHLM0oF2jDmUFmJbeL9VH8Xdx7Tfpk2aWOfOnayVBCLjCpz1vFQ0h1cG3gZe\\/U8fezqC4vkV\\/lc0pGViOoS0yuPeYT5vYzU4gzjMIa5Ro5oPHNerV0eMtqozeaCytGs+ZhoZg3DLV0gb3hjmCxPoIAvmz9O7FRIoWarEelu9ZqUtWDhf7xZJ2i2TCSQTW\\/cLFy1QmG\\/Lly3xd8tXSLovXyopv9inja1Q3PXr1yit5bZi+WIJodWWI2acI8mPwMnHnaI8IQSIPzI8gFlNlSqWV5BwAcG6VhEjq1ZNDD8j1KhR1YUFggGXGKFO7WCV4LLCMuGZu7fq1HVCxNJAy2QmExpYIuZfHk3MOyDnSucL2Slh4D1fcQm656pi+qAZZXNKIC0vdaplvKVSQJJbAakUPBR+qjunEp5kBDQ0F1QFsgSZHbLR8uK0QcWNs0NK+ta\\/c4EOMRaWl\\/vIkIjqriwFF5yquLsCSgr+HmtE7FLfOkZ0r\\/\\/8nlyLAumTd5jKiLsHdx5bMpNHvn5TKsaWuHrx1UYIbrRz19BTv3nXsH4Dn9mydjXjEKn4hE0gvKDuKEjLpY0ytVGo8zTZrsfTTgXPM+N3YRDuFBJ9C11yLCy1FSdTmU00i7hQy4i2sdiXy+p88IEH7NVXXrH6devbeeee61skNMJFpfRQ3mCC4D0oBikFwfGULnY6UMfYTsVD8TYFN9uINyySslMgHHXt1MnmzJnlGjn0zqTKihXLWc3alUU7q1XlrIBDZRSulCHchfgEtYOQVZCsk9Kz0nbYcVvr1LFdetIJCgtKofcl9Q8fc5AGvVaWAUorA9xY+5n4ZaEaoSCvwPc\\/YvD7pJNOsp49e4b802UoO8TPioTUu7KAl41rsQDN+HRp3eNVQeC5kiZeFeuTm50TBKNi4YpE+GMVMej87DPP2Buvv6F6jrNVK1eqUMInqaXwlJlXdD8XDwGvgU+B33gvRbeC1ZDWjMSpJk0Zk5krWwi7H1\\/MEo2brWlZYNFYpimrO5mOhgTnfcMGDaVp1wouI6R6TWnp0phw3TDgRAcK55sGFwyaP8wcq4T8CfxGkBDWrhXzz8l2y2T1mlW2SsEtFFkkWCYQBSPzDKhhPsbr2jVrU1bLBl+kxJxsAt+xdDxHSMb6QYgQcMnACPJ174tEQJUIMoxHhBDLTIjjCx5Pf3Q6rAof8FZP5kpdARqY+AgqvuH7fHUi8scMR\\/uP\\/urYSSEEwK+pZ78XwDjZAoDyRI0ajSuTGQQIhYpPXYtRPAL3URMtDtQ9E1JV2hScYGGHCEhwFfBVFsAnjHuBtqODMfCI5YNLEHqAfnzf\\/4ycaZ\\/YRrHs0DV1wS9POgDflFy3RPSSI5pb6YOXBQV5qmusXUnxCyETh1hquAnmi9GOGDHSvvziC3ddrZZQ4jn9gdPccHu88847Uk7q2pFHHmUnHH+8de\\/O1MkAlNEFgNqDew4HWrFiudexrHjcHGDBs6ANBks\\/omy419gaIjSxmLLqQ\\/8PbZ6JB13VvkE0ANGVRNkSKZprxGeq2oABu7qC9JO0etxh06ZOUz9fn4obgPaAVukzTZs0VYohTepMWLlC7SEtmh1Q8WwgMHv37u10+p8GfqynUDN12lSvL8dzjh412nd0Bb8l051Zv3797Hi1\\/\\/777e\\/1YvyIaatDhw71PhBOmgxK8a+FCpdceOHNMHGIh0GYPDFJNpPCVINwyYh9RaJLhgahI8JgAbTmWiIGGD4NwpXtZPHtu09cRIIZ17hxExcyuHsQOgsk6RaLqCLhM3uA3xAbDB2GidkE4w7MqrILG983SWny3F0sKQRQTp\\/2pjJjwYBUNsjicH\\/9cMkJQw5WENcQ+C6PeArsuR6f50nTiL\\/RhtBCGWhds26NbwNQqVIVFzqYqZR\\/pbTFyRMn2rLFS3zaGytnwQf7uvu0RP1mHveMmbO97rjTcE9QXlhFHMcIvwPzcFdeGV1GQRtHy4PZRPeQrrxLhfQzXTGpvx8yxPe3oX1atWrtHRuGzOZn1NWFGn9KF\\/942zatbdaMmS6MCeAOwsycHpd44cJ9JsTHJZN6hBTrSHXy8IRrZCm6L5Y2Z\\/ki2MaNm6AOM8D3qf\\/xxxF2z5\\/utmEjfpT129hp1OexC0J6AtUpAu07afJkx1\\/Hjp0cRzEf6p4JfL9W1urSpUsdbwx6Vixf0Sc+gCM+zPym+D2\\/sGBXiIG9+OKLdu9f7rVXXnvNvvzyC3v\\/w4+l9Y0VHVR24eDjBKIV\\/MkHHXSg+9Jxn0LTMV2uMG1mWb384kv24IMP+hbMzJrq02fHkplL0SoVQsZzLytBn1PPqdOmWfv27d3FypoE3IktW7bwOFIRpLkulfD6xWpV20aKUm1PI55hQgli0uXKi54rSAHbmGWr1i6w1m0a2f4H7GFvv\\/u63XzLLfaRcPDFl19ai5bN1RYdvcmDf10g4qJPdZKVAi+gbrwDH+y7tGL5Cj8Mf+DuA32mFYAQ8fYsDRyPJSPEabkYlB57UygtLv1vwoQJduVVV9l7779nn332mX3wwYc+hrvjjjsWLW9GAjwH\\/9s0beqrnvHsgI9xY8c5PnBlo8xvAiUUIt0PMgDqLIIpEBykPCaF\\/hdziB2JRCORREYRTJrwXWw4QtCsg4YdKhe+iRYE4xR33HGHnXfeeXbsscfa0cccYyfKvDtXpvB555\\/vU7COP+44q1mrljMcmD5Wig8m6xlpw4TiYDTCKhINz8kDMwygjLh5GHvguTN7EQkFDgw4CJQoKGByDKZTbmfsCvyGbnjmSNMPBOLf\\/\\/53O\\/ucc+wE1eGMM860hx58yN5++21799131Snftbc\\/eNfeVKCzD5MU52SlLp0728ABA2yJBMdCFvqkNNagfcEICzXYXwebNnQmMCYBvPPe276JWTsxmw+\\/+FhMdLhrGLFNi4O3pyyJc85VfU880Y47\\/gQ7+aSTfddMx4t3rKIQ6SUzBKFVGKA3nsf4WwMoG7QhGiFtCy0wA+XSSy+16TOm25DvvrPbbrvN2zSmHQRnsOR4Qqgu2mois3zBwgVOR9BqcOmZtwt0QV+ARsAPnRCN2dPVH8pJ\\/foNPM7mAMwS1inNJ554wu655x4xvQ722KOP2Jtvvml\\/uOwSGzlyhN111102WQKKaaSnqS\\/su99+ssirexs4rr1PBaBe9L93ZUU8IGGAtcP2DH\\/72988sxIFwlYA6ePLpq4MaIOfiGdwQ39DCUToYjFjdYOHhPNMxFHd3ZMqg7smy2dJIMhqz14khrvOeu7Q2eo1qGGvvvqCPfLwY3bfffdLgVrrax6cn2T0BZjdgIEDXLGMLg4AZQ6LkAVprDVgFlRsF9r6PwUiHij3z6N+thnTZ9iVV1zpbbXddj3srbfedHourR\\/wPe3AFWWyXdt2bi0cf8Lx9vEnH9tTTz2V3kgv8F2+KcRf4C2Rx4R2KR5KxVb4KPiXiFgUVODYmwTxrUfLjFq8Yql3ixct9l0Ar776GnvuH\\/+wvyv8Q4HDOf75z3\\/ac2K0p5xySvCPpQAkQWhFkKV7OgmMjOcggQBzgHkBlB23D4hmaifx0PCZFYJwcTeZnlO09MwnWTwOqTpGZsi3xIOJrVq92n6SOb\\/PPnvbE08\\/bc8991wov8LzL75gz7\\/wor38wkv2qq5XXHGF70TRulVLe\\/6l5+3J556yPfbcXVrVfHWqdTZm7BgbPXqUfffdNzZ96lR1JhgNDEsCWp0qVQzX1gprT0nURtG\\/VCRABOFen8c7j1uZzcKUft++O9sTf3\\/WHn72Kdt3z31EoKPcBeI7rpYA+Kix5pi98egjj0r4Peizvr784kvvuHTKskIsZdmAmGkM6CcBsg33CAUnZLU7Yz3Tp013AfHoo4\\/Ztddd70J4mrTb4jQM2rAaCdXFbJmWuGb1Gmf+HPX6oTS2A\\/bf3w4\\/9DA74bjjbej331tVWba4lDyemA0z7HIkHNhsrXad2kVpczOAVYYWj0L0sHC5624DrVHT5n5yF7S7116DfJXx3nvvbU2bSuNOKS2ZEGtD\\/4TxYRUxPfPBvz1if3vkMdtPQgTLqcQy6WOebhJKeA6wmptZgrE\\/YglhyS9dKisxXzyiIPHJHxUqlZMFzYrvSH+pFMoxVpUtqyLXPv\\/yLfvim7ds1JivrUGjatateyerVDXM8Nuhzw620847ueIYFLNw0H0qEf9DQQ11CvyALBBMuKbZsI5ZSSh5eBiwjmOfLS3wn9e7hJA5HpQO+qSkZ5sDRckIYZopgoqxhN0G7CaroK813WYbrytxok+\\/RFAE3jl\\/Tv3hsmchIoPnWJVPP\\/W0u5N8ESEJFgO+KQ1KFAiRiLyAqcwjZBJYYMDBbbE1wHTPygq9ZB4NPuQQO5Bw6KEeDiLo9459+qS12UIIKI1AvmhzjEHQ+NQerRPrAAKlfMTx8QA9c6EghoeA4Dd1ofx0ON6FEMYMQvoQXRA6+KZjejx3UN69eve2Iw873A4YPNgOOPDAUJ9DD7GDDqNeB9nggw+yXfrvarVq1HBGjM8YPyezlUhl3ry5PoPj4ksvsi6dOtqsWTPD2gPVxQP1TVc7\\/I4h\\/vZRTSjTn6X+j9SqX\\/6newL44gqxzJKZjctrzdq1boVRz8z2zQS0UoQiAnO3PXa3PSQIEaBohq7VuGVZNgg4LArp36EKghhLwcuUGYBwT3m5o93pSLjeqAd4XLxooeigWro9Yf7pTu5fp4K0\\/sYNG1mumPuCufPE+FbZk0886WNCB6pNl0iBeU9WH8wILZhxLCwF+gfjQQgJxsxKw10mwORYOYv79ZRTT7PylarYsO+\\/sytkHaAgkcYBBwx2potwcpdnOtmAnMzyB0tL1rc0dQZdF4ieFi6Y7+2b8eGmQFLFgqfJNTPoGQoTA5shTbPmLVqqHonNnjVHnzF+UcFdwZUql7flKxbqGRMrUBDgG4RcK195na3ZMNd2G9jbTj75CFu+cr41blLfmm3TxPKliESFC1xGpQQFxNf0iP9AXvRx6Ddal7jeeMY3LVo0t27duvo6JdqNNicQz+tVaqAPlfRcIeJkC88cdwqZEOP5fUaAbhjLhLcxMM4YF+UP9angipcepL\\/dEsCT6N+sYTjk4ENckWAVNzSG0jFuHOc9Fx2PScvrTUAC1y8qTNSgYgeLsCmRF\\/296fstA3mpO\\/n9d19+6dYBvj4vgwIdgamAuJAwnfmNPxHp\\/\\/nnX\\/izpiKkY485ztp36GCffPSRjZC2zmAai5MOGLyf9dh2W+8kMD9cRKx4nDR5ihMvTGz69Gk2c8ZMZ2ZIZ8xMLAYGedgVUW3irqievXr6ebPEoaYEpCiNSad+\\/oUXbIjM2wqS9p1lwt107fVWXh3oVT3\\/5LNPvcEYrFyzbq2PJZxx2qnqYFV94QkLijDDjzn6WLvwkotszco1Nmz4cF+QAoOhY+SJQPDhMoUOjcJxJwJiS4EOHdo7I6aeq8XEli9b4eXDPQZhoSlTd6bUsnCwazd2lRSDFOHhoz731DPUfubm\\/0EHHuR1ggpYjDR+8njhPQzAk+fypUutljo9hAzj4SyIFSoXOKDjLVq4SNbRP92CAG9sqMbUSPZs8f1wlC5t6xchl\\/Zib3o6Pdsxjx07zmbPmaXyl3NfeY8ePfw52qe7cCpXsBXLl9mEieNt4oSJ6X11dh64qwsCBBrlZJoebpMbbrjBspR2r949rVPHTu6ymzB+vJ8v0b5tW5sloTxr1ixn0DBf3CzM7Jgua4LnE8ZPsD\\/fc4\\/ts+9+NkFWxi+jRtszzzwtBp1vHTq2czyjJ\\/mW27VkOegHW7V8IYsJGmLGHX2DgW7wsNNOO\\/uEDMYefhkz1ho1bmI1atVxS+Odt9+xN996y6d0Xn7ZZd6ulAst\\/IuvvrSVYsRYDgMH7u6WDFSIIoPlw8H4HCdJ2RmYPPess13hmq46+CQHMZxffhntK5lxUUBT4Ad3IQu2xo8fp77xs7ux2Gunc5cuPv12zpw59v0P3\\/tZx1QU3zyLR9et22DffP21T32drTwWLFgoi2YflQ8Xbk2bnjPX8pNsMbhKanNaU5jCTVRpuS1cNtbuvOsma9FsG1lG99n4CePtqaefEu4bunVK+8Ec+WbcmDF25+23i\\/bXuLuM8p5x2plO69CkCuV0RFvRtgzMQ3esy+Asgi5du3pfdwsjRXeM5\\/00cqSNU3v6ILye4Z5OCvJ887uxstQjvTMW1a9\\/f9uQle2ux+VqC2i1pYThXnvt5e7qV199Vd+N8\\/E0lAUG3\\/tIke29Q29vL9zNw4YNs0mTJlsnKXt8w294G1N3XdjhoqV8Xs4wnsUq5bGqP+OWKM6tW7V2VxnTi70mEJ9f440+VxuRZ3vRzjbCL8ePYh1\\/9tnn1lR1w4JgAkzAnUAJhRlIJFeYTnoIvnTGXtrz3wZAzPuSZDBkNE4aAyYKI\\/njH\\/\\/oggKgfDynUTks44MP3vdKHXDAgXb+eedaMzVgWI240U457TTbWQ1zySWXOFOZJeZ3lbSvWbNn+aA5aTVs1NAHp8iPk40eeeQRRyjMrU3rNmJ0tZwxM+\\/7MFkAd99zt7dbxEZddaqjJY0x0bKzNthMMdVF0rY3Xn2d3iZiXBPsq6++sjpi3DA0XFP4oNFcK0srpGFYRINmtf8B+3marJVgmuwMCav07B\\/9Zt0Hflskfzj\\/lUNPJom5ZQsXnS1LggJNAA2uqjRiBAFCr337dla9UX1bKqEz5Ich9vPoUXaYLDAOFmea5gzhhbJuEBPncHryYl3J62+8ZrXq1rYOndpbg7r13IJA6H379VcqX0V3l3FsIZoO+9jAbO7+091eB7afRmAzloLgO1TWEu4\\/OoMTsJCIlfTne\\/5sy8TgwT9MmplrHTp2cIGD0EeonXLyyXbssUe7IKQTP\\/TQAy7I6ku4QR906nvu\\/otVq1HV9hRTYsxp2Yq5LniZr82YJnvhTFLb\\/OHyy33QEU0sRx21QYMGvkcP+Q39\\/gdZS3OsiRh2k0aNXcg3lrA+4ogjbIOsBqyiWTNm2F2332nrlPbDj9zv9WFAmanQiWiFWXoTJ062008\\/Xe9qOW1BZ99996099tjjtuOOO7iL6O\\/PPSt8DfVdSH1\\/Hv3BBFkjgyYHM4exIUT\\/\\/Oc\\/uwuoVu3qPv0UBn7nHXeITqv5bCTGGkg\\/PzUhIjc71906uM4oG5r9nXfc6S5Z6Bp6YAHp4iWLbcbsOW7dsLHaBOHHGYXKi3voiScet7\\/ce6+7HZgGy\\/gdZevTp69wcrTdfPMtXj7g00+\\/kHBeYmeecbZwWlcCcpxl566Vpl5b\\/bWiFJuqtnr9Yvtp+Dc2bcYE69Kto61cttynuQ8Xc\\/zhh+\\/EzFiRn++0waJOrGcY7Zq1q1WXeu7+oZzNmjazY447Xn1jlSuJzMu\\/\\/bbblf9i221AfylZU+ztd952xneaeMDFF1\\/s3gFwAUyVonfjDTdLkE6WIlhZylQF22PgQF90ec1VV9t0tTG7NoALVrvfeNPNLmheePFFF9a4nGHy1113rbf\\/NVdfbS1Eh9A8ihC8AD7C+QeMC3z+6WeKc41P1gn8iy05qvtgPMKcZ5GfAOzWy2yzP15\\/gyuBTDxhK3eExPPPP+\\/nWQDuSkMbyQD6UQTop127du5CatWmtX3x5Rf2pRTvXXfZxZUB56mF0Yuw+BJdRr83gIgI3LMkns5yzTXX2B\\/+8Ae7V8T4+BNP2GxpgS+89JINlTbZrn1796lCpF9JYsMgv\\/32W7vqqivtpVdfsREjR9jHn39mn6ry\\/\\/z73y1HSLzu+uttmpg6EhwiQRM7TRr6VVddZUOHDnM\\/8UdqtG+V3iWXXipN\\/WiXqJ+Lkb\\/34Yf206if7f4HHrCvvvnKrpNwokEBkI8LpU\\/fPna9NNFbb7vVOzhafSqCay9s89Gz53Y+OMg2HWj1Q4cNtfGTJtj+++\\/rAgGts9dOfcSoytuFl10kQplqcxfNtxdfeF6EkOvEwwDkTz\\/9ZN99+5198P779tHHH9nQ4UNtxepVNkFaFh0oNy\\/H7vvrX23WwrnC41X22eef2mdff2nvfPCeffv9d\\/bOe+9ap84d7YOPPnRtr7U0+EnqQKN++cX2El4XiUkwKPeKcHnNtdfZ90N\\/EBF95VrQZyJ0TiO74IILnRCXy+Jhqi86Fu6VB4SjbaRhD\\/1xuL3Ftr5isD+osx999FE+wI4WF4H2XjB\\/gTOwZ\\/\\/xT5sqrfXCiy6076SNvvfhR2q\\/r1Sm0XbiiSf4eBL5jVEZb5e2yDTmp599zn4c9Yu998mn9rbaDzrBhcFxkGOktc7D5bNqtc\\/gufmWm13LZnofXe+lV15xzZ8jImnzt995xz5WB2Rg\\/PFHH3MG8bLobeedd\\/KpngilBg0aeh4oB7OU9tVXXeFKBUwcFxPWEi6+iZMm2WXS7h97\\/HFp3RPErD6zj1XG0SoTs0ig1xtvvMln6Fx7zdXeVvXq1HarDMY+UwIJJgNzo4fSv2FkCMn33\\/\\/ArrzyShs+fERqPGSjrtM9rb\\/+9T77UG3KtjEHHXSQhPEU+0XCs\\/9uu\\/lA61tvv+V9i\\/7xleiHuND+e2Kcf\\/zj9U5XZ51xplsEn3zyiVt8HObCQr1HH37YtdnxssiOP+EEnwPP2N\\/RRx\\/jFu4PPwyTVtxGzHmjBFkltU9V4bBAAnmV8IOA0X3WGuFuii1WX77xxhv8HOsO0pZ\\/\\/HGYFLSZrsjsuEPfwBzVv1jk2q5dG\\/unhNg3335vH6lMKAgEXGrvqtzg+\\/XXXrerhBP2\\/\\/nwww9Uz7cV\\/1v7VDg\\/6OCD7WGVHbpEOUAJAGCwDGzfKXzPnTfX9wyapXpCE1jdL8jCnSShjka\\/Q6\\/ebk189ukndv655zoNv4\\/bUP2evO+++8\\/2keh1xPAf7WNdv\\/nmOx+Hu+WWW2QFDPcJCnPnznVFZ9TPP\\/u2KOwzhdV1\\/\\/0PhLMcIhOn7u72q2J\\/uvse67frrmrHSbKY54gfXi7aqesCnX6OEsVsyi0BShTej+1kaTPhhckKjz3+mH0lpY7zIsizJAijMpkiohhEZEbw2PovLdtgfuFuq8C\\/1z80+tUiXObi0jG\\/\\/\\/57l7SYpUgrNBGmn54qLfPe+++3JmI8k9X5YEgMzmHu73vgYGdoH4uJf6SAH\\/8BxUWLv+fuu11CM66Aln7hRRfZCSedZBOUxuuvv6a0JlqjJk2lTVxiFymskJZNOsy6Yan8sccfb6efdoa9IK3RiTYDH95pxdioA4zLBYXegw8f7JMpiinpWooEFLMxasgKQrMNvr8gqHOldSBAZkyb4XX\\/8L33vaNCBKx+3WXXXWzu\\/Ln2zrvveDmQ+DVr1bZTTz7JpyWyLgOtAYuC9jpBz9esX2cfvsMMp69stSyGXaRd\\/E3aC+6jSaozZa5cs4ZV0m8IMfq2ly1datfecr00\\/4Y+0I0W9rUYyVqlgZbId7TN1yoDWtG3KQ31tj\\/dZaPVHq8Jp0Mk9CrIOoAJtmrZKjUdsxCCVrzRysmkrypt9rTTz7BxEydJQL\\/vi20abtPMLr\\/mWjtE1swPEi4IJSyCR598yvYcfJA03KXCwddiuJ\\/Y\\/gcfYY8+\\/pQspa7SxB9LuWrCKle0MbRkZm+BS9qirjrojeq0M9TBGRdgsLiyaOyoY4+1S6VRYr1gITL1Vo3ozAfzHQHyoRgzHZW08P0y+4wp2avXrLY777zT1ov5HHXU0e5eQIhSH1xTfSSA\\/vyXe8Ug5onh1nR\\/\\/HwxSNyBG0U\\/tAdMBc3NJziIdqCrIw4\\/3Nc8MEXxYDG5RJYhTId2fv\\/999xi5GQzBvapd0XRF3WpJNxDm39\\/7jm74oor7Yqrr3Lh8tYbr4vR\\/lMCY4zt0q+\\/n57GPjm4KLD4mgvHzDqj3Rlj69K1u1sjlLm3lBraH4WM1dG1atd1i5t9jjp17OhuyFqiJ7bBXreeA2qYhZWnlkabzbeq1auovE28nzCL6OtvvnZ3GLSMSzX2K\\/K79bY7xei3dTr76KNPxRjn+28G2B8Rox8tBeHZZ5+VUrW\\/rMaHrdu2PSTQH5Vg+NDqq7\\/cdNMtdv7557tQwEVD2vQL3IJozfCNqlVr+FRr3n8tJolV1659B6us\\/KvVrOUWHWN9y1esUn17infUtOE\\/\\/ujMFGG47z57W68ddnTr6v0PPvCT6bB0Yb533Hm7yvWQuxOhlWrq8xdccIFdKoUBVx\\/fcKKbc0GViz\\/GKHGDbrvtti5Uqiu\\/F9XXX3j+RVeOcJfjbsTNDS\\/ZHEA\\/zoOcLyWuaBwtusQ6+Oijj12gzZw5w987gPpUYLPQdGOUBWIF+BcyJutfDzB8djt9VxosHRagoBBwdT2HcYLQ404+2caoM2A9IK001GDYAADw3klEQVTphC2at3T30Bwh6WJpr2iHfNes+TbWQwg875xz7Kwzz3SfNINzML2mzZrbww89aK+8\\/Ip+57uv+44\\/\\/cl6bLe9vfrKy85U6Oy5ufmuYeyx1yDbb799ZSbf7J0McMa\\/Sb3BYeEz6uADj+oAAHiLA5HUicCzu5T34489YS1r1bRPRNB\\/leaInxQcs6\\/JL2LSF11wke8Bj2DDxVFZ2tgdd9zupilEjwuH+DARJWqNmjaxw8VMcTPgrjrtjNPt7PPPs3adO9vOMhvHjBrtz9VLVBf2na\\/k3+JzxCxl\\/OEFaWhPPfWkCxsYkPu\\/RbCcvPW1zE9wieVDW2y3fU\\/r3H1bO2jQIJ\\/uiesPnLPAaF\\/hDvdVqaB2wbxGc81Xh6opQXTHzTfZ3gceZKefcYadcfopMtOzfF1Bm86dbNr48XaLTGofDxCzfK5JQ9thp\\/5iAjfauede5IoFgIB1+lRgokCYuaH2Ed57997BdpF1xzsYH\\/PBjzjmGB9AhuFgJc2Xhve0GCruuidlITB1mJX7a8XsDhi8v7cfHXPp0mViaMtthJjFlVdeY7NniRaldOA2w4pkOiuunz477yKG1sTHdO6558+uwd\\/957+4y\\/B5dXpcbNAixzsCuC26du\\/u+\\/djbRx66BEu9GDenPj1hSyb3Xff3QXlG2++4f5m2j4C7Quj+kSaNVbMTbJkcWFiiWKpIqBOP\\/MMMdfRPo4wXdZie9HHttt2t1dkSXVTe7Zu09qtkNZtWul3D3dFfPHF5z5VnLy+krLBwlQOwoeWYTj0gdy8bOFtlVUVHbNVTIOGdWzB0gJZ2Vfb0cceYeuF0z\\/84TLvfygo0BKWA\\/0Dgc107IsvvsDmzplrObnZTmf33HOvDT7wAHtCFhgKAsrV5X+4UnTZ1F5++XmfwgswJfoKtcN5550vC+A1FxJ77LGHv0MQw3DBC7smsDkeZ0ewZooZWqzIHvbDENuxb1\\/bdrue9vIrr0qpqW29JBDYwgOPBOcxsJXEqeI7H4tm77j9NvXJXF8E2VeC\\/x5p+AdKabn0kstsv333cbwA++1\\/gH0uS\\/Hpp5+SNTbX6Qph4bzEo5SzFbK2b5UwaNGyhT37zLNuhRx73DHK61RXcLCssfpC7KIA5yGtIqBIxKM\\/s4aE6brTZZF\\/LUELDhkb7Snchv3JApTZZRQr9lvD4IMOtJ9lUn37zbfu54JoMdfZq2SjiJx9hehYq6SxwdznSGrjW+7Vs5drSL126G0P3feATZg62a6\\/4XqZY\\/fZ0+rAIAENEx8fDcnUQIATihAGZ4jZMFUUaY82DkqffvppH5D6m5gCg1yY0JiZxc9uDcj3n0Ug\\/UxXbxwaRB2weFTfdVHp1JUG7dp9KkY8pGXXXXb16Xfbb7+dLxJkOurESRN8J0e29pglU\\/Qr4Qqzk4FpmEeY5RPaiK2Y8XUO2nOQu+PAJ4wLLYnxA9w1XsiMgPuKAbx+\\/fvZkjkL7S9iVlgybM+LPxwf+f777adOeLnj6e\\/P\\/d3dODB7Bh7zhK9d++3qWiSuM5gl+\\/IffNDBLuBKBZXpNRHnibLE0Ko2SOj949nnbIPK0kWa6E\\/jJkhzbWHd++xkBdLAP3znbTHbiXbNtVeLof5ZWu8bLvi2793POyrukLTmk4YM2lV+zMQ5RFYk60hoV5gx\\/nSsIiYWQFsIXyHVlQPuYUovi26YzsqeWrghccPMkAAc\\/fNoKxCjOPCAA+zv6shDRG\\/XXn2NPfnY457uXbIeEHwd2rZzBs6iqXWqX1hAWc4XNjLllPL0FTMK5Q8zaPoLpyxWw6e9\\/\\/77+VgKs0fYZG7QoL3dUkRr7NSxgzPUNOh+nugE4YwAf1tW52wpTLgLf5EwZYVrZwmYFi1ayipaKEH6owv+Xr139PGJnSQw2TPn7\\/\\/4uw+0N2\\/Rwgdsp0+faZ0lOGDquCGwLqE\\/hG0NadYI2IJ80UP+Bikq7Im1TgpaU9WvrzTmLC9aVvZ6x+kxEsKU4\\/XX33BhB6BBP\\/vsM7ZCmjn0tado+PMvvvWFg8RZvmKlva+6MJ7RSpYcjPgfsnqwymbPWWDvvvuBFJGp1qBRE9tdgmDylDDlmPJBz0xWWLBgifMcrPUFi5e6JbC92jxfbY0Ld9XKFaprO2eg3bt19XsGaTnEBthRPKdr1272NymWTPmkvNdde60ExEfuvmLsjHEq1gREwKtx1113uhBgDOKYY47VfdieA37A9kC7qM+3btPW3hQ+rpPSM2jQHnbhhRd6H2cyAONn9PNM70IMpUHmO7wNu\\/Xv7+MrdevWs5deesk9Kr5WQxGhdV90T3\\/xhDOudJz0\\/e8IBZJJOUJItgqTpZCtzoBBhOWQLabCACmAsJiohr7pxht9+T6Eh\\/mHUMB3uG2nrt7YMHT8qEsWLbEqMnW7dO5ii9XoWTLfmI2xYO4cEcdGZ7js4Ig5DPOk8zOdkJWCvXr3ci2KldMQEw3ANNaAnYgQx9zmIWGKHFMeHaEZQa\\/U5xkApjHSVpZe+bRJabSUi0FeVka3bN3SDjhgf7vokovsdlkG98tKOkZaWq46opfdGy6kC6xaudratWvvGh1jJ0xfRbjSpuzJ5ASQAeRPh0IwNWnZzH4a+ZN3tNatW7lPmcFIprNdcOEF7peEifoaDrUR+J44aaL9MGSIXX\\/nXb7AcK2EApZDLWlXrFWgrZyWigUHMQAGg7eTAtC2QzvbZ\\/99bYrMWU7\\/4nzdKggxaaAsHsuvWMV+\\/Oln6yytua3qx0yQ0aPHiIGt8KnHPbp3sxXLWCnOKnqsOFVZeCnEDJDYCCkAA\\/bY3Vq3byvctnJrE\\/cXq4ApM\\/QRx4v4WEXw9q\\/fqIEsx2x759233UUwccJ4MXa2UVnqdIi\\/GFx0lxa6j7RDaImDULC8WHvTtWsXW7dmrdqCGUmV1Q6yiMUQKCNCc5sWzbwN8iQ88vQ8f2O+6HRn5R+mPvfq3UeW7kZZhY\\/ImmjtgiVrw3rX5MM2DRyEG4A6QB8bc3N8pfPtt9xsD95\\/v7TOe+xuCai999nb107gVoVZovmzTxhTN6F93CSrV62yH74fKitijGvTHdp3dLw0kiKC5YCgQDjiflCOuq+sMoRzGPI35tn67DW2fOUS25C1Ts\\/y9K2wD+GL\\/qrKMsI33rxZS29HsTk9Lm+56qPDhw63ruq37GhQqYLwpG9ysnJEy2FK6Xopd+3FOHGvsRfUKSedbLfdervdd++f7Q+XXerp0XDtVV5cet6ICuCRSSZseIkrVNW2erXZfaGK0zGW9tdSTKdNnW5tpFx07dJF1thA9clqEgY\\/2yLxkYpqp25qRyybcWPGSsve3YXxMUcfpTK1sV8kaKC\\/trKqmPaMpQoMHzrU17swmeKIw4\\/w2XDQVVgrYY7322VtDBs6xG7Vtf+uO6mv32bsKst7FLYNWShb1b0eoU6FkNmvMkMm8B0eFPaCOuGEE5wGcIUy3gHuobHyMqzDx56HkEZHIMNUnjFhEtvEJPkNYOi3Q+zCc8618848y849\\/Uw774yz7ZorrnQJTuNTUAD\\/WR0ho4U0FYAOTKPAoNj2oonM8QgQAVs+0OJNmmzjSGB2Ekv8WWVK52NMgXu0MRAB4BOGgeKDDWZUcDsEXBTXOrcM4MyluWtuKYQ6lHNpHBQ6PQPfgjRfVxuwJcMMdbTjTzzWXnz5JXv+pRftEhH7AQcOtp2kTaIdwWgB8nEiCclYzros19LBAeXPlzCILefanBhOYcuCJpVFfzWqhtXcDMSSNgwyCivwxLeubemeDdW4x7dNm9xxy602T0LgdhH8i6+8YifLinv\\/w4\\/sH88\\/H9qCsqVCrGcsUzm1CxoQedZvUD+ccQ3jEDBYybGYbKBGfozxVMJaU9yNwi1tliSsnzCfFskVV4RPBFcmLg4cqRHK2Tox0RoSVIgMOjiMExqhrowbQSsuEMSQAdyNWAT\\/fO5ZN\\/kZCN5u+x6+gIzp0FixbNcOrbKnDpo1v8E7M1iwYNCOEfLsdc\\/sLGjCactLGMqYL7x6UclbNAkGcB8gLLOzN7hrZtttt7OFYkz77be\\/b27HWcdHHnGEM8FoGcVUAcoEEzzm2ON8YPhYCfaTTj7FXVarpaVjLWL9Dfepsot9xgzbL2\\/XYzvf9ppppQgFZif16r2DlIwa7uJhXAVe0aNHd1u0aIFb0giSShII0FN+QY7l5MlKWLNCjHa5rVm7SlUKZUrTuwoK3mlD0qTgjGnQMVjoOHniZGvcsImYZiXHl0+TVEBQwFypI4do4Y456cSTVb+T7KCDDxVpVLBlS5e4Tx8ALZATkwGoX6+e29m333xjK5Yv8XGJLl06uYuTrbVXr91gH0nT56Cl7lI8+kioMzWYQfDqVSr4kcKsf6CwTNVlFiF9D7ph9ht7XNHunC65YX2WuwhpjYXCYyNp+igN0Bc8x7+TVUafO+LII63vzrv4LDN8\\/lzBKQHagceRZ516yk\\/5+\\/HBAR0heKuXAYR06BnLnjGYk048UZbCyz52h9uxiKpINUuDQLy\\/PeAbZ952s2bN3X9JwzBv++yzzxZTLJon2rMzQSES7dcZlAgFs5UBHBBMp2C+LoKCeDB9CIfpklxLqkdJyCSeR+U\\/v980TlnAGXUJsLnUgv+7wObOnW0XXXSJz6R4\\/bVX7JxzzrSzzjrdTj\\/tdPv7s8+mYhdCZAKbQmZuMA2CV84bHfcaC64oqi+EEtBJwR3EDRA7Ck4AfCDU0D5Zfo874QwR15wZM6yr2u+Sq6620yQUvvn6Gx943Bxkq6My3RWmQJtiwSBIgVxp02xvjRbrDEA04GZ2qk7hoJMAcS0LQv3XAvTD9F2vtwSC04FoDC141KhRPp0PNxpTn+lUdHAEEVMDERRVxDhpP5gInAhXEvhl9S3uo7rSimEAJdETefI80EzIl03jsDK++\\/ZrY03DLjv3taZNGrrLizYaMuRbn11EHj5GksKLb\\/rH6nGlhXV9ztln2Sknn+ThxBOOt5MkHK74wx98Oi1uBGY3jZXGi7XGmgmEzaSJE2z9hnW+ZmTp0sXSjLvJWmvpK7WHDx\\/mikC\\/fv19JhI4YyqvKxssSivHeBauyTwXCOyOzPGasXzFIZS9EBYuXCSFr7oPpsLgwU1AS+itMTbTM6+\\/9jo7VbR28okn2IkSeCefcKKdcfppPgGDKbiFEE7UYzB95qy5NmXKVKfb3QYMkFVeyUb+ONxnJbFtBuMuXSRI2VKCXW1hmLisWM8D3ikAW\\/WzoSZtT3u7u1Tp037cM5V4c+7SwrYOfevFF5+XgN3eLr74Ij+An\\/FM4uAlYYYXFhFuZuqB0HSlIhVKQWupQDuRJ65Q+hpTrdkkr6jv4P8A6IBIe2ZUsF3tKaec7NPkMGlgW5lAh4tMiXnMLNZavmK59ey5vc81x33CXPNmzZt7R5XK5WME3NMJHfmZ1OSwOUwWfVcac98cZDZ6WYCY+BTZOI97OubC+XPt1ltvcaLErcU6BboFTGDroXh9SQlmm9jqdWuckBHIWEjM5MLNhjXGIR333XefM20YNnViYA\\/8viQLpmunztZJZvCxRx1pw7760ipLYO+5995+6t6UyZNTeaUgsw3E3LPWrPYpegyYMYbUsnnT1MykAstSR+NdVpa0drV9h46dbMbssNYA4dWyZXNfbAcqEDzxIJWyQvGWgR4Z8HPFo2IV1VViSPVFYTnnnHOcAZK+n3mhuOCCsjKYjHXQuVMnH0xn0VacldNC33LYy8IFC3wQFlp0gAmmBB9AekCklyicd9xhR3vrzTe9jZj8wHxyGCUuzW+\\/+c4ZMxZb0boobT0op3qwluJLlQNG3mPbHj4+x9kGMHoO17n66qt9DcZwacHQK1YPVt0YCQhcGsx+GTd2vKzSVq5VMiuIwUmYCX0PHzx7ED391LPC3RplypgWdeHKuoJ1qndtV9wYI9gS4MuHyeJ6w+UIzXm\\/F14QdCgqWLHcQ7mTp04Rs+7sYz\\/gheneI34c4VYe09ipUxp0z66hVSpX8NlGCHemeSLQ6F\\/Vq1SUkjrfhSHKTv1GjY01OkzLZQtqrKkZ06e74tJKeB816mfvk0yNZr0TrloUEsaWEK4op8VprCRgncVll\\/5BdL7Bjjr6OF9I9sQTz\\/jkAQQCyhd0g4X2L4PQgVBj3ylwevzxxzkNMZlgqwTCr2GIWwMwwhgggoxm3ATYt2SqtDbmnl92+eXu88bHzYg8ggWXgK9OnjTRGZxP54OAZDvCACNAK5n0EgGpi9aSjru5wpQCEGLs5KUBZloUGjANmMiPI370mQDrXCiEDdxYdUnj4bpg9tGhhx7m7gA9DAmVGTaNT\\/rM5cdK+OmH4da913Y2aNBeviL4SzF3Zmq89PLL9tY773q7YLJSXrQ2fNKvvf6GPfnUk84Q5y1ebN99\\/72nW15CBaHBYF6pIAaxizrkI48+audKEZg8c7YdeNDB1kAMatnCBdascQNn9HNnTBGTLm8HH3yQZamDMCedef8HS1OuXaeWLV80xxczsSJ0i5CBgk2aVQ+WL1vu1gaEgRCqX7+uGMJsCeXbnHkiJKEnhAKn\\/LH53NLVayXMvrSjjz3GtUIsXNwzrIO54sor3DU1VgyH1eK4BKALz1t45D66yIoDtNG8RXOfxsoagO7dt7XDpTzhzuN8Y84moIzOeDL6J4wc3zdlZJbNHrsN8AHlOXPn+PjML2PGuOuFZzB6Zt\\/AEGH29BfWDTD7CDrAMkF7xH99gqyLefPmuAuDdUEgE6Xgu2+H2PBhI0W\\/a4U7xnDyLTdPQjvBci+wXXftL2ZaW\\/ST79ORcYVBM7gcOf6TukWgn8JYmRlTWKdAcwh8BCSMEh99LZWNSSastmfVP65m6ob1hruLNTMA\\/d6T0n+40JjRNXzYUNtn731U\\/9a+QHauArilT7JyGWuI42\\/Hjv7Z2E12zz33tL322cd+\\/mWMj5FddPHFjpcTZXWdceYZ1qBhY9tnv\\/1F75WEh2zHKbRWGuuI\\/R5aY1EdK6FfeJ71R9n2p7vukmW4i\\/3pT3f7dHzSwQLDTc53hLJCjJ8ZQIVv+6H+zPgQk2wGDNit7AKBRH53SOcRrpEUSoI9B+1pbVu2sldffsX67rqLPfDQQ964zKzZc++9bIlMzsdlcqG9MTsDH7VQUUo9Nn1GXMrDGxcim6m\\/x0k1fERo3DPHkZ8m6k2BlaWzZ8zyOPsPHmyXXHqZHbD\\/YDvttNPdb4smXLtOPbvm2j\\/avvvs575SdjVkDIGBuM1hybOlYEXi6T5uDkfQe7b65izszp26+BRHNOBbb7\\/VFxKddOJJdqkE7uNPPunbbmTWB62FGTIwnKf\\/\\/ndfMn\\/+mWf5XlR06kljZdFIwDGzJhOKoENa8G133um7xsJgHvjz3XbYEUf5AOdLL70o4X6yOnd9XwHKtNc+u\\/S3e\\/96rw0efIBrd3vsva9bFn+6+261cWUbtNdeYpCbEUApSLdmZlkE+G4BFIlFssxgXmeoTmhsPbZjO42uEoTR771Rnaqiu3T69NreNzbcceed7HG1D+saYCD3P\\/igHX70UbZ67Vp3c518yimBXjyXAJF2igPKAEKXTss5HwgcBvP3P+BAtVm+T2NktogLL+qRURfI9dBDDrbPP\\/3E6qpt77n3Xqetxur8+NHZfuHss89yTZsN+tCamYHHLD4mW8yUEMYVdNxxx\\/o0XbZLx2feSZYgs20QapxzPGXKZF8weO9f\\/2qvvv6KlLLzJdwYwynQ88oq23pZ8w3UVgMcd8ykq6MyX3\\/9DT6FmemeDBazXUoErAGmobJhXSZgrZUXbTITzsd0nn3Wx2MOPeJIF7Qwy9477GDX\\/fF6n86NKyTuvwS44HWFprxvMTFVllwrCYbm4iNTpkzycbvTTj\\/NB+mHDx\\/qwgBLYKwEYwvFYfHlEUceYWtlBb2uuh5x9NF2u2h3V+GOdn308cdsu+23s8mTxqkcsp569Uy3a0ltnMlTUEDbtEZIPiVl8BtfD8H2K8wSY2HisqXL1EfrufCn\\/xH4vixhc+BKr\\/CCEnOQFLHIv347iIRJr09dN8cQM6Fo0Yt\\/44mFIOw2atjEG2GkCHW6tIu9993H\\/njzjXbDbbfYbJlud91xpy9yu\\/CCC8M2Av4HM+T7VHq68tSfpSF1r3fgEqYen2XGygSieDQgfSNQAtEXXhqQ\\/zNPPm3zZs+zFq1b2sWXXSoGeYfMuBNc0\\/ji8y+kDdaQZnaS3f3ne+2W2+6whg0b2a033eSNGVMpDBG4j3kXf140+NYHYjBMeVy7Zp398M13bq2w+dpNt93mq7iZwhddHWki0+csSEJgbi+t8o57\\/2pX33SjbwnxnTTahx6434UBs4QihB1rM3Ai\\/KCdnX\\/RhXbLnXfZsRJ4LLB69aUXfM75YYcdKmvoYG\\/Lyy+5yGZOn2K77zXIrr\\/5Nrv1zrtt6ZLFdtMNf7Q3ZHKjnXfu2sUqVAqzbXxDv1TrcB8bJ\\/VEf0Erj83Pc7RDpuqy+O0v9\\/7FpyDuuNPOdtOtdwj3d\\/k0yFD\\/csb+9TB5pqtefElY1MY4w05iEFdcc7Vdf8stsnYO8gVrf\\/nzPRIsZ1oXla84cwjlAWKbAOEKrtCK8euzChdGCEPFtcCiKhgqzAQfdpocBNTuggvOtz9ef729K9ywhfV5F1xgd0sw\\/OnPf7ZrrrvO3Tduies71jTgcmV9B\\/mxghhlCm2aPNCImcbKQffsrMp01YZ6jx8ebbxj507+jP2Aqlbj7PKKYqgIKtarbGcdOrTzmXLvvf+25eRkSfjvZ3fKumRLmW7du1muyhHKLSal\\/2HO6fZJ\\/TF2xGlyO+zQ2w4\\/4nB79rnn7E933iahtsxuv+tP9pf77nfl4hgJsbBFdoGV95lXWPshLYQCmN155118MLx8BVlWwsOIkT\\/5EawdxCsQFkxXZbEfgpgxTmYeYqWzd9qhhx7qa0do\\/yOPPs5uvOlWu+qaP\\/qGnKwTQXm78uqrrJ6EWoqBeBm4z2iiIoAQpC1w3XA6HlPHsQYvvPACt06x1FF4oIuyMPqyggsWbpQeVu+WVSmBk2mKsW8awu6Dfs\\/ou6jdj0F0etZ\\/uk\\/RdhrIOGv9BrtHDADzm\\/MKcC2wOIqK4jLiI9jGzTfe7P5bfHV8xxxfx4XCPtIO2RdoL3VSNB4GfZg9xEInGPHZ55ztW0rgcqAj3XrLre6Pq1q5qlWrLHM6N1\\/Mp5I9++RT9v0339r6teutZvWaXpeqej\\/kmyF29ulniYCzbcPaLJVHzIwKZEBkJixumT17lrsKmKIIgeFDBDfUCUmPxnW5tDTKz1REtCw086+++toG7THIDj\\/scJ9Ky4Aa\\/lwOUTnzjDN9RS2DmMyGwYz\\/TmVlitzixUu8bMxUAF9\\/e+hv9qm0xsX6nkVC4ADXwmQJzKsuu9x9uHN8LnN5Wzh\\/gZ1x\\/ImOf+agM7e8RfMWfhDLcccca7369LI+fXf0k\\/LYFwitkL1njjz8CK8PgYH9vjv19S0mDpZ1c\\/xxx9vipUt8cdhQpbljz552wfkXuHDJyQs711KmNK0AujD4zD72aFfMeoH4YUi4KwDalimuTNk7SNrxwIG7+bRI9mN65tlnbNHixb4R4lHS2H4a9ZP7lu8QY1gly4HZUzVr13RL5rY7brGnn3nSt5lgsRl5MzuNbRHOPfccHzdh2igLdho3beTbmP+oDr6nhCGaODvTfvTxx3b11ZfLihLDUwdGSDIguWv\\/3cQIrvHFgpSXla4A2yIwtY\\/ZRaNH\\/+y4x72DG+D0U0727THG\\/jLGD3WBmIKwDLjxXpASoKyAxh\\/OlGvKwrbpCxbMF2O70HFaS+30yaef2tkSOjAXpoU2kOLQThrwOcIN8+n3Ej6ZFYMbCVcR6x6OFs6gTSwjNkZjYSRTatlyg6mY0Ge\\/frvq+b12uSxF1uQMGzbU73H\\/sHVK504dfT7+5MlTffV4p47djSN0s7LXyhppLNzsbBUlIPbebx8xuR724ccf2gDhi+MucRV9LJxWrVrRzjnnDB8fmD5zuu2ruJWqVrZadWs57dx\\/\\/73OEKGbxkpzj0F7iG9U8kV\\/\\/\\/jn895+LPJjfcOPI0bY0GEjZJk0tI6dOogCJPTEjH33YNEe9IEQoo+ceMKxvtgTVxMzbuAxWJ4MSJ991hluITKgi8IDzfM97hUEyx6yerBIw9qesN\\/W9z\\/84LPMGJegbrjoLjj\\/bB+w79FjOwlbCSh9y4A5PvyLpAiBexagMr5EPa684mq3zDgEhxlJlI9xDaY28y304bQBkfyLQJ3gUQD\\/V7jw\\/AtuprMBPlAjIgcJIAaAObN4yue0i\\/ghvnxVnqXXxMWHirnB\\/RqZxWQAccLkAeJi0nNOMb5qGjTOEEIC84wBZOZsQwx8zzJyX7WsvGfODINzmJDspYP5yspVBr0wEZkatkJEgMAYOvQH7wiHHnaY7\\/3Cqk8GB5tu09S1Hqau0llYabmLtDjm5NMIrHCGkDiicLA0OkzVTtIEFkjjWwlOpEEzr5wdB9nvBw20nDp1mH9Dx1WZa9awOdNn2ORxE2zu7LmO5Hbt2\\/niF2bJuL9OjTlx4mTfwoDBSGY4sHkXcRhIGyZNhI326Iz4E7fttq37nvn9zbff+KIrthxmqlwjdUAONeckOjTwGhJk+FD9+EHhq3OXzl4PZmbRBggjpr6xjUbvXr2Fh0o+ULZyxSp3Iew+cA+f3tmocSN3HcxQpxwmofSNhBXbJdB+zE7BL0qncEJSnRAkDEKy8I99c1ihi3A8+qgj7bzzz\\/PjDtmcLIx3MFu0gjTp+T5Gwnbh7cSE7r7jDuGmQG042kapY9StV8ddNMccc7TTIXkxwNe3T1+Vu5xrbJ98+oVNmjzRdt5lZ180daysA6yROurkzI1fMG+BVVeb0HlpO6yppcuWelswUMm6CmgDtwd0j8LAFL9tt+3hri\\/85mxux3N2u2RcB3wxnbB\\/\\/36qSTl10oVi7pWt9w47OmNnR07oeuRPI30aJ3VBKDHF88KLLnBXDMy4WfNmrpggyKAJBkSPUx9gooQLy7RQUFDPxwJgTyVoF2WBY2Hpb9AxbjYWONGGK1euUl2oR54YXnfbb\\/\\/9bA9p\\/t2kTED7Q2RlIaw5nAUGc5OsTNKIa0pIY6kEOv2SdmVTwpYtW3kfoR1gjJQb\\/sB34O\\/RRx9xC2Kfffa1Z55+1vfbatiosdqcg6Vy1Gf6690g0WFFCR52xi3vu5x+9dV3rtzARzi7wTf++8c\\/vK0HCF\\/wBBg2ShO0x8A2AgEaxBUH30CTx10Dut597z0pISN9wgW+9qOOPtLPIaEfRAC3ysAD9W2i+jKwzrkRDEYfd\\/xxPl24toQmfRKhCd3st\\/\\/+PqDs7kQlwdgLq5KnKS92iv1x5Ajvo5SP1e4c0FRV9EA5YOhs8cFMwdNOPzU1PTgRc1e\\/EC1SL9xeCFpmF\\/VVnVAKccUx1sP6IAQBZ0OjNNGPvB4qCP\\/\\/qxDSKoRyk8aNT9ACYGqs8EMaQQQwZRoHd8I8dQQqByHAqGHcmMdUCDORkXf8mPPU0ZG+zUXwTO+CmJmhgqnJYghmE2EJwMw5EJt3zHmG4CFiGgC\\/LN8jZEgTQsZXDXGwiAYLgAakE1MehAtlBLGstEVotW3bjpq6uU\\/HCdpyBZmP5W2ptGo6Fs\\/IFzOQTko+zOih0TG\\/o9DznUpFPOx0uGL1Sps9b7ZVkklcvko1y3ErNJijeeooY4f9aPOnzHA\\/ZY7SxFXPDA+M3yDZwUfY3wTcMIsES5aTpWohhGWVgH\\/ec+YsJvJKaba4ZMA1daAszMBAwFBXGIrHV9qQiJ9SpzLzjjEIxk4gYPDBTqoIIjoTHS1fGgr45DcdHlzRyX8UQ1u1bqWeMUMiMH8Yy859+zhuMomId7QV7QcOERJMvSOQHnEJuAAA4jIQx34tDzzyqA0Ss+7To4cvOMQVxuZm1WpU83al41B3asaVcjLziZk7HBfIAB8MF03+aAkPTGxFlSao\\/\\/RZrqyNQB9MWSznM3FweSB8oGNqgXWVJ0sR5QN6Q8v8+9+f803IzpNmzTRT6JTpjWxwhxsCRQQlAcbP+MYpp5wmgRDOu6A9aEPic49\\/nDPGfdBXypDbmGp7rGE0RKwS6NfpTt97N6dgXmv9Cb\\/E51vvj6Ir3oNbrGWagucE2iDM4kGTDQKY7SO87ioT41VsswDNgxesPyXtaTIjh501Ed7gi3ZEiQKgXfgD9SF9VuaibKF4nHDCiS5Y+vTtK+v3D7Zg4WIpKc2FizzRWDX7wxWXK25f4Z0T1NQoyhAFEZzys0Y1aKW658PGgIcecogLJqdH5ZdChVvH1Jnpu0BsU+LRbmx3EWchopBC97iCoBu+A0gr5cFxAGcwfPDOPd9Sb+oZlVxwynOCx9c7aCd4NPLDTDzqonfsRAxt0IfAN\\/TK9\\/AZwK3KfOFQJSEO7QtNAtAkdELfJl8UkfE+7XeD0w7C50xZf8rG60XDR9z8lhCo5rcGClssZII3jJ6BMIITm3f8QuA9jY32wywVdyvpGY0A8mOggUgPomKvErRnmCIDZTGux1EkT0vvIvAOAoUIIACYLIyBfEPZ2JgOhskKTA4xL1rGTOAd5fQ0BeTnBM1NqqwE8vFnXh4IMBy+Q\\/NCTG6+e\\/5hPnvEkwslETmEE+qC0AiEFdL2QvhvAkI0DBjF+qeIMOMbhB3loSwwAuLTDuDDy6B3vId5kB+E6mVPQbx3ote3LLFHceDb2AmBgJEAdGwYIfFDnBTjkjXDVhwsTCNPykxdAXBLmehkmOHki\\/uDWSikA34oI8XhO8dtqg7evrxQgIFS50gDLshVHl5HIUrauCjxHeNGgHnhS2cmBlYAaZInH\\/EtW2P7CmFwJ5yTH23FN2h2uGgCjVOPUGfqFWkO8L2WKHcxUOsVuca2Iz2vm55nfsdzykIcGDx1JT826KPOjI2gicJwsQqgT74nHvVBASEeaTsNOf6DJUjepE9cZrkh8IgHvbIb7znnnGuz5860Hfv0trwCzlYvsAG797Pu23axchUoZxCWlAdlgTKAH6w18IA1jlsUvEVac0GUwhl9mgDwLJaJd8RvprSgH+iPslM3LL7IA\\/Sff5sJjk\\/hnnpQBtIkLULAa6wz+RbyMQQ\\/6RKf1dbUA62e\\/kte0AXvXOFU\\/0aYI4RJE1qM5SYd0g\\/tRp8N\\/Ys0GAznW2iSb1HCifd7APnFkBIImyJrSxBQU3gFMqVvmYB2QnrqX0R2ceBpyW9SwLdCPsgOoZAROWSUKRHC+U1jxbn0\\/lyIKCkT0qOTZMJmyyLwNJWcd2LPC58hz9miorSvea7IqbsAqd96ULxOkWj0n1\\/5XTxliDh2oKCZkV7YAsG\\/FYT\\/A\\/DMg9rD8aNABJ6Bh\\/g+EzJ\\/exkobOo+Qvr71G+3YJQ2mjmdAMiVhow\\/Gk0LCzHWLzM90mDGFYObWHINGzdycxw8kx7WEN9wn4mNtBDXO\\/5IJ\\/6O8bxs+s0dHdW3yhDzZ\\/8c3HBhNS10oO9h+qSkdEmaDsv2JJnKgpc93AQGoFvxBH8eIdSvKK4AntMGmdf0cwJlyGiPTBwB8Xm813+8zPgmMOWIB5654uBxi35PmuF9YVwCUzZRrlq3buObK1508UV20gnHu9+cbzas5zyOOrIMdkpr\\/yGNkC5AGdxqVnpYGqwSjodaATGvWO7M8kaI5SNwH+ulJ+n3Meg\\/f1YciB\\/TBjLziW0a77k6faXSCnGLljMTwvebtlG6TAI+4Tt+kwZ1YJEmY04xPYQPAUpy12v8NiP8K5CZTkogKIPNpZqqQDRDgRidq78TxXsIZS0bxLibyZ7nSQlpRqTGxgc8LjfEz0gbiLEK44QXIH2Td5uBwvf6vkjkkB44Ag+h0Cpj\\/NNvd2WkfkegDqk7\\/z9ECfGKQ2yDdDukvy38LsaJc\\/+9dhnlLMxv0xw2zXHLkJne5iAzFhp0vgj8leeft7tvvsnHSRAOLOiJQgzITBsBgtbEMxYs4ZJ0F43e4c5zCyGVC9WNVXZml7rPBMdXBsQ40APjFe1kfTCIjK+dwHTJMNmBOJFJIXgr+5YT5JNZSWIWD0WgWP4lxNgEthxjUwgsrRDS5VH+GxW4xrBpmYoC34H\\/du3aWseOHdytvPvuA+24Y4\\/zefg77tgntSCrpq8t2Lb7ttK+pTU7X4yZZIDSgk7xkzPxgTEsLxttBj6LQRHaTd2XFO8\\/Bbwu4bYIQJGFVBliUR3qAk0zRsSkAd9SRf0ERQlhwYabWH4RC1xj+K1AaivMJYaSgXaMxMM18z7zWZCHWweZ3+HDrFilUvidSpOroyz1O8Z3lUshzmjKDDG9eJ9Op1iI6cX79PMSvglx0fKFJ3DGw9R9uXKY6BVF+PGZmJrel9O78htD4N5\\/p64hDQUBdcCzuDFVF44yLI+mpDSDIMH3rzyMEAQCWUnHCuX0VAQpnESzFMBqi4G1ETinKuhd5gHi3MffvwvQaWGmCnk5udaje3d7+8037YLzzrP99tnHXn7u79ayWXPLz8tW2RKrKLRUVIHKl9voh\\/AQli1eaN8PGeLCgFOgsnFxwZGFD6ZhVqlWQ7gDn8KN6pinOhbodwgV\\/FocQruqayqfjeUKLF8YLdB9hSoVbfCBB0tQVbNfxo33szOmz5pu+YkskgrMWWHjOTZwS3wjQnoz26xEuiRdUOmBPHTneiv3qld+eaWha0GFwsBzxo2KNIaugUyUPmnAMMhHwZlmyoLwoLw2Eq9CsaDviz\\/bSFBcp2mumwnknQ6OL1lF0vqZaoq2jP+ecSXuGYTvvm1Xny10xpmnS\\/Cz6y3Wrb5VRcKeU1gA7E1UQfgsZ+MnT7HnX37FdtltgB89my9c5ist9OG8VMhX2202ED8j0Jfop8UDz6ED0o6B8Tv6rfddypi6D31ZjyJ+U8HbQKltTSCp9D3trpIQoDcPSYHlbcyznPxsW75ymc2eP1v3ObJM2QepwFauXC5LFFezWlnSVaX22nCNQS\\/0VzJQ5s2FzPpt2kvKAM5sAr4KARrmud9vWjTexQC4qygF6e9KSLY0iJpy\\/JQv498mUBqmfjNQZ07dBdhchiW880ehQQnOPPQXmUiYT8+VIGIlegaQd8RhxDGNC2Ti+d8NsQwRMn\\/jusKP7b5bfNiCTesV8AAwiYD9ZVg0FDbdA09Kp2IFn\\/LH7C8AAo8QiTxq9MXTB2K7+TtHZLhnZhpzwhctWmhh22Z97wIoanPsJho2TMzU2hxSGXme4J\\/fXGDg\\/nvTQNzY7vylaYB3MY1UmpkQ8\\/BrKpTW2bcmRCiaW9H8Y1zfW6pgo0\\/ywJfOAHMcRC9iHfin+i+VBrMXmbeP35\\/V0fA7ggru78FpWYLHzwixXKWFCP8qjgief+pK4Fl4VHJ8z5N2zQh8SJ\\/FDYe7aP26cBBVCIlxUhpjNdHdWzyk+acg8\\/7XQDGBAIMVcUPgaYZbIosNCNA7CuS\\/9SB0DH\\/jz1RcvwIlFZq36QoVvi4TxO9iWn4hma1M59fAv55FIV6KQ+lvNg\\/gIQx+RbxKcwAZxQob2vbfgKQURPrIBPLnOQTPQBkMbdMypb5Lfc9UVWaOMIgbLIMAYfBzo82dM8fY5TbQRerl1gBl0oUQmRvTGumQDKCCyFCXUB4GDplpFAYN0UADpJkMTyhHRvCv43ULAfBr\\/FFGKB49prfVgTKLVnxAvjgoAnEi0Ha4OmbNmmmLFi7yXT3zJaTBIzgrTgORLzAzkH2jOJTJaVdZuRDxOAGX8f73CBG8fCVUc0vgdYv3qaCHm9R3SwA1swIZcIsL3ImmEbSkxS6tCATPb0vp0178+1WdYBOBUDyjwt8Qvg\\/eSaOj8XzmT6WwUITM4wweCsvACL5g12wyQfEYZGVUH63Q4+sPQbJJ1lsAFjCRV5hmFyDTVfJ7gncWQWk5bWVVUrBpaltKxzVDcEy99Zu6M1jObAWeRxz\\/XwHliSEOxhEyCdp\\/p2taiAOiOPHrnhWhbGTImhesikyBwNgBR6z6jpASGsyoSdNdZj78x8\\/CR0WA98789A0zaUiD4yShd05EKxxY9YvTnz+j\\/OQXCuxpOB2SYio\\/3hPIwxdH6dmWQviW+utPVywhrBH6G7iMfacIxG8zwPP8FYH+631Y90BsQ8Dbz4P\\/9LLAyNhVlUF2xohoo8x2Tt\\/rQlrwCKZsstkeZw84fejP6Vff+mwpf1a0XL9FoOyxDrFOKBbB2tNvj7Rl8FlQalfqjxuWmW3UIXMcrKwAPgDoOLYrU5ahMd6xn1XAYQqPKYjfZfLfGIDi1+KQjp9Kt5hAKBkTNCCZYZazV\\/h777\\/njc9JYyCEQQ8Gk1ibgMbnU0TFqOMskgh0NBbOcBKZn5v8zTdOSEWZQlHQK38fyxbuzU1SgMrEZyFOvA\\/AOw\\/FnsfvCr8tO8SSeufVNbp8uXcNkOAxfh2ky1RKIxYHb2x9A\\/MCn7SHE4faJg6E\\/ruBMnEozA8\\/\\/ODtzUZslKckKN42AUAinbO8rV+f5Xvd1KtbX\\/TF9GNp5XrHeEztmrWsTavWvs00O92uWbXaNXf1JG+EyFzDNTLlkkP8ZvKkyX7O7thxY30gm0FlBI0zOcVhy23uaSZPTwFW4OyLtkiH1HuuCjH9onFKDlFwOItRRsywYkX7e+++Z++\\/\\/773H1wLcSpi7NROC+TzLwQY3fKly+2rz7+0Dz\\/4wN58800\\/25r8MsHzVIApscEdixJ79e7tuIGRxfcR4j3KJd+wNw+7roITmP+Pw4fbG6+\\/bp9+\\/LF9+9U37ibUR2n8ZYYieCyhDpsLfA9e4SGMS7FSmlMF2aqdacauZNJwJYC3Nd8rsKU++XNQzgfvf2Bvv\\/mWn2S4YN780G7hk7IB9VQ7M+MKGqMcHG869IehvqsBx4li9YPbEF0FEDAtHouCFdFMy3bcU88URF5SEp\\/LbJuIzwoXnn9heqUyq3VJjD3bWeFK9fkISc4c24ce+pvdctutfqg3+6iASKagPfjgA\\/a3vz3szyFKVsKiuWHysOiFyrEQDBfUfff91f7yl7\\/4sZYgj10N2ZgKExyiB9jiNQoTiJAyMHcZ4qde7LvD4e4wHOIxwAUTpNIwRQIaHJ2YD1jEhNSOHQsti1W80boBiYzggwc0BAImMAgGmCmBSccikdVr17i2xh4o4B00U6aNYsSL5y+w1ctXeodiqiKgbuFpAQH9hZ0ks4lwh6Bd8d7TVCD\\/fIWQRyCweOU\\/d1fwWwEBwFzuYcOG+0rQevXDKk8aGaLhPYvQEMrUz\\/HLuwyh7WnpHdv95hWEQ2JinizP36Zp05B3GQCmfM8999gTT3Ie8Zc2etRo3w8Gf\\/Em4OhI4UUZ+IWMeC7myxYe4ydO8q2fO3Xu4o8pE8CKUFZpMwvIt\\/NVAqyIZYO+tG9f\\/3HlV\\/iutKCOrvpfftnlfioZi9Nwg3AiGjOPWGcBkETWhmzjbNzOKk\\/bNm39eUng+Xn9wn0odupBGSBhmqu+eeXll+3iiy6xzz77xPvde2JA9Cn3vROBbMKlCBT\\/HaGk55kMgq0bOMISBfDjDz\\/yvsqWDF27dHUc8X2oTznXatn+A9faiSee6Jo2afFXiPMA3MfnlB8+QVz64pFHHOnHmX7+2ed+TCizlXpu3zMoN8TJSMeJ5F8A0kIoscHep1JYOEqSPFllz15cnGtBM3n5S\\/mjf06aMMn+8Icr7e\\/P\\/lMC+ys\\/3pMzEthoU5l4vOLp+JT3jD\\/ewyNwDc2TMGFB7BNPPKl2DorUxIlTfYX5ZaJLeChVj7gA92zVc+011\\/ouBdADs\\/XAWYxTEqYy2zoCz0qwEDYNSEzmxSIEDthvf9924MUXX3S\\/Fpt5ob1dedWVvo3xu5K0zCl2gsiQVNyz5QSaBAj\\/XhrHa9IGiLs5oFIxwMwQWM8884z98YbrfSti9mJBAHDAx9RpU33fIidY\\/yZcgyupsKreCAIaJnVbJqA2mWhMYyj1ML7zq14gy+M38V2EQi0npkMnAWfMGuA5V56l3hOP+Kp\\/Jm7RGlQRX9E8YuRI36Pluuuvt5Ecg6kOWtxK+3cBBD5TzPTss872vXzQ9tg3H+FbEjGGWtJGhFDr6B5hl02EcWMJpFxfqRs7RaAH9oUhcA+dLl22TJ0rW2lIW0IkgyOQ56absKqf+XkFNn\\/eAt\\/zf5IsArbw4Dnv58kiuPOuO117vPvuP7lCM1camJdJtETerA1x5UK\\/SwOPm2on6vJrILhTN6o9R1jfPr1lbX0sTfZr67X9dr6fPyuPAcdYSWgtATxuuE0DbRL6THjDljE9e\\/byg\\/TZw6pN6zY2S8988ZTHCN8QOK+C9SE77LCjLw6lX6GEhEWdKHGFuRGfsYX4jN+0MekyiI+m\\/cWXX\\/i5C6wMz1wHFPMj\\/BaAEspiuGFDh7lAYEv9SVI86kshDu5D8FT6X\\/WqNWzObGnuqs9bb75hQ779zk4\\/9XRnzLwP07hoF\\/3KCM4YMgLP\\/Khdp6vEZ2ZNnzbbzjrrHBs6dLg9+8zTjjNok1X1sf75sgxeffVV35PqlJNPdY\\/NU0884QIhXwrqPCksbOXDeSSc3FYa3sLzxC3hYgKhZOADGhDmUq16NevSravvaYNGjYQ644zT7fyLL7Lrb7rBVzGOGTvGCSGaN4CaMXUnC0Cdt22Xjtahc6fUk1ioTYF2CYQaVrkilWH6r77yqv353r+4Fsyze++916677jq7+OKLnUCjS0mfpf+P4GVRfhCiN\\/xWAm3KV5FJ0\\/ixM3LhfVmgtGhpgZb6XTqEdoHpoJ2xh8+1115rl15xqXEe71q1TaYg\\/HcD9ILvs333sP8R9SoJaI9C+iiKSKZ2rhaTZ1pv9WoMrEmzywudI5Hhlbh7iO0E8DlXkOa+wdj6HPcRbZxuI4ISBae0+bQpU+yaq6+xP0qzuvqKq+yvf7nXN1yM7co20R07dvZzpVlJjFBgtagLLL13elVEnwqYStfTzgiZv4mWvqYC9\\/F3vC8eAE9bZWZLhg4dOvk+Q0EDpOqFfQzgm5h3aSFC\\/O1lVGL+mzxVt0SMmINmOCejWYtWsuzqqz0LfeOhT6p9xJQmTJjoYzuceEhfjIIcwAWCJg6+YkgDddTF89Y9W0906thRobO7k3ADen2oqL5Ll5FAOqmQfvYrAseftuvQ0dor1KlT2+vk1BjLySWVVbynTOmgR4QO7dpZR1mLWNKuaIpuvV35RB+XWP8MoK9g1fLe+7+SwFrp2KGznx\\/OmeKAu+JIW3GgRxh+2zZt7IYbbrR99tnb9x2DF7DKHoX5BimH7OvmByhRt4wyxHtoibNMOGMitFoG8FFxCIUMAoH37O6I24SGhvGzHe7MadNt5PARvrKTihQn1ExQMRyxacZXQp5p4J2\\/DpVB8+RR3112ts6S7uTPJlnDR\\/7o+6pw+DwrTJnLH8tbmH5hPqAkPC98VhxKbrrC5\\/FrJwCAaqWSK+3bCLzfUpwtQdjoirxDo6JFfPfttzZVJiYdlUEu70z\\/R0AZIh3gRtgsODIyMRKwC40xLkI74zYkCu4o17Z4r3voCHeY75YrHKC5oxSEGCElT1ohduLPPvvMNxBjT6V99tlHNDzcD5WP8TM7DWVgZ1kOj4Hh8cpnwKhuAb2FTAntDs2TELakDun4e2gxdY3PnMnF5yUEgPcxHax1thSJtE3ZioO7JKgnQb8z04pAajyL9AGTQUun3LhaPU\\/aLpVv0FwLtdMIuCmnT5\\/mwqBVq9aOe84yhllNmDjBNwT0b1L5ROCZP4ll1HsEemwn2pXP0Gxzs3M8TY9HfP9Gv1Jx088yA3E3E0jcXcqKC5A\\/k13wQhQBRYZfOc\\/yDwuBn95+euUTbPRHP\\/R6FIPieAMyn4Fr6BwB6jSWyT4VjfYhNuUkY\\/oV5WXbDDb3HD9hnJ\\/vgFuTweiPPvrY2+Kmm27xnYFRaEoDxsm++PJLPwCpxF5KphSKXSU\\/\\/fRTmas\\/+jQ89pFhsy+VRgQZpBnHU+Jv\\/OCDD1yDbyaNkBWL7tOXEOEkIM4kqKz47FODaYmfK7o+yGvmjJn29NNPu1sBhLJ7Ih36o48\\/cibXo0cPPylr\\/wMOcMSwiRSQqzzoEA88+KDK0cAOPexQT\\/+2W271QaKmTRrbKaee6oSMdsNIPKY+qOUZLjAGttlsjc7OHOq99t7LDtj\\/AL9H68Qd9u6779lXMtPHTZ5o5StXsF3772q77bande3a3TsRbfTAAw\\/YknkyuQrEnMWgVq5abcuXrfA6sn8MZ0WzBTOMZeHCBV5+6IFjCBs1aeK\\/IXoYJ52JVbKcWLZe0h7m065tOzV2A7eIfDMu\\/Tl96j+2tWYPp+kiiLvvuccefewxayAcsV894wkL5i\\/w72jwhsITpiEDgE1k3neVUN1W+GW\\/fAjSzVxAZVstIpoqpsl2EhwbOGHcODvh+ON851R8ywh\\/CJO02YGSutxxxx3eJhzyv1o4oP7EQWvBzfjkk0\\/6M6xLtlfmcB1wA8DkEPi4mEaOGCHNc4KUj8oSBlXcFYG\\/mThr1qy2f\\/7zDR\\/07dYjnECGq3KalBK0+YaNGtr2vbZ3f3dtaX2xDNJbfZM9tlX4+ONPbK9Bg2yvffbzsrFr5+133O6a7gbRFW7ICAgcNC4YHNbtTjv1cZzBPGG+0CS44zD9myVgcOWgQNE3dtllV9t33338TI7rpa2xvw5aHoe3c7A6m7WRPrh88KGHfA8lLAE2eYvn3YZ8cCsgPOh+bKVR4P2T7dYpP2f\\/HnzoodZ7h95WqTzjW+Fs6Pv+8lc\\/7Cdo6uEM7H3329d93GzkRz9mu3Y0zddff93XBcA8wFmfPn2LuLrAIc8JlItzzBnohv7AwX1\\/\\/at9+\\/0Q71t+hK3gqKOP8t1w6X\\/05X\\/84x++9ffsObOtgtoDqwCGxVGc0H7cpgW+8JPKcvrpp3vfpJxXX32V7bH7Hj4mCE5COcrZAvUnPAOB6ZVzetpzzz18oZwrCyiwYtK\\/jPnFT\\/\\/74Yehws1K0UG99NYaSsp5Fntq4bd\\/6aWXHH\\/soHuk2gn6QxFmPIWzOagj9BvGE8s7vj0d4Qg8RcCl\\/slnnwbtW7TCpoBY8WxmCM4AaP4H4e3Nt950nsQZ3bl5WU7r3hHVBMSkJRA6LhQE8ErOMHnttdfEs\\/ZX+bN9fHbS5En23ZDvfEdatnIfO36sj+fR5+CtuOPixoUA47lsnnnggQcVtRBAHkDC+KWuueYa3x6Wfbx9ULdKOBIRBoVvL85oAVl0kC6dO9na1at9fjHuizdef8POv+gi37Z1wMCBTiRo7ggbYYdWd4LjMGnOFJ05c6YX7qprrra3333HC4\\/wmKgKckwmTJeGABG0IIs4IBZmQBx71NHWVNISCUn67E1+\\/98esjffeMMHa9GmvWPpykD1ffff53uOkw8DnZx6RR2fevIpP8B89OjR7oc\\/\\/\\/zz7M4\\/3elnNxOng8y3T8RMbrzhBntbDegj\\/+qcPwlPdFi20oYhVBZxs63vYYcf5oP1zLZhe2cEKycTHany7n\\/A\\/mLMk5xBc9yhD+iKMXDANtvp+hnFxx5nAwcMdGk\\/bpyY+4KFRQgOoKOxyIe2YMO37tLWVq9e49tdjxDTgJxgIMOHDXfNmPuDDj7Yt2OGYF948QVn8mwBETUkTExmOeA3Zvvh5aoDu4AybsT5Bwz+8Q3lxc9MB2LmC0cZzpg+wxUEtkOnnSBgTjFbI6bUrVv3IARk5n6i+Ndce50TOZ2bbZc5eevuP92jTjnFVyWzc+0KdUzGnF5++WVvw2+++db++sB9fuTjX\\/78F7vrzjudLvaWycx20Gxd\\/MYbb\\/tAHDRK\\/pjjCGoY\\/RtvvOlCl+3OYShsZocSg+CEBjlCMzA\\/dVbhlo7EgPiBgw\\/ybZCH\\/\\/iTPf3UUz6QDQ1Tdk60uuP22\\/3QejrpLjvv4jOgWJF99lln2c033ey+\\/9mzZvu4xT1\\/vtfPmKBsTKt9SgoR42vk\\/\\/rrb9rfHn7Yy8wmbdAs+zaF\\/qJ7MWL6aE5unrs52D579C+\\/2GWXXmb3\\/\\/U+y1a\\/2CgN+7RTTvV+0LJFSy9PXwmhdaKLO269zQ\\/Ylx3hcaH5Y485xrc6R\\/GA6ZI++YKDTKCu8Tpt2lSFabLQx\\/uYy6difJ07drJdd93Vd0BGqbvz9jsdLxvWrvO+\\/dijj\\/quq2xrQTyOrxwx4ke75dZbU\\/0T7ToIHBb+0SfhHaxVuOKKK+2KK6\\/0dGkXeNEHH3xoZ5xxpiuJ\\/fpzTsb2fpzuPXffY2ecdrrNFC1ST4Qd+PlYmjPTiffea29X+hjIdd+jwOlU9MCxsK+8+pqPozz66GM+2AxzZgzsxptv8vM66Ld33XWX9w8AfIAZeCPCgcOGHv7b33zTv\\/fe\\/cD7MHWmP3LmBLsuU0dcnPeKiV999bU2ZdJkGyQGjnJWp1ZtCfF1nraz\\/2J9HiBP+tvqVWsNbwmD9EyGuPjCi61Wzdq+AST0Xr9uXeW31IYPHW633nKbHw8K7qgvCgq7FO+22wD\\/3qaMm5QsmbfIw\\/Ahw5IhX32X3HnLHcm2Xbold952R7Jg3oJkY15+krM+K\\/n266+Th+9\\/MFm9YmWybNGSpHXzFskZJ5+a3HLDjYmYUjJm1Ohk5x13TJ55\\/MnkpX\\/8M+nYrn1y\\/TXXimfqX25IY+h3Q5KrL7082ZiTlyyYOze58tLLkmOOPDI596yzk7WrVicfvfNucsHZ53haSYH+5eYlc2bOSm689o9J\\/Vq1lfYTyd2335Hkb8hKPvvw42Sbxo2TTz78KBFhK\\/LGpCAn17+ZPnlqsn2P7ZIrLrksWb9qjfLekORtyE7GKt2Lzj0\\/6da5S\\/InpTNj6rQkX\\/H5RqZp8vLzLyQtttlG312quvRJjjj00OSzjz5Osvg+NzcRo0zGTBib\\/OHqq5Mu3bdNrrv+huTHn0cljzz8sL7PTu668ebk3jvuSubNmJUUbMj1un\\/+\\/sfJgYP2S265+vpk5uTpSf66nCTJAykbk+MOOypp3bRFcs7pZyennnhq0qFNh2TQ7nslH3\\/4SbJm1dqkIEt425CTjBoxKjnr1DOTZg23Sfrv1D85Ut+deNyJCiclp598enLQ\\/gfqXVPh\\/QW1V0HSvmWb5MiDDks6t2qffPLOB0numqzkvFPOTJ564NFkyZyFSZKdn+SuzUlGfjs02X\\/gnsm2yveB2+9JXnz8ueTKCy5Lzjzp5GS7Ll2S\\/ffcU3jbkCxbsiQ5\\/fjjkokjRyQ799g2ueOP1yXZq1YkG7Ozktf\\/\\/lyyQ5fOyfGHHJIsnDUryV29Ojlo0J5Jo1o1k0f\\/8mfhJSu57bprk9lTpyQbszYkBevXqYy5yZRx45JzTzk5eeXZp5MRX3+VHHfIwUmnNq2Spx5+MFk4Z1aiiie5WeuSSePGJtdfdWXSplnz5Labbk7uvPU20WdXPR+XXH3lFcmrr7yc5GRvED4Lktyc7GTNmlXJ2++8mey776Dkiy8\\/SebMnZEsWjwvWbJovsKCZP\\/99k6+\\/OKzJGvD+qQgPzfJ0zfZKtP6tauTKZMmJA3q103effctNU9B8sUXHyd\\/ve+eZNGiOWrKHD3LS4YNH5IcedRBSZu2zZMXXnguGTPm52S\\/ffZJ+u3UN1m2eHGS5OcneaonaY766afkiksvSRrUqZ3cc8ftXsZp0yYne+05MLnkovOS5csWJSNHDE0GDtjV6zBv7qzk4IMOSI4+6rBk\\/bpVyaIFc1Tmecnxxx6ZHHrI4GS1cL5o4bzkyj9cngz57luvL+VcMH9ecs+f7kratGye3Pvnu5PxY0Yn\\/XfdWeVZ5PVL8vOSjSrXmhUrkjeFrx222y6ZLLw++cjDSae2bZKrL7ssmTxxgrcV5f\\/ys8+Sxx56KFm9cqXwuSY59OCDkssuuSiZO3tmsnTxwmT2zOnJX+75U7Ln7gOSTh3aJbfecnMyZ7babGO+03W26j9J6Z1y0onJjr17Jc889XjSsX375Ntvvk7WrF7l8TaqTAUKixbOTwbvt69wuHeyROUVI0wefuiB5P1333Ec5qlMxH35heeTLp06JBedf14ya\\/rU5MV\\/\\/iNpp7KfeNyxybq1a9T\\/C9SXc5IVy5cl77\\/zttqjT7KP6PDFfzyXtG3VKrngnLOTiePHJfk5OUmB6C9H6d5y4w1+v0TtdtQRhyVnnXGa+t+A5LxzzvJybrdtN+H6smTFsiXJsB++F29oKh7xT8+nfr16yZWXXZr06dUzmSnalvKR3C9632O3\\/skfRa\\/d1CduuenGZOaM6V7PjQX5ydIli5Pe22+XXHLhBcn8ubOTm67\\/Y7Jtty7iHw+qDOqXG3OTtWtWJG+8+mLy4P1\\/Ec8vSH4c\\/kPSqkUTtcXSZOHCOaLFeU7PC3R\\/6WUXJh07ttWzBcnpp56SVKlUKTlc\\/Wi82lbMXt+rG+VkCTX5yVtvvZE0b75N8tIrLyZLVyxN5i2Ym7ylfvLlN18m89U3CBXLl8P1EKRbXl6Om0lvvvm67bXXIDtX2jHTF0cO+1HS\\/RtpYPvY8SedEEw2SVZMICDstx9OQgszfhbYSy+\\/ZH377GiX\\/eFyG\\/3TSPvqc5lMMq+Q9JdddYUkfJ5rtuTNPv1s7Yz51X+P3W1bSXk0rT\\/dcZvtt\\/8B1lNm8OVXXG5ff\\/WFvSOtnOMcr7vuWtess6Xtj\\/xxuNWrW8f6yBzjSMV\\/PP+Cn7ewUgGrJFoG5SqUs1E\\/j3ItmUMsTj\\/rTLd0vpHExyLgsJWZs2a4P\\/rDjz7wrXhvu+1WH8TDxfLe++\\/7ma17SQu9WhqWMG5vywLpvf32Vl7SGol7xllnWJ6QOUwWwXRpJ2gh7NXfqn0bayzJ\\/8N3Q+yVl1+0lq1a+UE+pyv+sBHDbeH8ObZm3TpZW\\/Xt1ttutl367WqjZTI\\/+cSTNnCPgX6o\\/o033yCLaLHMyh99kK+a8I0Ds4K0GqyTfOEU879cRaw4ZmewxW6+Sde1StWq2HW33GDCsn355ec+a+eQQw+xHfrv7ANSBx042F00e+zexH2izLFmxSlaK5p7E9VjO9Xzy6+\\/smUyzXtLC65cRZaXcNW+a1erLIvwl7G\\/WANZi4sXzHfXA1pV0GvK2Slnnmm\\/SCN+VZZErdq1bO\\/99reO3br6jKg7b7\\/NZsyYaUNlLj\\/w0AO2vyyoeXPn2J\\/u\\/pPVkqZ01HEn2BXXXKv2q2Cvvf6q9ezVy+vKQUVMEcVV8MxTz3iboyHuKdo9SObv1Vf8QVrRUD9MiLbE0Ya2hRH0008\\/yvpoZa1bt7Np06fK7H7VzX0sMYzXPFmZtCeWQ5vWbe3zz76wqVOm2DbNm9nZ55zvB+6feMIJslLGuNb344\\/D3HW6YME8WS1\\/cvfnHnvuJRwfpjre4P2K0+zOOe8826ZpM98J9A3RzgUXXOCTJJjaXblKNdd+OdeYoxMpjw806uoWC0F0VqdOPT\\/nmngct4h216tXTztXaU+aON4ef+xx22WnvrIaV9lPI0fYd998IytrpR8GdPyJJ9rBhx\\/h7i0sXVwouw\\/c3a676SZ3vU0WDXz80UfWR\\/U+QhYUGjpnekSgf1OWWbJ0sBCxWAdI+73wwgvdNfOErH1OcusqS7BTxw4mRmotmm9jDz3wkLVu1cJ2U\\/+fKu36n3\\/\\/RNZbnk87p4\\/OUXoc9i+hZVUqVrKjlPeihQt9a23caDupbx959NF+1jMza3bR7wcffNC6dOpsf7rnz\\/ah+ua3shwZv+R4zf0GD\\/b+dvFFF9r9991n7Tu0tetvuN6aNm9pk4UjTiGEPsGZrxJGwxc\\/quDjL2E8g1lS0AD1JWBtgn+sXVyZ9DkfM0jFi8Czf7zwop0ly5B2MvGY888+x9q2a+fHqJLng\\/ff71uAv6h4J558kp100ilWU7R+1+03iefW9z2++u\\/WX6mpM8JbnEMH+g05BcuUfKlHVfHgmrJkq6kNsALhMw3q1lO\\/bWYjhsO\\/v7XJUyY7DRFXyqsf7kOf5zCiYA0qj2njJyZLZQUQfhnxk2viSNMvPv1M75Nk1tTpSSdp+o3q1U\\/atWydjB75k6RYIs1DFkKzFsnpJ50iS+I25bMxmaS0dtt552SfPfdIalSpnLz\\/9lueRrsWzZPmDRsmrZo0STq1bp1MHjvWtQgshKsvvTQ54eijk0svukhavrQ8wWfvv590bNs2aVynTjKof39J36ku\\/f92771J186dk9eefz7p1a1bMmCnnZJzTj01qVGxYnKvtCPSHPHDD16ubh07JwP79U++\\/OQztxA2rFmbbFi9NjlP1scB++6XzJ01x\\/N6Xtpt6+bNkib16yVNG9RPmjZskHRu1zapWKFC8tRjj3m9Zkj6t23RwrWvJo0bJmLo\\/u0vo0cnPXv0SI498qjkib\\/9TVpDrrSAguSBe+5JGtaqlTSpWz+pW62GNK5gDbzx0itJi0ZNkm3qN0xqV6+R3HXzrcnCufOSnXr2SraXNtFG5bjlhj8m6gDSkGcne\\/Tvl9StWSOR+Z28\\/frrnuc\\/n302qVmlWrLXgEHJSceemJwsC+GsU09PDt5\\/sLfRm6++6vHaKq0jpdW1b9Eq+fC992WRSHuSpXfVhZcmzeo2SOpVq57ce+sdstRykw3LVyV9uvZI9pLl8eJjzyRXn39ZcsHpZyZHHHRQ0kBa\\/usvhvq+99abyS49t08G9dslmTFlSvLLj8OS0cOGyoqcmxx10OCkSe2aHu+FZ55J6lSulDSRVvz4\\/X91Lfax++9Lmgu\\/7Zs1TRrUqJacc8pJydqVKxwvvbt2SXbarkdy6jFHuyazdPGC5KxTjk8a162R1KldK7n37juTbGlzc2fNSHoqXueO7T3MmjEtmT9nTnLEIQcJT9WTBorbqtk2ydtvvKp2yEl22bl3cuH5ZyUfvPemNMPRycIFM6WRz5dF8Y+kffvWyYgfv\\/P2feO1l5I6taolTRvXTzq0a5W0bNE0eU0aGoC2dt01VyS1lXbD+nWSOnVqJus3rEs2yLo4+phDk333GZh07dIuOe3UE9za2KVPb7VDbVl6LZNW0ibfek3toTy++fyzpK5w+eG7b3u677\\/3tmipUfLcs09Ki\\/xjss\\/ee7iGededtyY777RDMm7sqGTt6uWyzBYkixfOTU464ZjkkIMPSFauWKavN7ol07ljh6S58mjfprUsyB\\/1uEBa83NJLdHMh+++qT7UMqmj+7bNGoumWzkd3Xu3rGtpt4uEN\\/pWj06dku+\\/\\/NLLNHnixGTf3XdP2shC3r5b9+SHb77155kWwoJ5c5I5aodnn34yueLyS11jvwvLR2UaMXxYUr9OLa9\\/7erCZ8O6SfvWLZITjzkyaSzcvfvma8m4X0YnO2y\\/bdKwbs2kZdMmSUP18frqK9wfeuDgZLFoCRg\\/doxr2vWFs1YqT1eVUwhOJol39BC9HCBrornwN+z7IY7fJo0be7yWTZsmu+2yszTmRUmWrJQbrr1K5aiXvPri854uZd+17w4qT+2k5TaNVMev\\/PkSxT9cdTznjNOTQQMGJBeee44stHVOb3+QFYBV9O3XXybNVU4pNf5Nw\\/r1k2uu+EOy8447JLOmTU1bCPuK\\/\\/Xo2jWZN3u2rJvs5DpZC9Bl3dq1Zc2f5JbT3nvsnjSqWzfp3rlT8suonz29Lz\\/7UGWtndQTLfbt3SNZOG+GnuYnPw77PmnTorGsw8WypmYni2UhLFk8P5k3f1Zy2eUXJV27dhStrEwukeXUTnyqS5u2yW59+yZjxZ8A2qdNqxZJa\\/HhM04\\/NZk8eWLy8ccfJldceXny6huvJAvV36KFIF2pUObgV2XAp0Wz5j4\\/F3jkkYctR5owkgzfHFqNWiD1RfBjZQK+3PHjJ7jfkuMuec\\/CIsYkXn3tNR8we1xahESbvwvfZ9wrMPjIEZYMNPsAqDQziTAf0Oa0NcYJ8CcT7peGxMI0DqQnTepw71\\/v9UEc1it0797NfXr4zSn0L6NG247S8hs2buizQJ59+lnXkDgr98677nI\\/JbNOakjjZcxASdrzzz\\/vJxi999771kXWws3SplatWG7du3WTJrWDjZSG75JckCVNDw0G\\/zxbALsVJcska+16rzczAPCd1pU2wEwAxhTQzObPX+ADXzvv0s991pzNOnXaNH9XS1raz7KyJDCtX\\/9+Piayes3qIlpJGtLNwTsFx6+CrIZZk6fYBx+8r\\/z7Wbu27X0wnXn7aH3MVmDgEWvKv1baWCGU752333bNrVvXbq5RcDIZR22yGOnrb772MjKAi6YCTr8f8p1PIMCPLFHo6b0sy2DvvfbyATCssxHSTvDRgmA0ZLTNwYMPcHzNnDrZRo8dbxUrV\\/dpgb+MHedWQCNp1pywR1w0NgYav5J1hw\\/68ccfswdlXTCQzqBfufKVhaca7nvnQPpFixe5hsd3jGHUq1vLyxURBm1BnyyiYwFWxCynCDID49KLL\\/B9\\/7FkOS4UjQrNllWkaMlsAc1ixVVr1jk+8MFnSwP+RpoZddxG\\/QGtHCsiLzfHNfD27VqrX70g2vvEtt+emSCrpLV\\/LLra1ueSU1bXQMGr8F8IiQ\\/Os4DzlVdesSXLltsYlYN8mMtfsDGxlatWWL9+u0jbDoOWOdlZVr9WDV9Fmy1LlOMjWQOE5YQfn5O6vvr0U5+UgVZeV1bcxx996GuHMgG6YNwOi4eD6qGPlbqHbrp37+5ty2A1A\\/cc0M850Jx0SJ\\/dU\\/3hrTdfd+vpxRdfsu\\/Ea5555mk\\/R\\/i22293WkX7piw\\/6B1jDa+\\/\\/oa99dabJsXA8vILrH6jhs4noF3GoVgEy3ob13D1x5UxzIljR6utqngZGPdisogkir377js2ZfpMe+7Z5+zNN9+yp8UjAogOUrRaGkQetbk1JeCHmVWcww2OZ86c4QsJec64KuOInF0OrlarvzEALsFu2evX2CMPP2J\\/lMV83vnn2qQp033ixqYQ8o51jUDJ6SNMwDkf65KyQjO6Mi740ksvq69+45MewD9jw4zR7bTTzuk+CsjqKawcu0ZCeKwloKFFkf5h21atfbQdBhhmvoTBjpKADsjCIM6HbSImkytCRLjgdmHAk3m6zI6gsJlohfipRL6YHghlFgaDvTyLRAmjlDbgA22xozCgy7cxLZAE04UIYC4MMDN7x7czEOASaKlOAxNctmixTPQ5zmTpSExZpdOTfrNtmjnBQZy4i7btsa2XByHHubZz5831WQeYpRzfF4EBGlwszOapLabP4I0wrg600uvFfGIIldkMlBlBxT3AykwOfQfvPbff3v4mAnno4YftMTG7Q2Xms5o5pom7DdyUBWI0Ft0w8MysJ\\/b\\/gUHCwCuI+eDug3E4ZQmgC3DEWb7MfJA1Zy1btfTnbE\\/Au4kSDj+NGOmuq+169vRzfOfPmWWjx4zxRT5169VV+hCl2ZKlS1w4M3BVj33vfXpmWFTFzBJm92wjnKuBrY3oBFfdk08+Zk8\\/9aQfZVmrZi3lbU6XtDHTOxkAnD1zpj9jAgKMGIa9QQLAQfGZPQGelqpNEDzMyIEupNAqvdChGKilUyBoqRe\\/A4ixiimx1gYhzp47jRo1SDHnMNuDTtigfj0\\/djbZmG9\\/vfcv9pe\\/3md\\/e+QRKVOP2IknnuQNAH4bNGwg5WGkjR83VgpJYztg8GAbOuxHZ664Ukf8OMwWL1lqAwfu5qebodww4ykoM4W9ZWMBStd4a9OGftnCakvweiMr0EcAmOlPErqXXna53XrHXfbAQw87LZ10ymlWpXp1\\/BreV8mnmnBPncAPk0Ngoh07dXJ3IfSSCeB+vQQbQHsya+abr7\\/ylcwVK1W2a\\/\\/4R89z2+22c8bDoCcbDyLIOWaUNGFaDLwzw4edUa+66iobfMBgdyHB6EJZZlqz5s3FM9r5JAHa3\\/u58IDiBO0yewk3FS7sxx6lrzziM7VwJXXqzIrqcu5+YaZZzVp1fDB+yqRJ1rFdG2fIKEH07bIC7QDPCa7yTfseLcTEBaaBcl46rigGu2+VsHvobw\\/bo48+6m5QaIEZc8gV+E6VatWlcK5wRaeh+hvPatWo6hNLSofC2UYOKg5rr8i\\/umgAAZ0of+iGAXjKTf+gHzCzkvVB9BmeZ0IRWQfCA4Oq6ojmzF18m\\/gR+ZDKYSXQGKUBM6loCNLlfANmUNAR4swgCsV0Rny0mSj1yilQEcpAnnRknm+K+kLw94qXyRyxYIAoQYnjDanfxKsp4qJRsTbIywWNnuMTZG4yHRFpXkXPmQPNqj8YGcQK46J+cV8XzqVlrnQEmAlpUl\\/iR\\/B51UJOkQbwKuu\\/VNkRFDVq1PTOiqDh4O\\/t1HkIHPo+X0x59uxZ3jak7d8Wh2KPPOVUMWLnZmuHLUHsfMx4WCQiYtplJQkuGCYrUvHvTlJn\\/0mWyyJZcZ0k9PeSBTB1ylQnuj323COMLaUAnCCkEbYQaIBQWPKBkVMv\\/fAdTTuLIcFwmN\\/eVEJywbw5fra3T7mEmQvPG3WFHrFEwCsdDcYeaSF18fQRdjB3BDbbitBZU7n7\\/4UQfqc+dXqkzlihbdq2cfpNgzLIL5AgUYdG0PPl9ttvJ621lwv0HWU9Mg4zc9pUL\\/vuAwa6donmDS0cICYIU6RtO3To6KtlOQZyRylDriApvTgtNdIJdWLrlkC34chP6oaiFIoEfvN9ltcll1xil19xlQ2UsEFj57lb96kqgyf6GRtVgjfGsGC+0C59gjIUB3AerRW+P\\/XUU137v+bqq10Ycn76hRdfao899rhdfPEl9vkXX9q3Q34IDFB1X7s+y\\/tQ6G9hrRBporiBG+pBWbBW6QvUL\\/SZ2CKBNrEWUCzoK\\/zeUTQJvsEdFmxOTrbNnTXTaZF8WLtB30a405cZmwEQxgCpF+ZQFCgD5UU4F0JRuok0h5KRpXziFi3Q\\/PYSjt27dbXtpJF3kLIzd\\/Zst2pUbZ9iKsQ4z4HXxn4NzVHWsgL507e8FJQ3POR\\/oYh5VmG78c8+\\/cz5+859d\\/J+Rl6+biNE9cV0zgidhSsBBnbRqihgxSqVvVHYj5vGZKtaKkiCZFoSVNBjNqpi0LJAjJIFG0sWL\\/H0ECQ0NKsQaWQKUyZIVSwTYAhemVQasUFKgmji0bEIaHV0Ip5CGJy\\/TDpYG2CSMjOlNUvMppLwQVmpA+8oP3FriqgBNE725y8Jylg7B3DDOo7ItNlQbOed+tp+++xr++69t8+Z333gQBssrZL5\\/WjF1DmEjPqXhIYSCpL+NvW7OATclvfOTv0ZJAZgil26dnFXCpYSW4bgImwvDRBGOHbUKJ8kwBz6mAcQGWtJOIGQmdMe2rKc\\/ThsqO2\\/737Wf9d+1k9azG79+9seuw+0fffZy\\/e5gRHQpCxEgzGGg\\/M3OvOE9gIDEWTkzxVGRqej\\/f2Z\\/18cgmIQge+gGZgka10YCIzA99AMNIDlSQenjfr329XbbuBuu0kL21ka\\/0A76aQT3VU1aM897eOPPzL2SOrcuZMYWW8XHlij7777rseHYVFW8BHLj+YXITL\\/CJTWzX6i6oqm\\/e13Q+yoY0+0Z5963F2iRxx+mJ13zln2\\/N+fE7NEgQltD72BO+rMmdFot340aepZSUBfJjsEOAPVf733rzZo0J52\\/\\/332YDd+tv0KZOshSym4048xY4\\/7li3QsM+U2bVq4ofLFnsQg1XLmkgqDh72nkCbafEvXSl5O940ZUtTYiDC2\\/ggN2slxjvbv2gGeFcvwcN2sOnzgcIB+fj5kMxoB+D22hRkVMmvjOBtkdQwlDxGHBSXKmghKoqH7dE9d0EWXL77rOPa+NYU6xd2Hefve2ll1+2muKja8VTqS\\/WP3TmCoD63YYN2Z6vQ7EyhTIG2g5B9KCyp7HFe48TnjBYnqX6svneegmZQXvs6WdQ11DdKyovrztBn\\/ivhKAeBqPHNGN+NT5qMqES+BXxfY2QucvCFqQ9GYJAD6mMAbQ0xglgWsuWLXXNiT1JWOyBeTZFjASTlNOR\\/mWI+St4J1GZQCpaIPO5cdGgeUTCxj8JAc6bP88ZMDN92FcJX+YEMTUa6fwLzrdhw4fJhFvmC\\/EqCifbi7mxqpXfrGhlXQY+ZwQnc5PdBeINUAxAcHycugakh6uH1EMIgrNoFy2Y5\\/Vo3LiRv8P8Y5FXtSpV3arCXdda5cblA5NIp+NBbRIzKgNsLib1IX+YUwuZ7mNGj7alixf73lEVxIDH6TeEiIY7dNgPVlFaCOMmzNbCHMf0zQSIGzdPSYALAIbKYiXatKG05Hr1YBAVRH99RbxNvb6sD+jda3s74fhjXeggFFBACvJzlQYHolf02SHM+EoDt9QldV2vDrh86RL\\/Ls4\\/554xkkULF9jMGdOVnpgX3D0FdChcdNs0aSrctw5pAiI5NoJct2atTZNlBH3ByNnu4rTTTrPTTj\\/djjn6GN8AEiHEwsn99t\\/P3QM\\/jfxRikRNX2y5uzpo1SrVJKyCawrGBdAGbvH4r9IBxhNoXAqd6Jsr62BQ3p577jnbsXdPu+rKK6UYVfCjR9GWhWi\\/zl+0SLhf71YCLijG7FiAN23mDGsl4c\\/OxUUhLPKDebPpI8Ltjjvv9Nl0LH7q3383O\\/a442zUTz\\/64is0diwgVjOz5qF3796+d9SQId95XoxZ4jc\\/4fgTQvIoZQJqQygJ6OM1ZR2xZ9AG8Sm200GhQFk6XnmD832lSCGswSXKCK7FqorXRv12hu7hRXNEb5zjDEAysV+CS9ZxkD9jWLjfJoo\\/MBaAIsa6Ff8gAyIPhA81FZ2wFon8WaiLRcSmf2eeeaadcsopauc1bingQsedhiKImx5rGJcauKLM8EkvlbetchCjDrvgKm\\/owpXa0OdDDN6l3OdevlBGBC7jML+MGe1Hn3755Rd2xRVXuAXHYkloljYlfuBXyhCmira8Y58dxeRmub8ZYOoUnYAVqDTmcccfTw92Yi0JIBQ0Hk6aYjGWqNB69uzpGTPAhIvlgosu8rilpVEWoNFCEwQhhET2xpAGd\\/\\/9DzjyL1I+DNyy2AUi4pB96sAmcDAX6nH66af54porrrzCB6FZVMXUPywEzCt84Ex3YyUuSMTdcfnll6tj1fRplDBANEAYRqmgaoYGCyHzd7xr0Ki+UJX4ICmm4sCBA+zU007xU8IwLzF3O7LnigiaLZ5dAOhLcAgaCZEwgHjdLOibNBT7AHoA0MBZrASzZtU5O1KiYY38+WdfrMWYCluX4EJrLq0QP7Sv4EzRSFnaGCuEg+3ff+89yxFzatOuo68wx00zS52XlckI8h7qMGyVsELCmvQRCJQydopqYkCMrxTJk9v4U\\/QBs18qgZCbk+2LKKkmCxqri8HcfOMNds45Z7vlI2IK3yEY9B2dD\\/rBxE+z6KS8de7Y2XeBff3V11ygn3jSSSrvWh\\/Yhukx4E2fQIHAp96rV28XEGwQiWaLQOgnrXbFimXWe4ee1k0KSuicAbwdVB+3AEqB0FYEgeLB2HBl8Q0aMYcL4ULq2p3VzIe5IKAOnbt2tiXLlkgZGucCe4+9Bln7Th3s2uv\\/6AtIBx90kDRoKX8ZAG5xVdHnUJpYGUsfeEfWDTt00j4IPGiYIqN4URsUNGibBZH9+vW3G2+80VdZwxdQ4BhrwMcvJpTKR\\/+laLA4oNWzinrchAk+eYQy9t5xB3drDmcKsHDOquQuwiUuMQbBh8nqhLnut9\\/+1rfvzj5tHX50ymmne5rkhGICX4FHLdE3MOWDVd7vZG2decYZNnToMDv3nHP\\/X3tvAXBVlf1\\/L7q7Q7obFAHF7kSwnTHG7u7u7rFz7BxFHTuxE1BCSaVbuh\\/k\\/X7WPvve81zuAw\\/h\\/Gfm\\/a2HzTl3n51rr71ip7USU12jNWgmPcA5w0VM4I4YNsxPEKCO8EJ2Xn\\/91VfWuk1rH0qHV7FwZNiPP\\/o8woknnewLWFi8ss02W9uAAw70pBkmdXTwA8Q4bUKTgS6DIugf\\/f\\/yEuLwCz+aQ9C+XVt74YXn7aMPP3A+zqbcOaofS9SHDfvJZkrRi8esFJpRoPNvKzP3ww8\\/8tVEm0s4tFTh73vgfhulBuskRs\\/6dNYFAxBiZBwRSBQGyRHKTz\\/1tG3Zq7dPpjDeDILbSntknf+yJI0NglRrsDadSRh2ZM5Vh9tMnY0GgIFcL81l0KBPJByOUcgQadfddrVLLrnEXh840E469RTbZbfdZSk09XXvxGUV0jVXXenDH88\\/\\/5z12aqP9enb1+6+7z4bKoJrvFlj69S5q08SP\\/3MMz7cAZHP5TC1HFxkRVZhyMVZgBKeNuvC+2y1te3Tr5+dc94FtkX3LTwPOnYTle\\/+e++1Z59+zvMKjA8CgfGuRSDlANGI6\\/E9jTwg78iE6tWraz+pg42TVtVHGt\\/PY8fZOBFyf2m8BHnimWdtvKzIHlv09N2lbUWAYccpQBpF5JFAddWNlV2shHj4vnvspNNPt78eeYz16NnLRolZIRgaN2spLW+cd+Q4qQnOYsrgFAuXIc80Q83UUyGZe+CNIY+ly1b6pOv2O+9tHTt3s9vVSaYnu8BPOOnUTNsRN6xSC3MqaSAvVuggvFn18+Jzz3ib7SLGygqqcmXLW+269axu\\/Xr2hRgETJKVW9ts09delACZMGG8de7SWWmbd9YBAwY4s8vH\\/N0CLgIoV3rliytLjGVLuF55zXU29IfvfO6j2xa9ZGmWcY2X9fos9ICBP\\/roY77Ov337DnbDjTfZcA5Ma9Hc46A95gIaL8wEZo9ygBA89JDDVJ9fbcJvv1qrVi3dMoAhff75F7LaSrjAv\\/HGG+0TMddbbr\\/dRooRsdO6Vp26fgbSiccd62RSAmQ4iMmpSmtiIrQJQ2t8wypp0bq13f33e5zHzJg82UclGio\\/hqEuV1+nr7LCb9vtdrAWLVvbnXffbcOGDva6IcyXMHaf0Al021c8kL49XjR+3PEn+AT4DCkJ3OXdsXNn3+9SVxp9PoB+sPahMXZlX3XttbbnPvu6wkqBKRP3Yt9y003CeS8fOWE3OzuNt9luR7eWqteoaR07dRWfXWAFK5ZLWJfO4SQRK3ryLyk7DkDQsKJqgqzdHlv2tJ1lLf1ddWak53q1AYflnX\\/Bhb5X5M47bnfaYr5PdrArEylCX505R4VjaG+6\\/gYfomjXsYNrFqOFcLbhc2YOGnQ+cAkpje8KaQBI5VtuutHayCzb54ADbIA07ZnTptkRIqAxMhs3HCAWOkGYRzha0vszSeBXXnzRh1UOOPRg23aH7d1k5jtDFTgEHtYL47gcJXDz9Tf6hHA3WQ179dvPJ6NYFcV55Oedf74Pl5x1xpn2npg0Y6J77dtPYTeXxjHTrrjsUnvl5ZftcJmCmH9+vKx32sB0nJoLt2KAjH8Szv8Pb1gASOrzzj3bnn\\/maTVSaRtwyKF2oKyyncQwa1St4pO5MF2Pwz8IgcghiRzI6ynfNf0zFkeqzE5gcmiDMKqfR4wQtylpP\\/841Fd+sQy1u6y\\/1SLasT+PlJVU4BoZq7gQ\\/usDDJUwDn3p5VfZlZddIqa\\/0HqKmA87\\/AjbS7TXvm1rN6eXiJFHhu804G8Uq2QQCOrQsWOkoaQfL8xwR5hL6NSpvT32+GP26UfvqMwVbKu+O1j\\/Aw\\/ziXGsB19xlUBITjSnPNLgGyvlx3k7u0mxOP+iS9R5S1jf7ba3vxx5lLfbjrvsYm3UrpMmTVZ7lvX2ZckpY+iszpFK7OPSn3zyke2w\\/fY+\\/ANQN4YEYe5u3brvmkBdCRuBulWsUNa23qq3Pf3EY76K55iTTreDDj7EZk2b7Mc3fPfNV97eLBLZXxbfR58MsvPOOVeC4ndZoC2tX\\/8BNnP6DJ8ohqnkArTAmU6Mw8NAmYNjuGlXad\\/HHn+SLI3dXVjccO1V9uSTT7jCxgQ3QzQ\\/Dv7BVw8Rdp9+\\/f1IjfJlSttsMdkVKvuyuEIsgaSrFALqjFV3gfroNPWHE8WTaonR7rbHHvZX8YL91We2kiJXQm3IuWFs\\/vvxx5\\/svLPPklIxVkKhpe0r4dtvwP7iZ8faMAlAFhqAOyajd1WbMQ9w9VVXSWDVsR133sUO+etffLn6fRI8t91yqw+zFQXwgauvvMovF7rwvHN90QUrGA8Rr0A4oAwjSLfs2VOW8JH22KOP2mMPP6QyrLBDDv2LceTEoI8\\/sHPOOss3rBasWOr0EpS+bHs7nSdND991WtA7Q8osY35MSsrkcWN9vnO\\/gw51y4w+gjDjSBiGVllF6koIVoj6RomxP49aDeMD6HA0JL9ZA\\/vQIw9bjWrV\\/Twh1nEP+2mYse+1ZdNmYhIsixrqh0oxAcqy1N9FUBDVVVdf5aYZGjZn02y3zbZWTho7EmrY8OF+fgdjjmgaHED124QJ9vobb\\/gRsowlM7aIOYelwXcYEuulmQBbovLdddttYWmWhBdjfMDlV1xhr6ocHCLWXFoA4\\/3MXRwjAmGIB8AsxmyfNXuWr0N+4ZWXrbGQ07lzR6umenIIGDigE3GcNnMQ18rEGvzDD27md+naxQmX5WBoAYxVIjzVEvYXdf6GMg8RlBxMR6evXbOOX7LCckoIiAPi2kgrY+kt54nMmjnL2rVrY7+MHmW1pUVuv\\/223sm+VByWrpLnNlttozZZ6Wb\\/iOEjJKwWCHebWfNmrdS4YVUNjIaJuiFDf3BtHmsCzYNJzPfe+8D3hLDEjjSZGNtfHYE5EeZK2rcJy\\/NG\\/zzKJ4sPVJ04M2nRMmk0Ym4wJIY8aJOfpa1TJm5nYhiR\\/RjVpL2fdeaZNkmaGVog46InnXSSxzn55JO9w1ImhmEuvOhCX07MuPEtt9zi5jQaE+e+XHnlFW76v\\/bGQPvHE\\/\\/w4cvNJahZpz1x0iQbO268yjDD9tlnD2vduo1fCsLyWQ4L7NOrp9166y1OH1dffbXv4WglrfH77wf7ypMjjjzc259J6Mg7wcMTTz6pNKdaF1l80BNmPLuRf\\/1tguitrh\\/+R8elw3AJVMuWrezxfzzuc01Vq1Xzc+ZZb36Nn8NT4GfUvP\\/B+742Pkz6l\\/ChSe7pYDKbYSKGW\\/h97nnnu6Vww023qq1G+pDEs89KCRCtxw7PMzL8v\\/\\/97z6cQGdH+x89eozvMD377HP8YDPGqxs0rC\\/6mC9rd4ro9mppgZfagf338TR+Vd\\/74fsfRLflrKYUturVargVytj2s889K3q\\/3djtz3AfV5ViwbDLHWHGngja4K+H\\/9VXFVEXFhmw7PNFKWGvDXzNl0szLFavbh0\\/z4sTiCepHLVr15SG3dOuEK1QZgQDR+cTd+XKVb5nAHpDyeEwSegLAcgZQcy30HfRti+79DL1vXDaLCuD4A+cOcZeijvuuCMZl2\\/hc6Asgpkw8TcbLTzXVB9875037V9iztdJAYSeWQnGQZGsQPrg40+tQe063tZjfv3VBijNS2VVMBR1x113SXi0cCuCeVWO9f9t4iSrJJ6DBUV\\/Yp7oySeecAHJfAXDkSzZxWJklIW9VIxc9JcAQn3hTLQPlPbm6gfXy3pgPvaRRx6xp55CcDa0zSV0hg8fJvz9bMsLVlvrFk28\\/biNcpT6tK90YrhI9MFBjc8+85zTRmsJ8kkTJtnuu+3myvj34lmXXHq5D0WyB4OJavj1yFG\\/2BFHHGHX3XizH1a59z772MiRI2BhbgmXOv3U05Mb00q4aQWwRI2J0+7dususW65ON90nPfbbr5\\/tvONOvvIITRCz7TAxQiRrpcqVfIkdk0o7EUbaeZs2bX3pJCcishmHpZQwTg59Q4NkrI3Csb+B2XWGeVhtsZsqhabGqZUcnIc\\/hALBHXrwwU60EAmEGk5I\\/MMJjE4N8hZIw2\\/YsIHtK41+73329rISjgZhkxKTwDDLvltvbWx4QZBBbEyYH3roYXbcCSdYdQkbJuBYH84cCHnAfDjqguMrDpLE792nj08klhWBTBChQJTM4jdr0ky4qOOrlRA0zEvA1JtKkDK7j2CqWKGS4wABgKbWvmNHX77I+G6DBo18U8vs2b\\/bd98OtjGS8vPnL3QB2KxZCzHSht5pSpUKKxMYG+XJ2CfLMBmbbiftHdOxdu16ap9VzuwqK08EVaNGjX2ZI\\/igXNwOBW5pO6wqDqzjxrmSzLZKWLC+HEsAoc+eAw4wO\\/DAA9wSYCyfuDAycLaX8M3GLggMho0\\/aXLoHEsDKSdtihXJJDAT5gh92otlt4z7TpdwQxtiQ9OoUWO8PdnUdPhRR\\/gcBkMdbECDgfRQuQ499FAfiiFt4ixOtLfadcI+FnDJSa8QvLNaMQXok6EAlreCHyZ9l4tBYe0xxIhwYm4Dutpvv\\/2ciZE+6\\/Zf\\/ufLXj4mulk94neDKP0tpPEB9KMFCxb5smYmZTkS5bjjjnfmN019iaNDmLg9Q9p648ZN7LNPP7YP3n\\/PLedo9aYBJsbQFHSMYoSw6tWrjx1wwP5ieDVk+rd3AcoQD+H27beP7bbr7hJgzV2JW7RICpja6sBDDvZ2gOEjjAcoPkoZ+0d69d7ScTVHzGve\\/Hm2v75xWCAWC8rEtttta3tIyUPbxNJmMpR9JvRVhppghkzs\\/iqlhz0SzMkwdARvYSnt1ltvJVy2UpuXdaaOYsZqJvC8hQTGaaed6os8GO6poj65pfo44\\/e0M5PTlJ8ht82aNrFdd93NLcqKakPwwcVc7AtaqO8IK\\/hRQzFX6nrqqSe78IZmmB9liTILZtg4WEX+fzvicNFnFafJ3qIHJsQR5qymoz1HjBzpG+8QWJwke9SRRziPgs6gO\\/YwUb\\/KKjOWD8Ol0DMKLzdBMuTM+zDhZJ7yRVFi7gQ+iDIF\\/qFBBNRc8SHmWvBDWejYoZ0rLvCuY48\\/Tjy5a9Di9YdAQDGg3NzdAa9hLupg8Ufa6Ecx\\/1KlS3rbLFi40IcUaa9xErSHSZFg7o+NuNPV1xn1wXJGzJQYO3KsLITqTnic6YLZD\\/OnYcgVrWvadLQ8NquxBrtEEBIiblbZwPR9CZlMDiZveG\\/QQB1QQgPCgemxW69e3douDWEAEAJjlxBGcyHe09Q7k4eM1daRIKCCdEAYNR2WvQysVUdwYMWgXcNsKSd5gkwgLIllErmU\\/MM1kHRWCBYpSXqY4jQoDAhBxamCixYtdkJgkwsdEm0SAiQOfkpInWCCTZg0yaoKX6XLSJNjeGIV444lbL4IfMh339vUiZOTc3DY7EQ0bptLljmqw0EQy6TBYGHAjJ0BiPFCUDAPfntjy3HJS9wVy6YTnzAlUUhCz7BahDxgIs67PV3iUmfqWbZs9vpQ0kAAQlAwFz+PSpE4v4XhDz+SV38\\/ShNatEz5llb9JG84+6RXzy2tW5dOVlrpsNEP4QR+EZQwDYY9qFspEe8KtTm\\/KZSfY688wCPlZCgG6xLyY+cujBWh4WP0CvercPzE00+5QsBOb0xa6Ijd1ayEQYgQFiaJaU4+WIk8XRlQW7JKg82RTJi+8867fs6PM3TVGxwFnAVBh+BmDDvQy0pnUNAKbUOZEXjUA\\/y4Wa33O+6807VDaK1z505iwP2clkg6rBZb7DTrddIfNIrli0YLDaM4HH30UXb6GWerjUr4RDbpPSHrg7xoK+oSwWlJdaVD4k3npazgDZwCMEHOd6KtKTfCj3CcWQPewBFP6gVwsi05gFucH7suJkm6xIWRo7hgeUA33s6US47hUc4DgxHB8IhDfVkVxrlOjz36iMpR2pUnGD+CF6sRhQXFhPDex4QfBBnv1MXzUH1Q9viNIkjZwKvvHdG3cO8FS1bDEEmsCzwBGuCb0zRlV3qkwzf4Bn3L6URx4F2Mm\\/Odeofyh6s\\/iUefB1\\/wNMpB3p5\\/8g5d0z\\/Aj\\/ct+VNu8qW8PMmHsKSH4ocHfRy6Zf4JwLpn9dW48WN9ZIGRBMpRugzplPRbB6nrXw8\\/wqpWkdVJ\\/9c\\/2mi1MmJ\\/EzihLzMKQ760DZtJUXoZdkVQInw4tfWCiy6WtXaZ+HF9vzgHmmSCH7wwde2rjMJyJrIXcfEUQy2VOBg4k2M+saHfECffw3tpVWCZkBEuPld\\/cYLFVFaqQgbjtqwCKu\\/HO7NTUfxTldFXFRy\\/UqXLyqmx9JtvyD++i8vYSiGODSj4kR6VXakGgJD+kBfMyr95BwjvpFm1anXPE+ZDJwnLC0mURxhHpoMzQ0+6nLcfGpryhs7vHcPzCkuyWOaIkKsgRlpKnXq1Gpr1HMzLi4xVNnYJYoWUFNMUY9ST91UFiqv6MbYdhIRiqc5\\/gCP9ZoLJN5SUUOlFWIShTNTFCUNhuS2M+nm9vQoqv6KTFlKdP4idMoCUUqUkKPRcjVME2rWMviFkVy5n57DSp1z4gX+sHBia8qDcjIN7GVQeYlNOFcLrgOM+apZpwuyoJfFgABA6BySCb9KAl2LFYYFAtD78pPjgFRzDPL2D6I9E\\/lC8wUMGO6NuKSukvHDdvFUrayOroYyEFStfwJcSCu2v37SbMweVkfLCYLDsaL8q1aT51a9ro8aMsoWLFwpXoRPhClRWtL6pUnbmSQuDqRAPqwiaw\\/KDBqFJn4wGF\\/oNHpo2ay4tc6HT4lIxBr\\/WE3zJFYBX0RPWHlZIRVnOtCudkslKhsPeee9tn3xGM331tVds0GeDpK0P8DyUXahPwIpKrDShV71n+44EPcJbRaL9GTrAj+GgErSDykhZWYLKLmQ2WJLOKldeAmPjVAKsQLeahE8YL+2B8MKio68BPqdBuZQXPZHw0CvKyMIlwQriGwKltOKjjYOD0jA64YYD+zp07ORPeStcOecDET\\/Uo4xogHp4u+oZ64YQAAcFTsTgRgJO\\/RFfvuOH8zk1L0MZ1bW80pOgpO+oDNAL7\\/R02lEVc15TVjQMnpYLDyJeK10+HApZQoy4VFkJHeUJjlDUSJMyoeyAa+pfUmHJE7zjuKOE+vMO4Tuu5PDnWUF4rVBZShp4QvHzeKI1DvkU7TM8V7K0lNfKFfRdbajyem9XHuRJ0dVlAg2oPXDQG3X5Q7RP\\/+UoF46Uf0eut6yFLt27qyyywtUm1L9+w0auKF5w4SV21N+OcaXuIFkU1If+BJ2q9FmQn\\/\\/Pk\\/8JEH0jBL8AvGc1meQ9\\/hRk0vNw+pT6lgaShFlkIPUektRfKnLoKgGyb2uWN+QZQsC0AB7p9LJPf6wVIEKPy5NOpPz+8KcYvd5hSuSPhhYYOx04XdqQTyhmUs6kzAhXta7Cht843p3xyUFUpBNc8t0LwjtsOTYlfslbzMPDC1IFgSE7JIkSwttcfzCMWEd\\/esAA4JGwEV8eL0mD\\/8BnSCvr0kCZoh9t7rTBuzolS\\/0444jx\\/8ZNNvOOUL9hQ79AyGvvCeo\\/OfARcUKn9+xVbmdKsuAqVaks5aC8j21jMjMG61pz4ohBR0Bp4CTQxUsXe3rkGescHZjyWtGmcp26dPajJ7B0EQYwzRiWsoTwheOTNqZ8w0ZNrEb12irPZLv7njvs\\/AsusB123NG22377kG\\/KwRCydA+u1M6qI+9ATD8L+AeXViwQBggbVyL8iX\\/hmGuD9AS7g9JBALBM1NPRP1dOhE+G2RhBYO4FjZlhDObkaJdM3ZJyRQFYFIRWygLvWXysCYVDBzwUxgXxg4vf\\/Df+cpl2A0f6AC1EyPAJd\\/ojuiDbx9YHknq7IAgnEvtmwCQPB4QdHcuftAHYiPkD5Kt0JCnQ7hfJsvhw0Ce+3HV70VLvrbZyRcCZPXXRk1WjnKX1+D8es6effcoeffwxa9GqZdInEPaouEnyWSiM1tzv3oFTBc++5z4jqOmLibMYDJbhjCNxJFkIWXoPQydZKE7D5AYBAQFyyxwg5pmOBnYC8ninYRPmpMQ9NJSSEGCAbNqhLsnvTN7Ja6F4wZE24J\\/9TaDAlCtUn3eeMQ4gj\\/gqyKYgSPwL4VIQhSWQi6OQfBByxM98Tl6cSfkL\\/4WE+D\\/tIsQ2yuI9ABoqfozXcg5Rh44dXGOnnHzzPQ3KgFiRoUfwPBQuPjHFGYNFIMA8GzRs4E9WuKyQ9YIlFpzCy9F2v8+d45N9zviSdozfcdQtxtObr1LZe5+93AynvG5Fxj\\/Kl+ePoYnX\\/\\/WGnXLayXbyqSf73NmDDz1k+x94gJ1+xumuiabrBz5COWJZY7mjS8rFn3\\/PF0YpJI53ypH9FuOs3UVIvbrCwHlhDIMBka6xMliQwpEczBexiZH5F59T0l9st0zZqGEqrzUccbzMeb6t08V6rtt55fI4fdX3wulCjzydTnK+Fdslf44PdSsEAqvPGLlIg\\/d\\/5YO38xz5eFsqXnrFESMJX33ztX3x1ZeuWHA9gA8\\/6xvDzDj6BXm2atPKh5I4hpy5EARRRqESZDZ1Ejl22LVBLjMBYlyQpZfENwvFSTcXHPF58gLwTZc3hAvIAfTF\\/dY\\/1yzE9NMOIF2f2Ckq8Y3JtAjI5J+4bFmy3yKu4reNBs8qmxcP\\/fJ3oKi2WRfEND295B1gbTyrHZigZiIXX2eKaEaeV\\/HyIz06A3MDDIkwYc\\/qJzRWXwuehHFIkmUSmrFuH6+O33Ig+hKFeQwOaGNHMstvC6MifzmZKGWTJwsXGjduZPvsu4+voWeFVgNZQaS\\/oTjNgKI7ff7JDhzBYFjNA86iPxYC3w7Yf387\\/oQTfFKYCWl5ejuGImb7JbVNp7sutz6QL\\/5\\/iovgr\\/rPh7DjN7k0BUKO4LgQ0nh4ZIH8C2QhsGkOmuQOBeiftkDBiXnym1EB0mJOhaXCWBZxaDCCBIISLqITFAUxk0KwnmlECB0wON6jC5OGOXkkEMqc\\/EggFCflmT\\/qRgPJBum8YfVdG+RLMeAnAG\\/xl78XikDJgkc6zqaAmN4aKE08\\/LHGRyCWI7c8\\/C7sx93Vs2bN9knaWrWlUaK5KdHwfzZ5V+hwyTv\\/iVLkYEby0D\\/mvlhN4vNgpUr7wgfmbGbMmKUOkTCmhIZxdBYWEMxfME\\/abxBWhXMtDIRn4pkTTunIYQ+K0lqLU6q+suQMWQNnn3OWHXbYoT7ZzVyXd1a5oPnl5EmV+JYnzTUccWOxN5HjAfCMdMDT55GES5iLcvY\\/gDIwx+aTsj6\\/E+pEnHSrx6dDkte6XN46F+Hyxf9Pcd5M3s5ywgvlhY4AHm45OHEHumExQxb0W3j3eioI1hrLYbkWtO\\/WEgbME64Iu44B\\/z8k5RCGswOPBfyMLMLKedsdc+xJV5avXMknWObNna\\/MVhv3cTJJQeaEZSt+xUoV3OwlISSSH+YlQsU8Z+IQyUOnin50GCrL2BWrbCpXrqj4YVUMYeOsOyt7SBM\\/loSSHytg6MgEYHkY3ytU4Da2MIFI\\/qxKYiUEEynkyWookEMZmaHn\\/A5WEmCjlSsXwlEfwoGKuKvVG0MIh7CJGyRmGNuLqyF89Yz8Fyxe6HcLMzbHpCOTtj52rwS58H\\/m1Ol+W5GfNSLwiSU6c\\/I70wmSF\\/+mP4Y0mOwhnzQwBksZ0kB5CM8EOBO5APWWtz9haDxJiyfl9g1OyXtYOVPKV12ESeJAIHE8H8tsxqyZtmzlcp+wAsoqrWaNNrOG9eqEsiflF2p9XDrjp7RVYz5lgHLBqHnSuHxfpbR\\/nzXDfhs\\/xn4c\\/L3dc\\/st9vNPQ6x5\\/fr2x8J5Nn30L7Zg4gRbOmOalVu2xJbPmWHLZs+wJbOm2ZLZ0+X0e84sWzpntq1QeyyePcvG\\/zLSPudGvX++aG8OfNXGjxljNWpy\\/PZyq1ylkrVr09rPKvrg\\/fetZu1aTmNp03vFimXGTX\\/jx4\\/1vQ++wCBWVJB9oxqho0K73A\\/BXRnsNAXAYVFAvDBsEhgkvz3\\/hD6KhqLT\\/HdAbu6UnbkCljizTJIl4dE\\/0ESop1O3flO7fA6IfSMNa8NhcSFfuv8vIdYpPKEfICgC7F2YNWO6cAYjj8IAqyDwBs5e40A9rC3uuXju2WfsjTde99WYnHnGklXuNkAYgHcfqUmQXBwsECaUZ7WV5BKPJSy7UsEgcv7WBlRofRqMsDApzzKJ637Jc13glVtPiHmQZ+Y9ySv+750RTWJ9wJEcOjPp8YTFpYkv5JdIYf0VmixPQQgXBG4mfhI2+BcuG36FIAkT0\\/GJs\\/xZrReQhGeVkx8\\/vUaZ\\/ML3wqGKBqrDqo1xY8fZSy++5EdwvPv2WzZ98iTrt9detv+++9pO221ru+2wo\\/Xdspd1YgNf\\/XpWUopCCVb96FlKNOoOopfALrmabzJ7lXiDOnVsmz697YB++9rOSqeylIeP33nHRgwdarOmTJFdvdIaSeAgrMerDEUBOEUJyYIjw9\\/45s5\\/mQtdVjlxnHsU\\/BtCr\\/+NgDLFsk0OsVwD0F7TLuJNrjiQDp92\\/21AmVHowoRw8pfUJfh4oCwfSh7pnoUiF1bviU8vWerXhLJkv3\\/\\/\\/n7PDMqx98Uk3Xw4R4lem4theKp\\/6P\\/\\/g\\/+D\\/4P\\/g\\/+D\\/99DiRtuvF0CKEwGseY9aDjSAJOhBJ5AKZkvSKs0RO0X85qwcbhCsTJSzucC8CetxDHrHb\\/xGvLhG\\/7Kx8MpXZZAu39ITQnpv+RdEPJkCRxDH9nJEd+IJTFH2cMwSSpOJr3gx\\/vypUts\\/qIFVq9lC4sDNOj+HLS1fNEyG\\/bDUBszfIQVLFrqElkKqzRChsOQ\\/gW2SpoqQ14MM7mkVXw0AN5Z61tJ5h4pUj+G1RbOXyApHtbqRwhWhcqqMjsO9cmHdkqX8UWlPDnrn3qyph\\/tlGEv9jgwpMO6cOrNOn+0VtZSU46AYzYJrbbRY0fb3IVzrVQZlaXkH9amdRs\\/N75qlcqu4RYF1ANwnOpZlA6RHoJhTwFPVdQ1RiAugWM\\/xdTpM+3TL76wgw452Jq2auXLTkPqclSePJJs0vmFNi9pQ4YM8ZMj2fAUy7ducA1IOaz2TTrsJG3brr1nhfVSXAj0s\\/4Q65Ebn\\/pAP5999pmfFguwo51hKHaisqGTuDhiEp53p2slyW+GrV4d+Kpfd8sKpnD6AHQa2pU8Q9uIHkRRM2b8bpee+6DVqtZCaZSzVSsZq1ZiDFPozzdBllhmS1ZOV5+YaaeddaR16txGYZiojOVP00xod9IX5SbvocwBwlAv55tRJu4Q4QgXbuRjeBl6DmWldRTH68sjm0e0vEMeGwbZ8hQPcsMX1fa0QQTCcDzPQvV1jnzh9GiO0WGHOMNr7LJmWJ39OPSJotLMhfUtexrWlYdvsFMdSnIoVK0a1a16tSpqJHbulXVHI8FYYD6MN4cdkJBKYDL+7g1UGBG48F2J6wmU0tPHsZNv7IzFL35PQ\\/BRxVOfeCXn8My6AMF\\/DVDaXp7k59oAREf35wN5FCOfjS1KYRTmBReOyfvaoDhh1gWOWzkmxJj74GIdjpKuWrlqJv11YSYSNWnBJL2NUx0RSLdldBGIzW\\/isNyONNiZz670fOH\\/HUC\\/YKf8hx9+4OfytJcQ2H\\/\\/AbbTzjtbczEPL2PC1B1U56h0+HJBOYQJ8xk9e\\/Z0gYJgYU4sV8in56jYubyygMtxWP+ucEJOuuZi3\\/JbqTCLxbzY7BmusHT8eMB14ykXlxzpAU\\/hqIc2rVtL2NVT\\/ZgvZEcydUFoKaALnKj8Rcfvdee56cELlHL5IeImtEeB74FBmHNqMruBuauBU3u5PvjRRx\\/x9mZ3Ons2gDiXF2kciOltClhXWtCGX+rTpVNn69yxk7Vv085at2hhrUSEzZs2sWZNNtNzMz0bu2vauKE1ql\\/PGtava\\/Xr1rF6dWpbndo13NWuVd1q1qhqNapVtZoSLJUlWDhmt7y01ODQdEtauTIl\\/clxuGWlHUtR9Xd3anTIFd3CBYi\\/6ynicM0UJ7\\/MuxzbrHH+W9pNCeiaPqCKg1cEThrBa4WIMP3LQogbGyq3wQqBFy4Jn3IbAiQTLLUUbGhiawHVJmT2bwQIj52lnJfE5TJ0EooQlyUWFzjYj7ZIa5DrApoWDTcoJiX9fCPaPE70Fhdi51pfFyGgfLXfA8AhahxaN2bMWDvmmKN9I1eVKlXdOoTx5zL1dDoRoh+H\\/rVr29Y++OADP1Qw0mrMjzTBF0cjV6lSUcxokTRUbj8jn2B9xLAlZUGuWrVMeFplLVs0sZrVOfIkATqc4yvt1gXh3KzmzVpIS24uy6COhEM4siS3jmnIVTr\\/kyHbztBlaDu3ACTMOFNoQP\\/+fuAjR+588fkX9tBDD9nAVwe6tcu97OEiJmnqSsLbIkFrNt0\\/B6JCwLLvEhNHT1wdmQ\\/DHICbDjIZCzE\\/daQI7su3SHD+Mxs2LS0BmDZv8TdPX8Gjd1+lkvjpv1ACf\\/7hJmaME0CITmgnMILAEBi2STMGCAgTjjI50yDVQslky8rbkqWLbe6CeVazSVNb5bigc6gh1UAMGQ0f\\/GPeIaPVf6wMm5LUwdjqHoZEAhb5nyfb8wsPGS1Mhoz+yAwZBdzxPQwZcSZMKDsCtLRrDwwZuWWld+6kQNNiVVSRQ0ZlJF6VLOkUNWTUvl1726bv1la5UmCMFDjU3ouTAb7hFwm1cJukgU4QhopoP28TwurB8Bp0QZ1m\\/z7X3njrHdtm+x1sR2nCq5QwGPfjIVJAfvnyok4s9XziySfs+ONPcA25OAAlYBFg8XIJCTs6OaqBkZLADgOE9igaYpnWFS4X0NoZOvhJlgB0wwGD3NiHdk+7U4+i6lsU+NkzCYDFRUuW2Jv\\/+pefKszJr2EoI7QH6cB0GDYrW7aCHXrACVauVH2rXrmlgnCvuFiXa1j0pdW2fOV8Hy467pQDbPOe7bzMsd8FCOFCmfGTIBENrlopf\\/0UlWWDJkD7p+tTNC0VBvIl7p8H+ctR3PJ5bcFvKnysZm4SKAKMvHDMB23utzOOGm0jxWOqSqn2AygbN3IL2odDYwIkqHd+uRG1HhD5YxqHsR0Yxv6XaGb+\\/HlWcsqUyTZl8iR3M6RVzJSkmqMCz5vzeyHHKYKYFBzcxdJNln1y+TwXOGByh\\/ttwyF3zCWweScMP3GWfnk\\/\\/ZClp5UqVnAGxEFXHH1cswbWRXWrVRNro7bVxdWp48up\\/CS\\/Qk5+9YKr36C+1ZO1UrdeXT+egPPRo+MoW9JihyQnm3KEdw0hn8P53IlBB1fVTeGK5SuIkZZRR1GjgunEIdkd1AjODHH8+Td5h68JIwsMLdGzclyAzJteaBdv2JRbXyiceh5QopTZwV8Sp3f+JH8K+VN6wNPMersLdQdyPhRyEUgrli6mGgCCZMkxNMSBhT5sBb6JoYCF8s4BCDg6djJzFlDustxcCC0S60YGYSm0n72jTpmt9aaBINA59ytgiyd+aH4vv\\/ySHxfNmTvs5mUsmRNKYSIFayg\\/WcA\\/n\\/NvygYH4+CQR\\/ZfMHTETXvco6uAodoeiPJheRB+lZWvWNYWL1toK\\/5gB7cYLjRJep7uSgmEhVatRmVr0qQxPokDwJrC6412Ds\\/AcBgODG0kxq96Rzzkg1iH\\/wwItVjTFRdokyAgI56y7YR\\/1rFJkkP+WBaPYGjcqLGfqszpqQiIF1960V544QU\\/fh\\/FB4h49NTXp1jFACwUbibkkqpSx\\/7tb1f6MdLSStktulwdFQ2TgsPgV6nDcZIonQhAEHATEufDMCbI6XwMASAsfMJ04QIPwyFnrKNfumyJCHOJ71vg8gkEB6d9+nKsVStdUyY9\\/Ok07C4lbwiKjhQ2CiWTw2g74ho+2Vq2jHc8yuqnoEpDDvMeesqPUwS5h5hzyhkvZQKWiTZO9CwvAcAYn2vYCsvwwSKVsUzFykK2sK1\\/Pgci7BcsX2mzpk63uRKSf3AwHJaBSui7APlT2EwjKW4kCSXgjejlUT4Av9ESOWHVCYUwcuRHtwqNDgPhGcLTwZhI5jv1970Dst6wBiCmiJf0M76HIoU8sFw4nmHZiqUuCLiuk3XNHGnNwX0uFxLI7aehVIDXVGmSbnBJbR0C8QcXJ3oDw9V7SkPhDoLJU6dZrz5b+RHoHA7onSdE8DKvUYgcwFJivJz7LwLe8gNfgkAI7wwX0elQcBo3YWNZCJWbBr8pU65\\/qGNhSIfhO0pRtJKhc\\/oD5vhvv03wE1wRBOyDCBZT4fTXFyhNUgWnC2i9apUqfkonB1OiHEE7LEXkCV7p69DDl19+a2NGT7RyZaqqv3CwXxCQgDAkq3eBde7WUu3UTd9gbtRVjrbUD8dFgg5i0YIc+jdr9hy3etzH40TBAD4JvX4QtduQWfHdxuI2AGltCIS8o5BIF2Xy5Kk+N8Queg+WDNfBmziVl30wTEZ\\/+823fg8Nx4RgOZCGl6aY9Qq0Gl2ErJ8rRArz7rvv+nHjXHlQErOkZq2afq64CwYRRTVpXrVr1rKa1Ws44cJ4KomxcgoiGg2bqAoYOpGLR1KTOIweph87A0QHA\\/ydzUMSHBwzi3bIUdMIE44LQIggLBAoMCwu5p83d56+z3Nhw1HBdF6Oxg4WypIw7KJ31zQ9z+WucUapG\\/JXlZMyhGGcgHRMWhck7hh2Ka\\/fsg7AVQoKMUhHYBoCQomT1ZyDb37ISV0\\/15gjKAKKTLPozIoNdJjilWJDIZs6bRHdsmUrxLwQ4uWCnJAfIWPoGC79Hn8DvIM\\/zs1Zl4VALJSO4PRL\\/6AVhGaEXMax0Uw6KSsbMrko5vXXXrMhg4f42nHu1ogrgCKk65YfvBbFcGy3YDNlSb+H5L333gtpqzqxTjzjirwGDesJD3+oPVDqgrIWyvKHLS9YxP\\/WoFEdhYFn4U8aCO+YW\\/BJUvZ8x40b7\\/0P8KzDx00GQbgUzxUPqMna3KYB8IrDioN3odB4+v4v5AOu2FzGzYmcAcUR8PDYjz7+yC\\/4XxutI3iCi+WOLgdS3ihGKPAohkzy00dKwhzjueAwRjRmJtsqS7uoXKmy30DENnUEA8KA5VIQdFwqVl1CA8ctXWjDuMqVFVfhqlap6mnQ+YjPeS789hUiAspO+LhDmALiAvsOZ3RweNgyCRnO2GcMM2hcK1xY+DcJATZsLMQ6UQfk+ssgdILFwuXvCKD4xC84CSgJE6wT8nRIEa9r\\/BEcyWlchv8BgqWFR35YM4Az443pLRsR9d8HWYxRV6wWaIZLWHzJrNreQ3hn8WCFIBB3foBWEQi0YVHg8T2NgCx+w6xQUsKqDvcuEvK1D36xXLENYziepI\\/j5j3ux+ZydS552Wvvva2myhvLAMR3npvEKa04ScuNdtxMh8Wd2fgEqKgoSED9+vXUBiVs4eLZNn\\/hDJ9kZsKZOYTlKxZa9ZoVrG3b5lKiQp2Dy5bdn7Sg40D4lLDg9jOGabN4WQeSU5DNo7BLQ77vf6bbVEBaTNwzXOQjGXKevnCUzSXQD\\/wIRb1Hjx62X7\\/9rG\\/fvi5EPv7oY1eYwWu2fLnlzF\\/26IcL8xLBj532HBfjy2CVtyzo0HB8DA3oYd3Fbx5QHSgzNOESmLBhbwIVjMMUpMOxE2jgdH7MWIIiBLAwEAzMKRCfoRFWmSA4MG9JA+FUXeYm\\/gzt0HHDihAJJIWj4JWSSVAfFlIYhJiXkzooTdIBGMrC+mDoy5cnqhwIACwKFzxqIOJkTdJNDwGHhbUVZekIDjjMD+EbXWzdQJ1DPtn0eA+raeSf+P2\\/BcrB+P1qMaBFfgBXmTJhJQ2gVkjaIrRHfhe\\/h6EYhiVQDtYFbiEqTsQTcaEtecll0y0OeDoJnmM8+kcE9gO88fob9uqrr3q4Qw451HbeaSdfaklDhDihPtS6eK44QN2S\\/Qmidax+Ji+nTJ6S6Q+BDLM45GrXqtUqSflZJOt6li1aPMuthVUFK2xFwULr0rWtrIi6ajP2aMRyh\\/JAV4VAPydMnGA\\/\\/PBDZqlsrGe2vuuC3HpHl4Z83zfG\\/fng+NYThZbhdxRdhscDLkVPHiqA89CkXHwHl23btLU999zThg4dYg8+8JAUjTd9BIUmoM2JQ5TMLmVc0k4RoEV36gPwZUZKOD9s5IiR1lB0EGmkEL9xrViOZ3T8VnOGd0GsRFGQLkiaZmInygX355+eMS7vYR4jMAmCUGAcmiXDPEhYOjXWCmH9m\\/wRGAgehBTpsFoqXvnJNxAIsRInTnr7zWDpsqoYrvXnL7LDGp+Io0f09\\/ihOv8+WEt588N6R9go4Hz5ZSuYV1rmx1PThhsK3NZGGyPwoZtcl4XsO+3OkQve\\/mWhr6Ihf1rCmGgqOsBPjFSHJE3uDH\\/66adsxswZtscee\\/j6cxZCkALzCjHOnw1eZv1j3Pmjjz5yi5hJdK+PyokixMF\\/9erVkdVeQRb4Alu5apEtWDTH5s+fa3Pnz5aFX9Y6d+nge5NYlcTqJEX0+KQTBTlAvfAbMmSoz21lcQR7KVznVLT\\/34DjQn8MVXIunPOchAED3i7xPXmLSgwOho\\/ie+xxx1mvXlvaj0N\\/tH++9LINHjzEhyX9FrgcxOalNAVhyArg\\/KT333\\/P5xDpExGCaEm5wslmv6Qhm3fxCTy3wBHQHLyj6F9EgK9O0DfGOqO5G34Hy4Qn\\/vhFfwoJsbLskt9xtQPIxEpxl8RnUg0pyWoPl5YQrjdaSA+XgUI\\/BPF3TnVCvMKB46+iksgNv1Yg6HoELw5EvBcfNrwArmDoyY7g5WLmfjsZhKgyxHbPapNZ5MJUsk4YSxxWKB2L+SVFSEJnIaZHxuGGv1B2FAcsRCxYIDCtNSGGj880QFM4hMBiCaSffvrJXnvtNXvrzTdtyy172UEHHWzdu3eXdlfBmW8Ayp0\\/r00NEZ9YJUN\\/HGqjR4\\/2Kx8ZToqXKvHOfcxVq1UWQ2D3+HIJBTGsxdNt1pwJ1q5dS2vSpJHCxvYI1JrGhvvrH\\/2H+8bBQ\\/MWLRw3WfzricaaOP+daeeYduJSr2mXie9h\\/5sglJf\\/GZFg0Y5fn5sosJEenKb9rTDEuU\\/+4FM1qtewHXfY0Q7\\/6+HWsFFD+\\/KLL+yVV16xUWpfBIzTKv\\/8mU0RvJEDFgr5MqQ+VEKlQH2Re6K9gAkETip1lrLlK1R+CCmQcWj4VIoJhI6UkyLBvKzBPz7xjO+elleAwgXm7xq7vvM7dik2rwFxWMT9k3gOeknn4+\\/ueBRmLu7vAeXWrEoh4HPSp9xy8iZL6o8mxcokyhkB4QNkGp+\\/1WIoOX\\/ZMhE2W7ZYHP+dSndTgOe13mlSj+jWLy51kMUq+MPnmWjbcMQFkK1zOt1IX7mODsYSS5ZBw4CyULgBFVRphvJSV5g4AoFQKBBpiPnTaTDpSTf6uX\\/ym+WA33z9tT3\\/\\/HP26KOP2nvvv++djAvXe\\/fu7fNpYaVRGE6ivEB8j783LSjdVN0pJ\\/dAoFl+8eUXLjijINMn\\/84KPIbdmFMJFswKK7AZtnDpJOvapZNVURsB0DqdkBV4xPW8knrwx9Ds5MlTbO68+data1eFBe9JXfUX8ecQHym\\/TFpFuAz8GWj7kyCU3d\\/4IUHAwpkFzoThGmEoPUFGCgrVV+DpiI58VaPeGfLZbLPGtssuu9iuu+3qC4FelVAYO2aMGD40K4VYPMeFfyJEyUdv\\/qSdf\\/75Z5s0aZIvdWVzaBroJVnQuzM7vea6NHgmyXvREBs8G5JCRUgTQyGISJJ3Op9sKoIkjg\\/L5AJ+a\\/in8vJvIUAmTb040YfXQs98AIPxpaHES2VGnWK9IsTf\\/L\\/md\\/3O\\/EUoHH+NqmxC8FwLZ\\/enQax7OIY8XDbOkE+2hjyDgkH7Rq0w+EcXwOmCcuu\\/JTLDWXAAkH6IXpjREz7+wZQZQuHpGwmTsVycL7NWh4VBosXh0Mx8pdzvv9vwESP82OG7777bBcGkSZOtVcuWttdee\\/pdBz16bO5lyAoB0uU9uFCHbD02OSjPOGFMGdAomZgcM3qM\\/TbhNx+y4DL52OicJ9S4cWMrV7aMWwirbbk+LdNzqSyEVtI6KW1Iz0udQyuxTcHj+F9\\/9SOxOX8pqbo7vnu8nLhFeP53gOoV6bMoF+sfm51FMJxvBICSqFzAS5KgGWxEegw0xLfAzGMAGD9Dnm3btrN9+\\/Wz3ffYw5548klfxDB\\/3jzRdBh1gRY8noB+x3zE77\\/PtaFDhlhL0W3DhrIAY6YJpFUr\\/+iF45lyf3a7+cSnFzybUUTGBoGSgdmtXxrZvKOg8UbJdG75k25SVte2eE\\/FixCtltgYHjEvbEQdNwUUVaw\\/ESBShCmrzRiyAyB4\\/0uY2bogSyurpZkvEpMLe1iKgrCAIHQOJpRnzZzl803EiRPZgC8\\/Vrtyxswvo0bZCAkAdnA+\\/PDDdsftt9tTTz3lRw5s1aePnX7GGXb66af7rWDt2rV3kz0sCwz12Cj63QRAfbl5rknTJr7r9a0337K5YgYRF+APGm3YsGEyr7JMdV8pobFE\\/qutVh00R9XDNdM12yXTD+QQluwJYakrw1BO17GJ1gGK\\/v8U8jHzdbpitG2YAwjSgCouWxL2XgF+F0kyZOmgAAoN1taAovKC6aO8cIRLt25dbYstNrfvvvvO7rjzTl9uzOR1WF4cGoKwCIMPP\\/jAT0\\/gdjXme6hPGgoLhGIChLBulBQNoUP7W\\/jffwfiyg9F+a8FiFJkIXPSU75O4Gn\\/nLhh2CEJ5w7jKv07xPVwKT93\\/mXDIMbNpqcfKlsglOCXhhiuOEDJ+Pt3AWWGIVE+xv\\/JGZeeoFwfYHEBF72TZtg4mVgOmTqpdhI+5Idg51mwssDmL5jvQQrUSVitMX36dF8m+umng+z5556zJ6VtIQiYFxg8eLAPIXWXpr3vvvvY0cccbXvsuadvIKrIfgKlk92IVjyB9mdCuj1btGzhcwe9e\\/W2qdOm+hJY3\\/ipIJSVejVs2MCqVKmkNlgpoVYgIf2Hte\\/QWrhi8jlMVq7m4LkUM4xMCqUIbXX48OG+NJzrQUmccBk6LLJp+RBpGG1ZjrbK49KQKccmcn8eJGnrUUp1YNkoTNm5hte3cL0IF3FLzKIckInJizxXyerbZZddfaczw4QsN376qaddQDCUCbBE\\/+uvv\\/Yzk7bYfHPfQqBCZNoyQvEEQuE4nhCQm1gGcuqaDwLBhGf8nR8Il3XFhzUr67GLmURoHH9J0onMpmjIX8b1Lfc6QGl5efRv\\/ZLdhGUoBpBbdAH05mXnPXQImKgLg7UWLd\\/H0CYIAoZz5sye48wppJ3FNwyPYR\\/CR2uEYZPJkyfboEGDfEIO5s\\/wzwvPP2+DPhnkeyR69epl2223ne26yy521FFHekfjtEomjFu2aGlsxkSYxHHd6P4TINad52aNN\\/Mdr+zmRiP8+OOPbcb0GclwBcy8wG\\/data8ieqy0lauWmZly5W03n22UAKJlSPBoVbLuAh8o\\/0WzJ\\/vwrSJ8moqZrTGMG5O86Xx5emn0gyB87n\\/QvCiZ3kGw5ShvvKOngL3w1tehUZk8rk8QHzonLkETso95JBDrN9+\\/fwU1ZdeftlXvbFLnpvtvv3mG5\\/jatK0qZcrPfoB8L7eFgKV4S9AujFTUIR3YSiihpsIqHCu5ul450NO1kWWRPGJE+KFThTBv4CLxP1ZUCjtpOhpraloqyoXAi4IHbWUPxNCbuHp76J0Jzcvr5i5tJqgVceQRUH2exiKCXF4Rstg9pw53ilg0mFOIGjqHLvCYXYcXjh9+jRpyF\\/Y4\\/94VBrUZ\\/b222\\/7sBB7Wjp06ODjsEcceaQdf\\/xxvm9gc2lRXbt187X6bNQEz7EDYa7HcnlZXNNcVz3+vUC5WKI9e85sx9OOO+7o8yGfDPrEl\\/2CLzah1ahRVQyioWiKW7mWyapoattutzUpZJ1z+bQLgLWFxjl50iRr1bKVn2aAsFkrTRZOIuAvadfsx1z33wv0X19Zx0IG1TX60RPD76R+8XVtbi0Q8Kg2l2BgN\\/wJJ5zoSgwKwSOPPGoDBw70c966dumSGSrK5V28b1Ku4AkmLlQ5uAiF6qYPGQM7Vai1gUtQntHl\\/k77kWTynskLP\\/cgS34E8G\\/ChPTVbBru1GgeDmaWvCfREAjpsGkItdfTtdZMLXMgJ1IhWNu3AIVRluRXZDwvqQJkKs9\\/a3HrC0n6iQNXpBMEQBCk6Jl8pg9ElHhORMlAzDtqo9HlB3CLBcBEmqSLlStT2rV3CH7pksX226\\/j7VNZAs8996w98MD96hSv2ujRv3g8hn44ivjoo4+xAw880I+dbtyokeKXc4bJoWIcA4GZHyF2On9HCPAvGXbgmc\\/lLX4Sb5M6yqakw1LFLGBBMVzAJCJWz7Sp0+znkT\\/7vIufaKwm2qxJQ9WbpdglhIc+1qBhA6WnMiZ1LQoqVKxgoyVUGf5rvFljt9IiZGRIERDLHQIFFwVDrvPEIu3+J8B6lKdg1UpZBwu9XUD2qgJ6AoxX\\/3Mne4aBRNpfOwRMJZCnCN5m+seeqx122MFOP\\/0M32vA\\/FEfWQfsTYlZ5QoEYA2BEIkgN2AafGzPE6Ozh3ePpyj+TWGocHSujZKevpG6T+Tpyf8hDT4pnL67JrY2QlQYkYmnEV0GnyREfL1Gh783Bq+xvPx5HZL10h5S8dTIOCD8H9MhzVS6SjP9zAWKkYZcXAacpcqTcclEdZ747vQXfxOIslP\\/8DP45QX3jqXnJ+nR9HzIdfpf6eRzRYPwlurAAafgU3FYBiemjXAsXaas+DZlKOG7zhXQw+dCxDRPTysyvbSTP1C9ejWbNHGSWxuUcf68uTZi+DAb9MnH9uhjj9qHH30gDbnAN\\/QcetihfkZM7969bEs5TsxFeBSI6S9bujTkJRfaoHB9i4eHNUEpZtLNOP1tckiS9L6QAvCClqiSO4NgmSlj\\/pwBBrBXgnNsatepaR06tretJBDQMtNAmdMQ8cBGPOZYmjRp6icUE8rbgTByXtdUm+UH\\/Ivr\\/nsg0hDnt3EHcqgC\\/5WQ4lJOllRp98ssQff+WHwoRE+ebswiedcTa5kz6rbZpq9bwKwAw1qMqEzHjbB+pVgHOKFACnoWC3IKUxzIrcB6Q1I0L6dgI1NbK0QsxA7k7\\/wlv9N1id9zIZYzDfn81g3kFbWt4FNUnhsD6TTJkUnMGTNn2mQxpekzZvgT7RRN3gkyBM0B0kjKm8vhBBF\\/QIUKFW3YsGH2zdff2Pvvv29PPvGEPSH39Vdf+1rtI488yg4\\/\\/HDbbffdrEXz5n7cOUv22KkL+r0NUu2QFlAbTWuCWNZCboPab\\/2B8rPOfOqUqT5fwHEwWAns7sYvCNw\\/XDiwBHibvttYvbr1nGkQl7LmgvvrD2YD3ucvWGCdO3Wy8hXKuzCILRoxR\\/hclwZ+5vP\\/bwfqAx45W803TyYATln+GXGrmvtzU4OvgpTzuxZGj7Ytt9wy4DkRzBlazGnjTSoQHMjEH\\/qffzkZ\\/r+GULbwDmRf\\/5yGCZp4gIiTLKTzLPRhnbBeTCWpMMS3RnusX7bFACUowsMiYNKVyawnnnjSL7N5+pmnfa00Gjnj2R66UHkiPmA6a4dI2Jx7NWv2LN8bwCTxosWL\\/XjpY449xnbdZWdpve383g2sBBght3YtXrzE5x7yMqGU138a7a4LYn2wiINVvNqtoClTp\\/ikJvMGHTt2tJ5b9swwKZbYcsxyo4aNbEtZUcw7kE7RdZe\\/2nb6zFn2lYRw+w4drVVrjiCHzjeEsa9v+P8eWLpkabj7QFZCxCdDeBy9n8XvxtEY+M6MlODkF9Je7XMX36ht2S\\/DEJICrLN9ZNlEScHwRWBesbCZbz68knVrA\\/+ahFHoQuExi5Ba6fSiaZVxOXnhCgH1WU8a8rol6UZ8ZBCTpA9CNxZimjzIk19rlB\\/I4xUhDmXhwE1o4uKD40xpBLyGdDLZ5STlbbG2whQDcuvH76hjcyY\\/V0RyZtSAAfvboYce5hfAc9k4QsG322fy55l9DyKhcNq5gFBgMxRr6dvJHD711FPtrLPOsn779vNJTjoERwUUrOTYhgIfy2VX7bLlK1TOdN5\\/HsThkkJuE9DaWkHVioYVq6KYC2FYDUCL79C+gzVt1lS4WWbjfx3vS1L7D+hvtWrWcoZVVPnw5wu7YH+bMFHxl9s2224ngVs9fFPdPFwM+2fX8z8UYr1RThAIbjklfisLVvg+hCxuYOZRgK8bIl6J7UIgeK9BybQFlsHQoUN9yCh3V35RsOktBIEXjv9yS1kciDUsArKI3DiI6YQi8p6bbj6\\/9QcYM5BmnOE9uMi01xuS5LKpBsj9HSESkYNeKAMTsjDlja9lFqgaecHw2RHJ4YOHHXaYbb\\/DDtZn662tdZt2VrdePSvt9+lC3IoE90o5hEFw+fGSLm+NmjX9InPGSrmrl4MMAZbdYbKvXLHK18qzqmnZ8uVeX27zQ0BsKlr6TwVYADcKcrMcS22dBuTYJc7xGlhWX335lbWRht+5U2cfNoo4yYubhIYXitGNGjPaOnTuZK1atXJry7+FzxmAxvK5\\/3WgjghL9h6wGc0VL\\/mBU+aqwlJocJa4dfTA2G7pNsltH35FPwQQq79++P57twhZdZQbPh8QZpMLBG\\/wpOHdSVtdG8AD4tMrlTz\\/XMghzGTVgHz5kThQkwoTIanXhkAGJ6n3NGxIuhF\\/EdK4i\\/jMVw2Atfnc07xxkM2R8sOEEYJjx471G8IYvmnTtp1PKK9YyTkuYlL1G\\/glS06jyt8PXMtALDDlkksm+TPgQbN+nGzbQUS\\/YOEC18YYEmJIIxxayJlE0s7U5xAKaGdoVS4E9YzufwnSddKbHyLYqFEjFwgM4YE\\/nyOQBsmpmVxc1at3LxcGPiGstsvGTwtnnPz0nSEo8A2jAZekF7XVQvkn72tzHul\\/BNL1Cpd7cUS1rHXRo9dVlWXoTp5JtZPKO41vHCJC+uGJEOIYclbLsas+HPVedPp8i9+LzQ2oWGRY8d1dMhTj\\/vrTj2S4Ar\\/C4fOBo0Kfcp+eVGboQ7\\/xStLxPJN8cTG\\/dQkfIF35AHpfzSQaGqN+inkE680LoHSDdPerPP0vC7zHMrjT77UhfkOgqBo5rlSmpMjhd3T8FhEKMRRQv3BZEAYy5eW\\/wl+JEuqTC4X9k5xzGDb1Z3ckm5U4J4fzfRA8Hk3\\/Va5a3XbeZVe\\/NCZMQfIhF2f4QZrpb+l8QxviYEZYBxyFMWPGDFvpzEklk6OsMCwYnR9tIT9fg614cVVHvnr+V0NAjzN8nhxL0bJ1K19Kylp4mBPAxPqQoUN8wxrtxE5j8ASAE9ol4hHn+PeOaY7nunXqyiJrJlz6pSqZ1on5A5Fe0u4\\/DSIdrcsVhvxh0vXjOA9udxSFyj98B7\\/QKzRYFCpy08StC8B\\/pl3V18aNH2+jRo3yIy1q1KzhbZMP9\\/nSD6msB6xPoxK0OOHXVWXILZNObnLFL85agBKEUqwb\\/flhXcVI42GDhojWBknSmbKvqzAbWslCkD8RCJOJSs4L2nyLzf0eCgr0h5gJDkbD3b0I22AZpB14iYV3MZcwpDjOSp4hbFYhML+XmRU0k6ZMlna0QrH4IwXiyTJYtdJWSjtm\\/gDws\\/31LeaUffnfAjo7gq9Rw4bWvl17FxIFBWGojN3d3MrVtUtXP9eJc2+4MyHgNCIk4BqX5hvTpk611q1a+Z3lINrbRS7GCtgvHhQnZGRcf4bb5KAkwcOSxYuc9sAlS61BKfmx2ovuv6nLQJ70Pa4m5ogShHzTps0y7b024HvoY3mGjNKMa12wPmH\\/bNgovK5PNTaizoU72yaEpO6ZlDcNja0bYl1SVWLIhvXplatUtpYtWvjKFv+MANAbRQtPcBEFQK4LoTykhEb6S+qTA7tlyYOJZTZdMXYryg5DRQRTGXkyXMJJnz68kVgLG9OW\\/w3gVZRjhQkH3GEVgE1w9s033\\/idDcwxgBtwGHZgrwkIFadbOQzCWjVqWvNmzd1qzoD846RyfE8zvejWhPzh0u4\\/CyhT8poDYMMxogCLFi6Q4gGtSZHxoTrRJE\\/\\/TAJrJrIxdUUYYIF8\\/vkXPizFJjSubKWPBUUqCxnc8p64CHkFQnEKFpmbd1enldQzoCUDmbAplw9Iy7+HhBLfwuDfciBfeuvKC\\/BvRX8uEtaWZlGwIXECJPWgoEkamd\\/JexriEFfWkcKakBtvQyAm4aVJfqChjB49xs9VYTLTz\\/uRP+RHCNZlT5s2LUOQxM0H+LpToEIu\\/U0OYof5cGEI5xRxyiMFC4fdkToXI5VRGOYRCrLDG3rGjuHgnmuHQuH\\/C8DxI0eJmSOAadBObFT78qsvrUuXLs7snZErcKwbz4DvxJIiIb7zS0\\/iVZWQIXikMwJtCpr6T4XY9o4ikIArZNGGMCBu2fKlvlor+rk\\/\\/\\/QMR4Yk6UTwNNMexQdy9\\/QFzNv98ssvvtcEBcDnjBLwfpK4aA3E32lYQyDQYYoDWUII7\\/5MIScN7hs\\/haBFA9\\/XVYY1cLdm+GxZ1pFWHiicfFHx0\\/5rz4OvabdWKIouFNHjJ7hx\\/BeVWsrbw8Q4\\/v+aELPke1Fh1gaxf+AmT51qKwpWWLv27cMRvwltkMny5cts8uSJ9tHHH\\/oxy6W4vN1zT7vil4FwER9sqIK4uagFcEJPkkRIcnXgqpUy4fUXJ1BDbv\\/7AC6wjmACi4X3wUOHuHBgg1SGIaSQAU4Ziy5bpqyEBXME8lO4uGmvXv364bY7gbdBoZfCkDTB\\/xRQH2RoYKzhGT+Ao4UL5wf6SvzjExoM9EpA\\/cOKwoFbD7EBoPSIy74SJpI58pyTeBE8XJZDO0cg3LryWUMgrC84w4k56TUPTRQfMpFzi124KgRzhigXJ5SDfzr33DTSUDi9LAQtNp1K0LHyQTp+0qCFI2YgpulubcUSuOIhiPWLdVsb+JWjxQgbs84WIYTPxOLDOsqXD2I0Osa0adOtfoOG1rjJZj6GT+J8g2xxSxYvtPHjxvk9BqtWrVTHCRe4BzxHx+\\/8EDuQv8tRdjohE8swOG6Dmj1rVgYXvtBA4ZcsWpxJlrucGToqTC\\/\\/G+DMJXGZ33qWcOErLXLcWN8tvtvuu+t3gpA8gHaJ46rRTBr6D0e7xjwiM+SZLzUwvFYsR4L\\/r4ZsHdiFv4Dj1QURRwB0uGLFche0cfIeiGFiuPUF6Ji4P\\/7ElZgr\\/aRejiMhueLwDiBdBvHTcI5GJmqKsUQmgyNENJAgCt7jb3L3Uw71y8PjV2wAEZSeZ2QGKRep0H+H\\/NJlSLxzIAmfiZdyefzoKukR7uiHyVxSdXN\\/vftT8f\\/w9cNCYCH3R+goye+YznpBgjjvI9GlIJNqjn8meJIdz3T0EMdrJJdpRXfeqkowjNWnY60dKAPaEWl6Bg6rbZ40lY4dOjpxQReA402uYoVyVr1aFVu+bInCzXU\\/Vnj509\\/RqnD66aDUmTzGJXSYWzyCuqamNyZPFyp\\/jmKAHhVBX4nDTW1ibERQWuAiHAEdPmcg9\\/f\\/CHhbCLhudMiQIdaoUUNrJU3S8ab64jIoTyC0A8xGtK5wCGI2+rnGyW\\/CJLjinde0H5B6XQuQeTHdfwhQEidFdbTggj97CtgNP3fuPOECikxwqCdCgJVc8LjYHrng7VEMF5k3QNakPXzYcN+MybwBd2Dk5hHj5HNpUPuKJaQ0TO90gvgEeHMnPxcMhOMv+Q0DYpUCa9qzsYoJzsWiA9K\\/0\\/6UQchPvGIZooWQLm+AGDclZArllXWRYWEWex6KE9+B4AfoN2noh1AZfvMmv4BYfGMYfhcfQuysU4WCSwM\\/Pe\\/C4PX3vywUyj4TJwnh6Sbv+rC+wiBAwErEEg4TFYJt1aa15+H92MMGnMLwS5cq6buH58yepc6zyApWLvdvMZX4HlHo9QC30YkxZfwEXmL9x\\/wAKytYg71I1gDHA4T0gGz7RFqB0UUaknfGZfAWIhaCfHSW7lgb6\\/4sYPiAQ9a+\\/fZbmzVrtnXp3MWqVK7sVc5Aqlrp8lBd6oylULZ0GeHM1bAMHkIb649nrIsH4KMeiQN4pF0WCFwclx8Kp5WFTHk2sUsz5eBg8n+4hs7eg0WsMGJRA\\/5J6WDaDJPyW1GSeFnnnsUEQkb8UxbS5dDC1m3aZPbYAIXSLyageyWvGwiKToYbmcqGgWeayjlvIfJ54leUf75n8WH9YxQN65UWgXOY1Z8LgXJCjs7CRYxlrHzFilaJc1OiZi\\/Hu5OxNCiKiECYOGmCLVg43zeLAYFwsxppSDvJg6j+O+Xww5EgTu8cY0HHG+dDUtwUpXRQaCVkVhSE8+jDkcN80jtR02nK\\/bdB7PDR5QJCD\\/8pU6fa19987ZflNG\\/RQngJjB1YW72Jy5LfAlkH+iH8rsrg3pVBwiSOH\\/4ePXMA77T7syGWa1O7NUDIgG6XLlnmiyriLvjYHmCJuRiGd8KxFcFKKOQ8ZPGANo1PhD17DnqxqqhmzfVOKxdKbkzkDYdQoVxta4MglYQzEKWZKDEbBzHdtRWRvNypayTv\\/wvgdeEZfjoUVTfXlpJ33pg7qFSZvQfED3EC4w6\\/2SiF1fbr+HE2Y\\/o07yTEdIuMcIRP\\/ufMnDUgRbAZ4k\\/82ItQq2YN+3nkCFkgMz0Vri9crQ7KeT4EXMXacPw8kv73zkk+iUanNB14KAFnbkW4kELRbmPA8Z2D8w2hL+qKBvnjjz8qfknr0aO738ML+LBaDmTqL1CLBCc\\/BG25JF66HISGBiId8A2mQoi0UwBPJ9cB\\/J92RUFuuOgcHF95\\/P9NwCgLQ5UMGZG5K0IC8Bb30LAfoUyZsu6\\/MUBapC4M2sSJE\\/32P64vDZdDFcbt+kLJjYm8XpBk4UNLYgpItk2BnE0BAb2BoDIQUbI21IC75DUCHWJDOu76Avl67oWyCr55\\/dYDaBs6WHqyOl5B6XUron6sdGA5YvrWrMjkITE6Bky7tNq\\/ZKkSvl566tRwVn\\/mFidx4ECTf0jLX0jMTHZ0rnCpS5gT8IlS+eHoJDCslq1auqD5SQxwJYfYKd8YBsAKoQ5+8Y3iOMtL0uddAZ15eYH1j\\/iOvjyOaGtzQJ5oRTuvd6Ap\\/ufd8Q9z0dMZQcJo4vc10pBLA4O6ixYu8lvNOMagXr16PqxGKsQH+B\\/cshw1noIKZkADTmzCJ0MLVqxM2palvPJTG+DcCvG2I2JIE4h4yDh9KuTkFyEdrijI4Cfl9J8zQr+4XjTk8eWXXl3z5wJlCGVbuGCBLzeN9BTByxleHI95gSAx3DrA667nvLnz7PPPPrO6deup\\/ZiryB8\\/k38x4N+CtchE2PLO6Zdvv\\/W2ffDBBzZixIgkxKaD0GHykJVwkg8xeLFjlg4Qv0KsaDnRFYHn9Yb0CpmNBU9FrecT2K6SKW13Yn76+6MkTzE3vq8nEH\\/MuHH2wUcf2aDPPtXzQxs9ZozSFo6EWr6HcOSv\\/\\/BTvTjMq2aNmplxzLRzLUlMhyWfPqa9bLkfpTB33jw\\/94VVEm\\/+6017\\/fU37O2337Jx48Y68\\/d9DIrL5B27kJnzYnJ09JhRNmnypEBblEN58F6\\/fn23OljJxFjuCjE\\/llwWrAyWCEsfECZ+5hFMzP8SUBps2goCROWGG+K8ojyDS6rs\\/qA3ugwHTVwuDtblXIvEKX+0+QIJLco\\/YvgIe\\/XVV+3NN9+08eN\\/TfZYkMWaaaSB31D13N9\\/dwHYumUrK1OqtCymEC6Gpi7s4eBSdq4azQLaflgsUlY48xUtstrefuste33ga\\/baqwNt5LARvgGrjNrULxtSeWNZfMI6SSkvUADKmA9vyecI1DXdJ6Oj7OQ7fNgwmzlthgsn\\/1M6f5ajzLGOabdEOKTNeAfiE6BMtGs89j0fEDqdXlHOaV5PrD7uo9h666388EZoJhcIH5\\/FcUqBTh5cUeAFpQzxGV36W9ov\\/S35jTZ4zz33+LWF55xzjl1xxRV24UUXhsoRRoXRf\\/6+NqDOod5J6opDCjgnBnmFFPVM3gtpq4lfrG4oN90GD\\/4PLvuehE\\/COvA5+3BAEMW6ZCFJhzJ63RKXKnNepyA8AdKMjkKTgncyAgl8t2gq3+Ab\\/s\\/6rhtCHsEimDV7jl199VV24YUX2HnnnW+XXHKpXXnllTZ5Sjgx08uSA\\/gxbg9DLi0rkCJ4KIV3xpoqE6uBOPURjWrZkqX20ccf2aWXXWrnX3S+nXnWmXbcCSfbLbfd5nHpROSJVsv9x2PHjLbzzzvX+vfrZ4cedJAtXrRQ7Uu6AafsWG7atKlNk\\/KBQFi6fJktVl4IHxqQcmKhsAQQJpMU0oUAebm2S5klhFww6D0JknUJuP9agO8b6tDGYXS\\/jR+v+l5g56rPnHrKqXbxhRc53lwjzxMPnHlf8tfwZEK5gdqlQoXyCsNf0if4Tv30PlXWwdx5c11gA56eRw9pFIjRcZMaVzGeeOLJdvoZp9spKs\\/RRx\\/thxii+UbLElUkxApl4J08ArNO0o4uBkxB+nsEunzGjzLrgZBjIctHH35kBx1woB3+179KqfiXOoh6iMKQX8wzvgP56De0eShM+j1CPr8A2bT82JR0mHRwBUMp4qTdfJA\\/7TUh1mHqtGk2ZOhQP2CQ4aJozaehuGmmoWRkhtEVBTFpntF58IQhZfz1M\\/NMHGEYWxszfpwdfMjB9vU339gzzzxjVatW1cdsJdcNmVwKObQWzEZM49GjRtucWbPtD0lMOpSwEopJyOTdGS5O5SIFGCxP9+MtBki+xJ\\/44IqC2ADx6XkRA+aClkta7rJZZBwRUu\\/h6b4JHpOy+jtBlU6CN38EruhAuHzPYoHSwJJj+ehtt99u3w\\/+wa67\\/jqbOWuWzZo50\\/PM16EAxjMjvnn6SotEo4qFgGnQidEq48anX3\\/71WbMmmH33nevfffD93bB+WfazOlTjdvWaFdOKq1Wo4ZrV\\/ff94CEwjgxx9Nsh+22t09kxYBbqs9kXsUKFfzSfO5imDlrpqdRSloxaRQkcxJVKlcKK0FUKBcKgpJCONXyzXJ\\/BCsBoC1zOxZWxG+\\/\\/mbDRwy33yb85ssJWeW0Bihapn3X0zkj05MzoebN+91vhLvu2mtsluo0T0w5N3x0aPM4NG2eCLn5C+YLd2Wshqy3WB\\/ahe8InkULFtqY0WMcbxwhTl1Wyn\\/lSglRcKTfWAe05xxZG6efdooN\\/mGw3X33nTZzxkybNGmi4y5aLkDMA4iWjP7zetEX\\/Ukd9Y4rBKn6+DelQx8f9fMvspaG2xy17R9o4soPAXX3nXfZueee60el3HbzrW4tMKRF\\/l7PBJcA77ntCaTpeg0aV\\/g1\\/BKA9sDxnDlz3OqMaXt4iDIBFBrwFwXuhgCrmAAs6s8\\/\\/8xPse2oNlNOmfLlK+P6gOva64J1ZZKueD4IBdWLEMcGouatW1qLVq384LOYdr5GAvgOI3AnLSSkVTg\\/kMyBTv377yez91s\\/d\\/+9997zOIwlor14fDGjkE44xAvGVKFsOStbqpwQUdqY7iwlmi61yqyMXGlx31LivmuvXQIqvneCFEFEiDXLfM9f1QDpzHhXOk7QpJf65gICm9kLrd96Z3+EDxkxXJQ8fc9EMQDrIOSjjpTkW1NaZZPWba2pNBCGo1bAKNiwpArkbobjOXLkSF\\/+5kM06rBocDB0ZwjqDHQIGAtLQstXqKS2YR6pjMJJc1IbtG3bTp26jZ+vs3TZElu+bKkS\\/kMMeLnNmzPLJvw2XsJqqnXp0sH27beP7bXXXj55XFpFKBBTLrFagqNKJdtz992sY7t2NvHXiTb0+6E26bdJfgRwZdGb754WIikjbeFWgcoBw4Q2uBQdeqbsCK1VYv7l0H6pq5gLrt8++9rZZ55lC+fOtysvu8IuueAiq1i2fN7hjAikydwZ9Yfh4qL1EyFNMxmQV7ly5a1tm7a+G5syomkSPx5NQNqZtiCJJBnSZygoXnrj8y8K43kmYRbI2njwoQft8X88bvfee6+0\\/xPtwQcf9O\\/MFWDtsdy0YPkKW7FsmQ8dcbtamzbtrE7tup4ew1DM1xCmnPoibY6QZJKVIrkyJryxSKAMuJbz64myVS8SbwB0+dyzz9qM6dNt2I8\\/yTrcz4b9NMzKlS5rSxctklBbYfvtu5\\/tvMOOrgguULus1jOm5zMLyn8lw5SqA8LEh7igYX3n2yoxbMLiR1sjLF0gkYZ+eziVn\\/grZHEhjKgb9f\\/99zm+so0Lh+jcUQCm25b+gJVK\\/ygKYpy0i\\/5AGbUDGy\\/vu+9+vzh\\/3332scpVqjgteNtvAih6QCsF6cx443dwQZ5kfwfmlQv4RNRk1jHLgSTuvWWooXatWtajRw875NBDXfKBhBtuuMG1VdLloodjjjnGz7+nU1111VUuINA4b7rhZntXAqBJs2a2V7997cqrrvB7dd99911finjs8cf7RhxlaN9\\/\\/739S2YlEpsdqx06dbS+2\\/QV4ze77+57\\/Kwd0q9RvZoN2G8\\/q16thncabh6aJc2kfMXy1rp1G6\\/D9JkzbLY0g5kqI3WhbLXr1rV6YmgwPcqGsOLmIg5847x+gIthuOuW83caNmjoHRfGyMaf0ok2O2XKZF9PDzFzrSFlmKH8wEuVylWsY\\/t2tvnm3Twuy84mSGOlTmhGjRs2tu23384JlEvQp0yZZgvVcWiDmnXr2GZNGtv48eNlTY2y21WnJapzWeXbRES2+ZZbWNcturu2FzssnZwhv0ceecSuvfY6H\\/LZosfmtuOOO1gLCXc0F8oFsZ9wwgneObgYB+bFXa5777uPde\\/SSYwr4KNJkyb2yaef2vvvf2C\\/C39duvfIMEjA9zMgQMT4SIP25zrCJps1kTDobI8\\/\\/g+PSwd74aUX7O133rFPBw3y8LQBZ+1Mmz7NHnjoIT\\/YDcVjr732sNZtWvutYFAfQ0aUmbRXi7GWLlfWpkyebqPHjLY7br9TGh83Xa32vQ3bbLON7bnnnq49g9Ox48bbPX+\\/y7aRhfLSyy\\/7QXHnn3++3yvM8JoP4yW4i3lQfhgu4\\/Sz58z2zs0yQc6d2W233axFyxY+DpwP0EIpM4rMgvkL7OqrrvZbzigLzPmuu+\\/yE1+hW\\/CLdv\\/TTz\\/ZHXfe4Re8Y9F0FJ1zpEH3Ht29LZcvWW7XXnOtX5Izfdp0PyaZOT00XYbw6JfQ5sBXXrGPPvgwc8EO+ewhQQyox8tPT9WP9kLgQesXX3Sx07pYmvVQ2+64ww62q9KDX3zw4Yc+f0jZq9eo7ldwjho9yr784ktvq5MkkLbZblvvAwgwFLopk6f4fNYzTz9rI4f95JOpd95xp\\/ftVq1buWWwveKwIax3716+sOCtt962T0VjKqJtLlr9+JOPvQ+uUoFbtmzpbdq379Z2p6yLH38cqr5TYA0bNnB63Xfffa2F0iyQogL9zZs3T+m96Uom\\/Qa+07pdW7vk0ku8zyxR20KLPsyYtBc4cQxBX8qTtkFQrO9CGuLiAObbPv\\/iC+8\\/W27ZK5N25MMx3MZAqTNOPf3KcuXKeeLxujeGcqJpQ0WYLES7IhwA82MIiJntKlUqB61A8SA0ClWxYqWMFh7DAhACR7L2VeMxrPP6669bu7Zt1ICtbIUQ+vGnn9lbYtZc+8dqiFNPO81XD0CMMHcERY\\/NN\\/cVJDAnVkSMHDHSO+XIn0faYYcc5sT0+aBPfYKHIYO33nzTd+9tLasBOOXUU+3Lr752hsCZ5a+\\/9ZZ\\/b9Cggd10083OBBarHt9\\/+60tUL0h6IGvvKqG+NTq1qlnEyZOtLFjxniZfhe+KGe37t2sS9euXlY6IGu+IW6ICdwh1du3b++XxXTt2s1vmQIvmNvgGYbvDDjRuinbd99970cx\\/D57jufVvEVzEXBfP7+ejjds5DDbTMwKJsxkLBOH5IlwBT90wAkTJthLL77kgs\\/xOGWKC5WqigNjQvNrIybZrm1bayzCRtP55NNBtmDRAj+Abuddd\\/XLbUYJty+8\\/E8Jsaq24047qfOsULjPXLi2aNnccYBAu+bqq6VilJWw6O4dark0xi+\\/+dY+FEM59OCDvIPDqG666RZ1zqnWXp2K6\\/0mTJgkgbfQDjzwAKtfr6H9OPQHhftRHbOf0xYasFsYorfnX3jBhWOTZk19iWk5CZ5\\/\\/OMfjmMmqr\\/99jt77bV\\/Kcx82233PRwn06VZUl\\/uX65Tq7bCLbWa1WtKw63jzBvcfKGOdvEll9izzz5j7dqLeXbuorLUd5r+8MMP7O233\\/ZzYngyNHXWWWe71fEbw10zpjsjHaq67bFHyNMhkQsMK11y8SV+1gwWMrTSVJ2aYat333nPPhKzY6UIOEsD9ebqS76feOJJwssQ++STT5xmuikNBCTtzfAru8PpHwwxXXbppXbf\\/fdbsyZNJQg6uZIxQv2ESWk03xay+N547TUXqvPnzbfh+vb7nN\\/9\\/Kmdd9pZ31s4zbEA5IknnvK5A5gq+GDYsI3opVefPjb6l1\\/s9Tdet\\/5SnKDFV15+xS688EJn0Aw\\/1ZDSw53ar6j\\/DBMj77F5D7eo0O5hoF98\\/qUUuXd8qLFrt272ixQU7tHYt18\\/K6s8meuhvmeccYYPE51xxpmuQIwYMdxvxEOQvaZ6QNcdVP\\/qUuJoL\\/B\\/7XUSdrNmOV29JKFWXgKfvgMznThpkr32+huuGHJBUM8terpgwZp697337RMJRPBWT8rd99\\/\\/YBdddJH96823XBvnuPDNmmzmeb\\/xxhvON6qJX8KLOCtL5ob6cBCSQGTS1BfBQjlrJkrJGpDHC0Ao0ubgYuHCBbbzzjsnNObix\\/OK+aUh5J0NUxwotoXgTgWLY6tFAxknma9esxCxXGXU2AcdeJCdfNrJPsYLk\\/nhh8F21eWX2fXXX29XXXGFbSsp\\/vRzz9m4sWPtr3\\/5izNbhkpo9Ntvv9220vfX1NhnnXm23S8zF2ZVXhIYIi1RtozNEfFuLcJl3JMioaFCNHvssbvdcNNNjtT99utnI0f+bJWkdV8kYj7uuOO9fNdfe629\\/Mo\\/7eeRI+2X0b\\/Y7rvsbpdeeYUdc\\/TRrlG0lXZ\\/6RWX+dWQVSpV9qEIztv\\/Vozn5htvcq2HjvXTsGH23HPP+sYRTGUOBQOPaDMff\\/CR3XLLLSKQGq490HBoFytlArN2\\/ORTTrKZU6eLGMrZkUcfKeKr72VDI\\/nw\\/fftGpVnFzFtLINTTjnZTjjlFJsxabLttOOObp0sXLTQtbAbb7nZtt52G7tWmuWDDz+sOv1st958s20jK6Jendph5YQQRPlHDB9mu++xm997HKy9cIb+xRecb3894kirJ+tgpYj7xyGD7YrLLpM1do3dLU1UBbdKFSv7apjqUhJoaMbsh6nzPvzgAxLo7\\/nNZuCmfLkK9tQTj1qfrfuq45f384+ef+E5n1MgRzoAwpS8WWVTvlQ5v2FtuUx1NO39+u9nl15+lS1eMNeukKW4QJ3xVNWdyc5HHnnIlYFDDv2LzOqmws1yMYyp0ihvt3fees9q16xtDerX88tLGA4iHxSAN8QgWHZ577332e67703WTqtLJWSwsq6+6kqfRMVvkDTPumIWCPFzzz3PzjzzDJW5lDNm2iINpP\\/xRx\\/bkCFDfVizvvIG1\\/QnrKKh8r\\/1tlvt3nvuETPeyf2D1qeMKAOhE9qAwUKj+0hQ1qlT12mFIQwY8i033yJt93b7+utvVJfX7Zyzz7ELxchQ4tB+J06cYI8\\/9qg9\\/uhjVleCkDozDAMjo17Hn3CcGPF+LrCGDh0sC2FXayvGf+utt9quO+1o1SRIlZCY2nwJqA+pmpcNHDBE9NrA1+xW0fKee+0pmr7VlRbV0pWqd995226++VYJi4vEGJf5hPSxsgTuuu029ZPRdvqZZ7pAOPqoI8X45zjdhX0jZg\\/JyuOS+kdEt6VLl7TuUgjffuddKyH6nqI6bb3V1p7H29Lev\\/3yCx\\/ymigBDJ+6TnxkO\\/VP8LGvrFRomjk4GP\\/7Cv+Q6PKZZ59zhk7D0u++\\/+F7u\\/D8C+w+0cF1EiqXSEloJGFH\\/tvKmnNrUooU1vxf\\/nqYlKBrhL+T3HJaacHqpC\\/kDsajMJeSQoTitD7gfFeOIUyE63ZSeKE9cI7CECEKHieaDMT3bLh8kBUcOcXOJlo0xPGxWFD+1sxQv1eTdHymIBmHaCCGeuDBB4qQb7ZHHnrQZ8233LKnPfDwI87Mnnv+eWcMJYRATDQsFd+opDz57vMCiWXDOe9oIOPGjpbNU8JuufUWu\\/H669yUXigNgLP5yZUhBTQ\\/TMcF6hClpZlv2auXjdfvzz\\/\\/XBp8HxGyGq1saZm52\\/tBbF999YXNmfe77bXPXr67ds7vs\\/2Cci5d4fL4b7\\/7xgnnjttvcw17m+23sTNOP93HIkdIGBRIk9lWaQ0Z\\/INddtkldv6559p9f\\/+7jZXAYL18hfKMuRZ4p8dBcBAzbV1a\\/x138nF28sknyrp632647np7+aWXrLTqvMc+e8p0\\/t3GjRmlsJwlpQhCNWVnvF\\/d1DdhMbdQqpystXLCmb5xXMTsWTPswEMPUacqaXffdZedc87ZdqWEG+b8HGmKPdXpKosBe\\/sJ53222dYOOvQw+\\/TjT+x+lX2+8t1CgvYCdZxZU2fY+9JyX3v1dWemE8f\\/ZldcfqWdfMJJNvCfr1qb1u3tmutvtvseetTuve9+aeszHVfb7rCTd2Q62meffWr7DzjAWsh6BKi\\/Hx+sRguCIdCmm+R64leyZGm3rOTheGMoslz5ynbIYYfbqaee5kN8Dz54vzP55s2aCYenWG0xQs58KaG4CDnPQ3TFEAthVi5b4R3ihuuusdNPO8muveZqZy59pXhcJwXh99kzZYnNsXfefsdxx+X97777jpjdzXaTHBojNJsG6BPNnxVS48aP87CnnXaqXXrpJW5p9uzZ05k3TJt6xX7lfYz4OOEBgdNHFuaOwtsHYmbXXn2Vvfjc87IQltiNUm6mTplsX3\\/xlXWVFlzPhcVqe0xWNPT29VdfWjNZ3WfIqkF7\\/+Tjj90iZ4Na8+bNxNQut8NED1OnTLL3xLw\\/+eQjp5Xjjz\\/eL98vX7GCvSFBj0Lxluq40267ed1g3Fgck2XFPPvMs7aLNNdrr7vBBirs8ccca5dedLHwN9EOPOgQKQI32E9qE4aCmMuj\\/\\/aTJXCxrBkY3CCVCWuongSm93f6gerAviWsuMFSQPTTpk6eJFzfIL5xo+jpHqdnFcPxTh+gGzBsinXBsGUVMXsUwJfUb24QT\\/jsk0Fude615152j+j1vXffVf2vsn\\/K8kSR2Lrvtm5hjflllH395VeixdV24w032A4SLF989pmdq7Y6WwLs00GfSHG9wYUJy+jJj9ESRhgCh8sC7Qm9MW9FG4uMvW7exkl7F+UA+B1KLRYqoyfgD6US6ohhAoQ0oysuxKFahn6LZSE4pAqYBrzy+VPYws\\/CUEbM\\/P333nWGgJYyaNCndvtdd\\/oE5h577mEvPP+Cm8UAlYP4vIpCRG5+tWrVtIclVOrXq2vtu3Sxu\\/9+t2vVVapWsXbt2tne++7rGgWTSR07drB\\/SvP\\/TZ2zmTpHVwmIp55+WsQ40c1EGHd9me+9t+nrQwyMTZdVnlv17WMvvvSymNgCH1\\/94ovPxTROtbkqOxNtDI+A0PPF9Nt0bGtNmm7mF5hjoi6Rpn6HtKFX3\\/qXVS5T3grErLlkBA3V76WlOvR61csbRxSDF\\/VuUK+enXbKafb000+52bhMTOiS8y+0Cy6\\/xLp06WS\\/\\/PyzD2EEjARG4s6JIzBQ\\/sJnlm8utxo1qtGbbfDXX9s1113nTJFbs7Cy6Ey3yqK48cYbXQjDIatIM73z5pvUVo+o0yyz32fOsEvEHPpKY2rXpo199ulnPoxzmxj+HrvuYj8NGWK11Sb\\/kvldrkJ521fMftrkiepkP\\/syxa49+0jYLnIN8e77HvTOfNYZp9q551\\/kxUTw04EoO1oVz8zlIrEuEWJ96WVCArRwt+jo4ouvkMAuY4MRDPc\\/7EOVm\\/fo5vgKK1QUR7iuUKGinw653bbbOs2dfNJJtmTZSrVPNVmk0226rNKbbrvdL\\/LffPMePnH+5JNP2LHHHmMr1MEZQnr55Zd9mJV0atdmOCAL1GOLLbbwIb8DDtjfhRDj\\/jNmzPR5jkceftSHEKGTKEx8sjhW08mCvgfpl3Jr7Flp9pSbtM46+yw7UQKQea1hw4fbgP79bTfR53333OtMv4pomGGP51580WrKOt5yi56ycAbJmqug9EpYrdq1bZfd97KH7r\\/XrrvhRjGeeU6DW\\/ftJddXDKyMvfz8c3bSSSdb9cpVnRntJW0bYCiJwx9hnIsl3M+RwKlUubKdI6uJEQBOmGV45\\/77H7AdVSbKFcb1xbhVl1ayQAZ\\/\\/70dKYXkxx9\\/knJU3g497DAvF7igjY6TULr88svsHikiZ5x+pgvoG6X5o+2D706dOvo8I+DdSP95XxDeoBn2xFx0wQX2guqPtfTM088IF8+LD3SWxd3QTjjxJOGlqsg80Nn+hxxqXXtIIRJzx7I48YTjrUOnzvathOrxxx5ry4Vz5n8+\\/OgD+1HKxcEHHWB33\\/13t1IrVank7Y2CSlpA5FXgFBfamG\\/BPwM5P9PAfMuXsn62lWLGUBp5BIEA0OcDQ18TSJS8QlmKAoQZIzQMrcZUHfIz9g2FWIhsYejMEVEsC2QM7\\/vvvnMrYYg0gJ+lUQN9pH3OmzvXhUAhSBhlBK+u0rvjzjuDyZaYmTDOK2XiM2bK5HLnjp1s2eLFPmnHOS5c3IL5TnotWrZ0Ip40ebIzwHffeUfa5RCX5JRjgszSFurMdaS5\\/DhimFWuWlmdMQibmWKMrHP3uRR1NuYXACaOKnB1pAibxqxUqYod+bejbavNe1olxatVtbpPFjNUBFF7NfOgHkxhJiIMMN8xe9tIQ3jwgQds4thx1lVMivFTTOqQSG7DJ0I0A\\/xa7WPotHV3MaqjjzrKatWpI8ZR1YUn8xxMdgYmBHmUsLnTpthrAwfaMcccbbvvRqf+zFd8lJQQYWKPSzki7ifI2qJDoG2VVAegw3PUdaNGm4mIS9mO229vJQqW+zDgG2++bf333tv22XN3n+uZLg3Vy6s2hUwirawNwlAbqA5I\\/HX8eHvs0Udtt113EBM7wb75+iubMXOqtMJyPlfEGLRPWEuI0sZ0UjpYMxSRPfZwRs1qJTRv5memyaJhHoghkBo1qksobOFCCvywCon5HnYAM87PeDYT2GiJQLpJB\\/Qf4BPCwqrTPpYoF5owNAjTrZwc94EVCyNMg+NB\\/34ZOcJxzz6er1SvXXfb1TcnoUGiODAMBB3036+\\/D\\/3AYFkxs2zJElsyb56VEl0yb1KwgqM8UCL0pzb5QtruBRdcqLasaVv36SnG08c6S1FiwrRgxVLfP7TD9jvY66of1u+nUt4AcEcdf1Abd+7Y0Wo3aOBDWCgYqogfYTJh8hQbPW6cGHNpt7TQdOPCEuY7br7lFluxbLlo+n576qknbffdd\\/NhQfoquGDe7AHRO5o4WGEsnnH7OyUYGVNnqTKCCd6SC5E2XnvzLTtd5R746kArKeuDeceSavvJsjYOPeRgGySrgcUKzImRPtZL1SpVffhtd9EEq5g+eP99W64ysTOb4rM5snSZcta+Q2dXBuEf4MMhRbe03droOH5Pt3k6Dv2KebcJsrSgxzxsohhAelhcazq+Md\\/GkCL4yAgEZwA574EpZP03BDJpCIvplEAoHYMOxEXsMPHp04OkpzEw9YiXD2KaEWhAfqMN4AsyMQsZUvDz3PVH\\/kxqMgHKAV+MC8vTaut3C5nNWANM0KFl\\/SJzkfSYbKooDZeVBxX1fcyoUc4AWUlB+ZncOU8a2k233uqd5vgTT\\/DyELdcqTI+t0AdZ82ZZXvtt489\\/9KL0vDu9FUlVcWAFy5YmCWiIgDGCcOi3DUl9Bo0bCiLap4Pe6FpEh9BlsZHBoQHfNOfwAnaxS+qZz11rMuvvtoee\\/xxO+rII12DmjlntuOP9vDVMorMKg+EDhYU+S8Us2ccFoBgmdNgIQH53Sat\\/15phLfddZdbHP2lFTNpi2bDPABW2WrhZqYshlXSStq3b+cbaxg+QstyIFs9sDrWBb48VH0n1p8hr3nz1TbSRhHaCGSYLsyBPgejR4CDUzpDiDPHHn\\/sH\\/auLFYWH1xz7XV2+5132X0PPGjnS7tEQJIJdObaq+gMvMBMGepB62PTF9\\/5Df58TT5h5N741xv2iITUWWed5Xs6\\/v73e+yB+x+0K6+4Kgx7OX2mGikPUP6pU6b6e69evV2YwRihWYD4WAzsy2AIqbbKfKXa9p777rNrpVHXqV\\/fa4s16QKNtuW32mDgawNtpZDTVdZ1DQlNhlqYoyhbtrzafrKNGTPWtuzZ0\\/PbfPPNfSIdcNpVuZgsZUMgNMMChvtlrd8pK\\/3Ou+6WpXmDmGYHD88kOGPf9EOAneb0pb8d\\/TdfQty9ew8XbuAv9gvaiklxxuyByCgpI3UG5+4ltwYOk7CrRaPMq7FIA3xj5QOsKOzevZvTJeUOtBEmhcEv+zdqCY\\/M+zHRzTzPnbJU7tbztjvuVMJhVRsKJcKLOCgOAOkEKzTL3COE4vKXA4XChXcm94cPH+bljMP1Yen0pgHwy4pGJtpRfKRYpZhr7jsPf038EuA3Bcut6NohICDGoXIwMiYNQ0cTISRIQGtmfL4oQIpDfBEoHemmS+l5qVF89Y7KG4kQralD+\\/a+wWW2tFy0PlZocL8sqxJY6cAyQuK0bdfWGkuzhVCVgS0Q4bNLFIl9zHHH2Z333muXXn6F7bTTTs5gFnMJiwB0UR6WOHbv1t0ukgn9wVvvWn0x9f0OPMBuuO0Wu1uEhUZOJyYvXBocT3J8X\\/FHYDoQVyXG9hWWlVtlhaPYcXKB9DwNxWNMFuA3HYL6n3LiifawmMUSEUHfbbe18y+5xO5SfTBL33jj9RA3xEq02NKBsUvLpBwxXxgLS\\/kCk1ztmlYnMQCG+zp37iTGVMtmTZvqgsOVAkfOKlvE3E6lij7uih9ae8xRCfk7q8QC4y4aYBTZsoaTVKErLMZ8QHpoqG7RKBq0R3s+8+wzdsABB9oDDz8m5rSnb3BjyIW6x+Wg5AM9uTaXai5yj2VIm+\\/gDFpiVVVX4YPd3gcccICPmWOiL1y0INt+Ss812pBMXiAPGA5MCA2foQuKgcMf5eEqCQG+3y7F48ADD\\/TJWWiIvhDB65HUCXwgiCtXLO80BT7pKwgGAG29rCy+mrVqel9FsPuxHwLabZlwhNAFj\\/wuofi0PcKlW7eu1r5tOx8ynShLd+bMmR4vAkoGeECYxH0hgKcjuoImKF+RCk8CHr7ozw7gxK0v2icJTNrwEfLN5C0HJ4ntCL3TJnXVd1k51aVzZ+8\\/3bt0tcm\\/jbeF8+Z6XOaf6B+ovaG8Ca3zj\\/KRWJJPkc6DhHJgZdJurJ6Djlil6P76XlSfXyvEPBBQ0ek3iyuw1DgxgHJmLIQ\\/H0IjRIJ3BqcCVJQlwBIyJBUbcADG6WD6+QDtlglhNHUqlEZOaICQT5Kbg\\/snAOPqKkJdpg718ccfSzuo5BNujPOOGf2LX9Q+ePAPPk7esPFm1nPLnta6Q3tvCJgIQ1kMq6DtweDvkSbct08fO0IaNvMhgIJ62QBWT7Dcdv8D+tseu+1hbw18zapWrmJ9d9jeTWFWTkFAEdLlBleMlbLkEnwEbTxoMVhWEDQaFRDqmKqnfi9WWJbbwdwiUH+GR9CkWSLIEM4NYiILpCV3ELFfePFF9uQzzymfxUpz3eRBLQNuwuanbaVhb7dNX+vTa0ufnEbj3kF1nTB+HOqoH1lRolRZq5Not6wqiczEhYbSi\\/MGWAjOuNcBhEVbB8BTmBsItATEtgBFaPh0MJgYe0Xo+B98+LE1adrMDj\\/yGGvWrIXtusuudsjBh7jVdPttt\\/qRDkR2QZAGpZemLd7BGWlSBwQKiwAqitmeffbZTge9tuxle+29t2vFl192uQ83OChp4tG2OMqccSFEIcCXuQYmaXlnYpyd01ikrPbZXFbtoYeoDkcdZeede67NTjHjmG4EcAa9gBcmwLffbvtM\\/4POYHTQUgUJcMQ2E+oAKWCJ05cd70pzifpuX7V532SJNf2q71Zb21Z9etvFl1ycYcBFQ8Cn41X\\/0v27KEi3waYClJylwikCEpq94brrpCz1td69etnWvftYb+GXSfRj\\/vY3myZLxxU19dNF8xf4USErlq9UXwuLBKgvfIt2os+mIbRudAGIQ59gOS5nSzE\\/VKtW4HcRoJXo1gVMT0K7PBUh4ygniy6wshlJKV2i1IbPIWTDkgTvSMHse9qvhDJyiZnxl8SuVNk2a9jY18pzYh8EWSuZkIOoKWxkBhAqwxmY9mym+uLzz31Iyesn58IlIktPXtH2x0srYSMJjCeWl3ANxYwa1a\\/ncxgQHOPz20pLZnyWKx0xKdnIUq16ddt9j92tDksMl9FpSnq5unXpZmVEABN+m2D\\/eOJJEXk5q1apioRUHc8DQNgtV\\/m\\/+fYb69q9q5vaP\\/8y0o46+ihf7eDj6i2b+R23dDDqQBnd6T0CHbROrTo+tv3773NtwsRJ1qB+Q+vQsZONHzde4UP9g1CRpq53Oh0TRMNlBbG5iOEmgLRZWgcOuTXrSDE8hs84oqJfv\\/1s\\/KjRVqVGTSshRrNMBM3wwjpB+KwoobNUmgbtTIOwr+TII470s2V223VXH05qLU2xioQbezSggSpVashaEw7V\\/uPHjrNqVar6MAUQKGW1Mxlf362OVhQwCU69fHhLQBuJXGy52ouyeEfwLwFY4oyWy54F4kEr7Lloo07HxDA7bCnnNddcZU2abOans1asoM4uCBo86fFMqFtpwDBYTfOr2iN8D9+YM8Dkb9+uvbVo1tzuvOMOX711xaWXWncxy80aNfKOCHgcTzPrcoElkwriq7l5wrQoE32rTHnVSW3LBreWalMEHtpl3BdRTnVzUHlXiYkgSCLQB5atWGXNmjZ1Rt67d28b\\/Qv7OpZYXfUTll3+8P139uOPQ+yHH763tlyAlAAt07BxIx9ycEtB1gTWfr\\/99rNTTznZl2nvvMvObpHA5Jo1a+Z9cG0A\\/Yc2Df3A28nfBFgOKj\\/WI0ee\\/Ca8F4he47csfvzNvUGs\\/2V27cfUYpj4Owv41KtTxzfuQS+szmI39jYSbiccf5ydeOIJrsAiNE464UTf03PllVfbLbfdLiXidp9jWyLFlfkaFwikqUSLw8AZVmNp\\/dAhQySQK1u7dm3VF9gFvfEALhFKtBULadhXgrUJruG7hQTC2iASKB2ARAHXIMG+vvo735LuHGIU5cxq1KxpBxx0kP1Fjk1mTN50khkGICBYfsYO3JUqOObaHnvsaW+9\\/bYdedhh9pE0+5pi0pFo6Mg848a4Vi1b+vb7E084wY44\\/Ah7\\/vnnM2WGcXIAG0NELDWdPWO6JHArX\\/7HigjmCxAA77z7rg8vMRHG5O8UMa5GYq6lynAERhiCKSdzEisBE7pVqza2\\/0EHOiUFEivhS2knTZlsY2TKs7O0XIVyIvYSNnc+l2hgIv\\/h5nnQHgKgwYeSAqv9QvPzz7\\/A8\\/jiiy893sUXX2K16te177791sffGXZBANLJq8m033333e3RRx915vYXMWVWkgBYEwuFI8ZtGS9kMxabEdFuKN\\/vc3\\/3cKtoR5UJQbwuQGizQoZduiqcHX7UkT6mjCBk4pMrG1mlNG0G9xyXtDffekcUX+CCjuETJvKYGN1\\/wP5Wt0EjJw+YPAAzZ+MU8zXOjPMAWn6c64iQZqzidkEzEjgN6B\\/KBeY4ZadzcJ5PMKGFfzGzORK8L7zwotqijB0iLbta9TB8EhkZwoYjExjWbCvmO0b4hPGxS3v+3HmeH1adL3+UAOLIBzJmzofNkKxMotMfe+yxwlsQNl5Wpe9lJT7WiH7HvwjJ54yPvyscTBJFgMl8rEjoqIzKx6Y4zg9jLNzDKyOGvdhzEoGx9aaNG7g10VvWLsMik8Tg0R7LVahsp51+qv0y6hdf0XTPvX+3LaXtAygy4JSJ9pG\\/\\/GI\\/Dx\\/mq9WYF\\/r66699MyA0wMIIxsDRRKMltz7AMGeYQ5AyJ+FUv2FDu0OW+Yknn2ynnnaqn7MFBh0Xqp\\/jxhEaQRiMRBBChVeH9HsAorJsnOFPVhrRjv0GDHDlkIUAn3\\/+hS9KqSG6aNKgvm\\/Qe+G55yF\\/O++c8+zggw6xr7\\/62nmS09yaWRQJLjwUj3zYpMfu8grlWRGWUnrXBrF67vQf\\/0gz6R\\/QO5vq2Kg4adJkFwzwJJRt9k5tgtkJci4anJxVoNzKLBfhMvRy0cUXO0F26tLFN1GNGjHCXh040M8ruU0a1Vdi2tvKNDvu5JN82z1j+A0328xGjRxpbdq183QZI0eL+UlxYXi33XmHjRsz1rWV62TqwfjQhmFwMFQ0la1k1rLn4aefhtkOO+3ojYAAopOyCollsHPFIOtLi4OI2bXZWFr1ZGm4nwz6xM6Y\\/bs1Ujmuv+4GGzZsmPWUVgVDXiWNANRTLvKqIQ3zgYcekBY81g+MY2wboYPW9t03X\\/sOcASDC1SBDxf4WwDqc9xJx1vvrXrbLDFVhFWPzbvbyqXLvbwsgcUKGvzDDzZPzIbynnPhBbbjjjtaQ2l8zcSs56jD1JLgIm3GgUsID\\/c9\\/LD9KkaGhg4jYZdqJzGCGVOnWK0aNeRXeo02Kwo4Y6d9h\\/b28nPP2ulnn+O7pLnMHQFEeZs0b2n77buvbS6mwDLeDyVsd9p9Tzv6+BNsCwlimDrhli6c75OFcZUOQoCdpAh6aCQfQOiEDkpIYeAbjDHWg\\/9ZNunzAmobLEeEKVr1zz+PtAUL5ll9CaULzz9fZVgleuvhAn\\/uHOFPgpZ2onw\\/jfjZ5x16iYYOP\\/IotwDYBDhWNMeKDcbbGbaizAg+BACntF56+eW+14VydZGFQNtPmzrZKkoLjBD7i9dLBS5mE7iAoR1h5NBFD+H1+uuud+0dC3GaFJPNZKUApB9xDMAkwAvMnHH9MmWX+Omn7737jh1zbBPbZ599hYf6PgcA3TIUFg4AVDrqN1v22tJ3wN92622+s\\/3Ov99jw38c6oIJ66p+wwbWUIrNQQcd7DjMD0VXlHsuYL4I8RYt2tgdd9xpkydNVFmX+hE2lH9tgJBYXwD\\/tOv9993nO8u322FHu0n1+1ntPl3KE4tN2nTqYo8\\/eL+99eZbNkXKHwsGTjjpFCkwC61Hj25WckB\\/nwCm34U0\\/bFWIF8UKpa1N1H\\/ZYVjnP\\/kWz4o1E\\/zoNHpSR9g\\/rQhy3RRCOkD9FF+o5RxQX\\/I6c+GPIX858sv27VXX2N7y7TccZddfaLte2kVB0nLZoz94EMPtbpinjffdJONlelbW+bbbvvsYwfIv7Ok5s033ugIokIsO9tTFsZH779vr7zwgnXr3sMGHLC\\/7bHnns6AaRA0NZgGyIGA2IrPNPagQR\\/78kG3bRSmU8dObj3AKNnsxiFZJcREBw581Tgtsl2btq713n37HbZ4wSLbvE8vO+K4Y\\/yIidNOOdVPpaTl6dggnJ2dW8nMPEyM46TTTrODD\\/uLn4\\/zhtJj\\/JG5EFY4AF4fdTC0gQjvvfOu3XX7ndIUOts+\\/fex3n17S6CVtTcHvu5HFaDNceLhEHXAW66\\/wVbMl8CU\\/177D7Cm0qSuvPwy++eLL\\/ruYseD0i7QOwJ47\\/33t5POPNOOlaa1zfbb21yZjJfL+jjqiCN8aKM44\\/c+sSkNgwnM404+xUopj622287+evRxqvPRtuue+\\/jwXOOG9a2\\/tCzWd59wwvH2yfvv+q7xHXbd3VrT8e65x\\/750kueZuxAMGUuDGcuIa5qygd0k9y+EplqnGNxkB9HGWAh0DloH4ajOPdpzLjxdtMN10vzn29HHnOs\\/e24E33u5YwzTrcPVFaG2uJkah3RAfMvE6T5slJrz3797CC1Kxolk6Ox48IMOBdniQQQG9JatWxlx0oIHnPs8T7JyYbA5559zsOmId3x0+9FAzQtAdatmzPsU6Q8seP8oL8cJkHfwe65+2576IEHk7AC74\\/ZTgluK0o4YeWxgQ68wARvvfUWG\\/jKS1Ze3\\/puv5MNkOa7nXB18003+PAlw10I7Qb1G7h1xC5fDhZs0ayp9Rc9\\/OWII63\\/QQf58m12o2OBpkcYigsst9xl111s0Mcf+HBgD1kk+\\/bbX0rPTt6WMTlPO7wWgjzsZ+3gZSzpR7wwmnCy+vUrL73oK7d2Ep857G9H236H\\/sXq1awuJW2m05X++QQtyuMfq1Y7nQetPrQh6QWlr+i6R7xwphTnNe28804uUGP8CBmhqrSDJRneMxUlGTn6Jbvh2ezKR673ZIUYT\\/YekA5WLiMjCJ4999zLSowfNW41Qy5kimkHE4DRQLCki1RmjJV1zYzbo4mwsoAhCsIyHg8x8c64NSsDGEsPpnwYc589e6Zr69erww3+4TvfEMKYI4d8HTBgP48ftNzB1kDaBMdScHja11995cv+WF\\/NgWU0DpJt+PARXjGYJGd7DHztNV\\/\\/zJJH5gX269\\/flsskZicoO1Y5E4nDx6gj69BdiMgMo7N\\/wvVz0uKQwgwXoHHMnj3L47D2Gc2IyaKRPw23A8RAV6rjDRs23M0rxt87q1yU\\/8UXX7Z50g4ZPmHVBFoajcBmtW7du7oQgAFy5hCXzXDpCR0QYeGNLTWG4TYECZorFsltt93qS\\/32O3CA9ey2hW9ioxOOUP6\\/SKM96qgjXHOlXggpLCEYwtayvNCqWVrLck40VkxtlqrSnlhKddWelJ8LbRhuYAJrlMrFWOWzTz7h9UfLRWDR1iXLlLObb7jOhwHuue8BWR6NpS1X9DOf+u3bT5beRbbn3nv7mHKf3r3cesIMxaIbKu2Dk2hPPOFEP6rgbjGokT\\/\\/Yt26dvEhsa9kXo+TAG6uNBs3aizLbI7v7zjyqCN9mStr9Nl9yzkwZ555lrdZ61YtnD7BH2cNMTfBoWWMg06fNsOeeuYZ+1mm\\/A3XX+\\/DahXF6Jhz4YRbjkpm4QCHJTZuvJlwstw3Jz780MPOYLbfYXtf4vmjtMGly1Yo71quWNBx+vcfYNtuu71dJm0fRYRJU5ZJM9dBPZ9+6ik\\/rRXcYXUy\\/vzCiy\\/4cQ5oYGxcmzhxkjSyobJ+lllFab9t2rbxAwEZhvCdrkmHp12xPi+66GKnHdqBOQ0WI\\/B87rnnjQPzNtussU2dOk2a\\/D7Wa8uerqkzNLXb7rsrza9sgvoap8EyT4aGyI5X5ke+\\/PJzWRXlhIshflDhreo\\/TFSXlyCkP94n7fj99z+yDu1ai2G0dIaLZcRF\\/RzguHz5SjH5efbIww+5EvW+FLK77rzLaYaNeHBDJqMZ\\/oC30C8YuqLvY7Vg\\/SIs71EdWLkT54rQ6OkHwZIJm7lmTJ9h+0vjZv6ijZQy6Hi0+iBpo0QxB4RFwrzTX\\/\\/6F+HlQbVLRZ8HnDh5km8ehEddcOHFzo84p4h+dp74wpZbbOlHqnB4HbwJXsVwDcdgYGnfJKX0K\\/EieEEXKaO04SL1K85XgwZ2321X+0rK7Ljxv9pBhxzsw3aLly\\/2+RvqIrTZfFmfXG504AEH+ZEqEl9e1zSweZY2\\/uc\\/\\/+n4YUgVQECnoZBAQOIUAeQLDUm1Eq5+cT6OggXEISgUI\\/j2XnvtrXI12XCBQMfjG5OWdLZcgQDDJVMafI4YbN26dYSw8b4tnqEYmC9M8ofB37n2BVNt2qSpawJM8jJJw5gjpswgMQDKBgHCzOgALLPDdMUsZ8UPgoJOSQd67fXXfaIJc59hEPYLYIHQSTHHEAjUhTXW\\/\\/rXmzZ2\\/DhfSbL7HntaR1kIEOMXn39hI0eO8PHiaZOnWEnVC6JjyIV6\\/SYGxuF0i5cs9WMsmqiRWe+B+UX6DEtRP8z48b+NFX4KnAQgWFagMIHK0j46pGsPYFttQCMxZs4xErfdfpvj\\/cBDDrJO7Tp6Z6VNKpQt74eJdZegKV++rG+6QlFgY8m4seNcGCghJ2CYE+b8QpmxdE72MnDNJXiqVq2677+g07HUt4O0yXDhRlM3WZmUBhDuCI8gaBarI7yvek73epYtU9pPAqUTsMrltddfsxbShBepDmz+qVa1srcrZ1Gx3ptJXWiH4YgvJUx+GTVGwr+rKwIsmxwx8hcJhQa+o5xhLJbWMoRXQ+Vs17adM6p3FBcNCm22\\/4ADfPHA4KGDHcfUu227dt6ZWE734UcfOgOG5hDCm\\/foYTtLs\\/xI+D3yb0e5wIlDidAZQpQ2ZP6IdFBC2J2MIoGw5cC9Jk2a+ZDY+++9L4Y0xrVzytK0WTPXlKkj5aBPIWz5\\/f3339lTEhaLFy8VM6\\/qy1CbN2vucy3Eh8Efd9xx3v4A5WFuBHwz1zVMjBjh0rPnFj7pC8A8OKAOJg8t7bTTjq5AsG+EjXLs0m7bupUrPBwwCLArmkPm2koI\\/ePxx1zDh9HvLWHCskpogRLQn13IKQ0Us6kSsjVUbja2Mb8HnZUqVcbrsZsYIkKEfTXMST388MM2b\\/48n0imf6Lhs4cFC2aaBPenqg8KHMtZWYmE1QH9cyCmA8yKP5WN8riVp0K9\\/da\\/7EspPfPnL3S\\/evXrSvno7WFQJomDxcyZQ598MsgtfPhR7z69nbHDr2DstDGMkLmJo6UUINB\\/+3WCCzT4A8NnbNbkbKmohCLAf\\/h+sHA7yfkfCmS3rp293eqLt3Dq8QcffyThK16hTnrk3w5PVrphGZj6w0IbLVrHSuaId3V2r2oEaAW8M\\/cCzplTbdWKk4SzFmcEBILTSSAVh8yrt6c\\/5McROCX8GHIWBfDkKBC3HNS+rHDjdF\\/mPBCE0FyJX0ePXw2hk6kLhBUF1qhxrkCY6gwsCIQCn6ykU0M0ECCNHgTCDG+c2rVqu\\/ZIxmxamjNHEpkjoUXQ3kkUBuEB06xWrbIzOgqDhKci8RRKpBlmOkMHLA\\/FPCqlOKvkV6LkapfkDFkQjrFmiMTLIiSimVMmCNW32Osb+S4QoRKO+rFKgMm1SVOm2HQxuGrVa9oyxUHjoN7AkoWL7SdpUDPUyThcjcktVt\\/QAGg0aHQFTrQl\\/RsXsvhadQVAGIDbMhVUZtUPro21EydyMC0RLmHnpuwDiEIRwcN7Is7b77jdT\\/Q87K+H2YB9B\\/hx2TQkjYopWalSBc+XsV9wCWNzHOk7RwdEMipdrrTfGsau64WLF3n9+cZEOjtMqS+CibIAqyXaAOoGLSK8wR1tgvBinDkSHOclgf+BAwe6ZfaCTGuW4DKJh1JAvauyQWzpcp+8Jg3qB33ATD\\/97FPfLU4bz5HFyBb9tq3b+pAFy5FRKDjum7jQGsoKVqePgatsZSQceY2VpZzMERDHJ+ipgAAGhiaLAGT3K+f5HHHEkS4wwR3DOwhr0kXp4WRLrzP0qg4IPYAfwroiKwTQVghfmCoCBOstLDUEN6FI1J92IS3qTdtDo9AG\\/gxfUsboSNPLrATIF4bmCw+UFmEpJ+VwhiDgOx9jfL45TYoOyQ9lD00YRkhf4bpFGAFKnIjF86CM9AXo2oWqMkdBI20UBTR5BDDlxVLxnfECX7GlehDfy0wZ5E+fJ23m1GC6hPHwoqPYP5yABAzlUoZ0ncIii0QggA\\/58SwjPED\\/4BCaRICwJNb7ofIiPO3DRjLKDs4DXkJ2ATfhQMDS4h2et35TL\\/BNmJXCAYdQkj\\/hY51Im7xRXglM\\/135hxTWoUN8pzUbTVfp93wJRVf6VDas0Zg\\/J9tyqCSr+dpJuUNQeMORMW+EVZr\\/eOIJbzOUWCxj2tLLUQhUOif6UK5cQLSEOq8OJxeLv3GJEfTDV\\/o6dMvQFIr1Bedd4PX0vEiAiBTcNRsvZK4jGJULhY5LIUKmcS2s\\/HxZV\\/KeOO7CxY88oqNgVJLxLbRPJvbQFkjH16ATT9\\/LlCknhs1lInQKMXFJ8ooVKqkxy\\/mQEAUgnD6KARGP8sHsq4iQ2fAU7u7lzuSSrLElPIWmZCoWTIuVEmWUXoGY8wqISukUKExJEXEpdSAEEJ3cr6GVg3mXKqlO6fgI6ZVS2j5EoCBoFxApnQ+i1X8en7SoK0\\/K6GWCYek7efqSTaXAoW2Ocy8zq1QSxq4C06EQqgw1uaT3spTxsI52OcpSQZ27XClZDnLly5QXgYfylPCDBuUUz9NRedgcVknplRYewGAgJsKF8XevA7Eop+qP8C5VhhUsShPrRAL36+++8R3OzaXR9OzTy6pKiNWS1lRJnaRKjWq2WjRTtoJwrAKuVBuXVZzVpUpYs5YtfEKSQ+KwBtkkyNLjUWNH2SwpEerSap8StrxguVs47BxlNyk45JTUUqXFaFQ+8Es5nUnoW+XKnF4ZGCPMAi2LOyK6de3u+z7QApeq064Qc1Jlva5c0lNScUur3RkzR8izrHOlP4XXMmVVFjFwOmJoHqedyhJ2MIMysmTUGOGbYyx5qu5Yq+jdHBJXXbgpW75cxp9naD6oPjyj8zxKQ9\\/qrHqHFvEjD6d7yi78RDriN4wTvMEUGQNHgHCeFGWdIyuJdHhn6ekfxBfOqBt1hQ5ZoFFav+lz4GCh8E261WvWVF1heqsdR5xF5ozX44VyA\\/zParpyqmsl9WsYI3nhv0KWNG8+PKu4Hh\\/+QP0IoXQ8Lcqm315XQN+JA+pp+4rq3+UlVCknvY6hllIqE4ddrhYeKCPLvvEXUXgYnvjxLKe4pBPDUPcC5UkruaJGmfSNMrjATMpTUnRftmI5OfUv4XSMFJrFbITUN4aLFy5e4IdJllbfoE3IiywdlCTC9tdff4M03T\\/yj+AUROXAEuXAQQQxgH\\/AanDOb0EEvxQ+QgwBb4avrRQvW7x0sU2aPNGmTJ2ieqjfCt\\/0aXjiZCm4PHfZedckE3hPKfv\\/AEfFdhTaHmv5AAAAAElFTkSuQmCC\\"><\\/p><p><br><\\/p><ol><li>OL 1<\\/li><li>OL 2<\\/li><\\/ol><p><br><\\/p><ul><li class=\\"ql-align-right\\">UL 1<\\/li><li class=\\"ql-align-right\\">UL 2<\\/li><\\/ul><p>gif<\\/p><p><br><\\/p><p><br><\\/p>"}');
INSERT INTO "materi" ("id", "user_id", "kode", "judul", "isi") VALUES (33, 36, NULL, E'pengenalan', E'{"type":"text","isi":"<h1 class=\\"ql-align-center\\">BAHASA INGGRIS<\\/h1><p class=\\"ql-align-center\\">dosen: Bu dosen inggris<\\/p><p class=\\"ql-align-center\\"><br><\\/p><p class=\\"ql-align-center\\"><img src=\\"data:image\\/jpeg;base64,\\/9j\\/4AAQSkZJRgABAQAAAQABAAD\\/2wCEAAkGBxISEBUQDxIWFRUWFRcVFxUVFRYVFRgVFRUXFhUWGBcYHSggGBolHhUXITEhJTUrLi4uFx8zODMsNygtLisBCgoKDg0OGBAQGy8dHx8tKy0vKysrKy0rLystLS0tLS0tLS0tLS0tLSstLS0tLS0rLS0tLS0tLS0rLS0tLS0tLf\\/AABEIALgBEgMBIgACEQEDEQH\\/xAAcAAABBAMBAAAAAAAAAAAAAAAAAQUGBwIECAP\\/xABJEAACAQMCAwUFAgkICQUAAAABAgMABBEFEgYhMQcTQVFhInGBkaEysQgUI0JScoKSwRUzU2JjssLRJDRDRHOTovDxJYPS4eL\\/xAAaAQACAwEBAAAAAAAAAAAAAAAAAQIDBAUG\\/8QAMREAAgIBAwEGBAQHAAAAAAAAAAECAxEEEjEhBRMUQVFhIjJSgXGR0fAVIyViscHh\\/9oADAMBAAIRAxEAPwB8vr9Le4TeQA6lVzgAsHAwM9Sd9OZt55eibR\\/W\\/wAl6\\/E0ya5oMt3PZ7Bt7uTexZeQCkNk\\/uenWrMihxWeekrsnukW16mUYKKI1YcIR71kndpCrBwucJuUgjkOvMfSpXmk20uK0QrjBYisFc5ym8yeSK9omm97ab1GTE2\\/9nBD\\/Q5+FQax1IIvIfLGSD69TirglQEEHmD1B6Y8aoLiTT7lbkR2MgeCQb0aMj7G4r7Tnpg8uXlTlJRWWQ7uUuEPF7r0MA\\/KybcDOBzY+P2Rz8etTDs9jkmUXZVoomXMSMQXdWGQ7YJ2qc5C9aq7UuDJlJkXu258wWYknxwcdfiauTs8lkbToe+Xay7l6AAqrEKQByxjA+FV13RsfR5JyolBJtEkoopRVpESisqKAMaWg0CgCN8YQ4CTeCnDfq+OcdRgn5VHrh19ogZMRDjzC4548+W4fCp7qFmJo2jbowqHapo8kMsYhUuuzu25ZO0Dr6kEfJjWK+l53I3aexbdvmbWkWaySd6SQ3IblOCVzkA+Y8s1L1pi4X0kxRgueZAwCMEAZxn1xj5U\\/YrRTDbFGa+eZvrlCGgUtJVpSLUL7XlkOkz91nom7H9H3i958MYz6ZqaVhNCrKVYAggggjIIIwQQeox4UMaOQMVcfYp3i2Nyz57szII8+LY9vb9PrT9d9k+nM5fu5FGc93HLtQ+gBUlR6A1ILXSwipFGixxRjCRr9lfM58SfM0sDyPFpJkVt1rW0WBWxTEGKSlpKAFzRmkooA8L+cJGW9Pr4VBrmXJJqRcQybxsDYUcyfOobfzYG1TnPIY8\\/DFcrWzcpbTo6WtKORx4PsDJO0zjknsr+sevy\\/jU+CDGKauG7DuYFTxxk\\/rHmfvp3rfpq+7rSMl9m+bZrG2FFbNFX4M+DyVAKzFJmjNA8GWaQ0lFAwqruINtnfGMcoJDvA8I5WG5gB4K3X31aNV92h6Sksw3KSWjzkZ9gjkG\\/8+VZNYs1m\\/s6xRtxLhr9v7Hne4K4655j5dKdeAtQ5PbE9CWT3E+0Pnz+JqFaRLLA72k\\/OSPoPNcZVh5jnWVjqbRyo6jDJIT71B9ofHOPjXN07dVmWbtRRmLjz6MuKlFYRSBlDDoQCPcazruZycIXNLWNKKAFpMUtFABRRRQAUUUUCCiiimGBaKKKBgRSbRSio\\/xzxWmmWv41JG0mXWMKpAyzAnmT0GFNAEgxRTbw1rcV9aR3kAYJICQGADAqxVgcHqCppzNACUYoooAStKSbcMg8q3W8ajVvf8s8yu4oo6cl5Fvnn5VTbLaW1R3HtqI9k558vvqP6VpwlugfzI\\/a97eH+fwp61WUBcZ5nyIr34UtdsRf9Jj8hyH8ayRgp2r2NTlsrfuPsa4FZUCiuiYAooooA86WkooAWiiigArVudPSRgz5OBjGcAj1rarzuS+xjGAXwdoPIZxyzSazyNNp9CveM7qF7o7YpFlgARpCoVHV\\/a2rzyxGOvkTTJomiS3c+QGWM4\\/KYyo29QD0zkYx\\/lU0seGHebv71lcg7gig43ebEnn4chy5U76Hoy2pkSInuncyKpIxGzfaVBj7JPP0zWLw7nPdI6HiIwr2xeWjfs7cRxpGCSFUKCepx517UtJW1HPznkWikpaBGVFIKWgAooooAKKKwmUlWAOCQQCORBIwDQAkU6tuCMrbTtbaQSp8jjoa9K5l7IL6SHW4kkZh3jSRSAsfaYo+N36R3gda6aoAKKKKYC1C+2PT++0a4x1j2TD9hxu\\/6S1TStDiC0E1pPCRnvIZEx+sjAUmBBewG\\/7zSjEf9jPIv7LhZAfmzfKrKqj\\/AMG+8O68gzy2xSAeoLK33rV4UIBKKUmsc0wEl+yeWeR5efLpUJk3POAfYih5kcxufHsJ7h9o\\/s+ZqayybQSajNzZvebtrGNcFQ\\/mfMD+NZ745xjk06eWM549SKW0sl5eNDHkRq2Gbrvbqef6K\\/UirNtLYRoqDooArU0XQ4bVdsS88Y3Hrj+FOVOmrZ1fIr7d7wuEFFFFXmcKKWigDyB8qK5\\/4T7VbxLhFvGWSNmCltioyZOA3s4DIPEHnjOCDV+W0wdA48R08j4j55+VJPIHpQKKKYC0UVE+L+0Kx07KSuZJh\\/sYsM4\\/WPRPjz9KGBXNrx\\/fWOtyW2p3AaDvirjaNqIwzG6YGVUBlOPLNXhvG3dkbeucjGPA56Vyhx7xA2oXX46bfuVdQgGSwfu+WdxADHBUHHTAqc8P9md\\/qFrDNdajtgaNDHGGkmIj2gKu0lVUgcvGogWprXHum2v89dx7v0Iz3r\\/KPOPjioXddutmJAIrWZ0zzZiiHHmFyc\\/EinHSexjTIucve3B\\/tH2p+7GAce8mpLLwLpjBFNjBhDlQEA+ePtD0bOaAHnTL1Z4Y50DBZUWRQwwwDqGAYeB51s0gGBgcseXKlpgKKWsaM0AZUUgpaACivG6u4413SuqL5uwUfMmtDVeJLO2iSa4uI0jdgqPu3BifLbnI8z4UAc6cfQmw16WRBgLcJcpjxDFZfv3Cukb7XLaCJJ7ieOKN8bWdgoO4bgBnryqj\\/wAIGCNp7S9hYOk8LIHQhlbunyCCOXST6U+w8HnXdG0+ZbjupIImhwyl1bY3d88EEHEanPPrSGW5Z3ccqCSGRZEPRkYMvzU4r3xUd4E4Qi0y1\\/F4zvdjulkIwXfwOPBQOQFN\\/aN2gRaWirt724kGUizgBQcb3PgueQ8Sc+RNMCZUuKpnhvtx3yrHqFssasQO9iLYUN0LI+SV6HIPwq5gfEUZEUB2On8X4gubboMXMWPWOUEfRTVrcUdoGn6e4iuZSZMZMcal2A82xyX3E5qlOI9VOl8S3Fyi7tkrvt6Z7+Hd98mfhW52R8IJqs9xeajulRTzBYjvJpPaJYqQcAc8DH2h7qQy4uF+PLDUG7u1m\\/KDn3UilHwPEA8mHuJqSmube0bh7+RdSgnsSyxnE0WWJ2vG35RM9SOa9fB6vnUZJLqx3WbqpmiR0Zs42SKG6jpkHrUo9Xh9CM21FtLItnr0Fw8sERLNHgN7J24PiG6HofXlTnBFhQKbuHNDjtIRHHzPV3P2nc9WP8B4CnUVKezc9nBGtz2rdyLRRRUSYUUUGgAopKKAOSND0eS7lEaKdoP5WTB2RIObu7dFwM9epwB1rqTQ2Bt42U5DLvBByMOS45j9ambWuH2u4GhmlYZIZSuFUOpBUlVADcx45rf4V0t7W2WCRwxUnGM4APPaMgcs5PpmoLKeBN9R5zS5rCslqYyMdo898tg\\/8mRs8zEKSn84kZB3Mg6lug5c+eaqjsg4WSe6k\\/lGxmkKgsHmDLCreTowHeOTnrkcunjXQArKjAFR\\/hCaePxG1lRQBFMYwAAAFkTOBjoMxjlT\\/wBiV93ujxKTkxPJEfcHLqPk4rPtqtO80acjmUaKQfCQA\\/RjVe9ivGdtY211HeSiNd6SoMEsxYFHCqOZPsrURl9GkqntS7bWkcRaZYvIxyFMmSzHryijyTyGetSrs\\/1rWLh3\\/lOzSGPblXw0b7vBQhZiR6nGPWmIm9FFQvtY4hurGxWezA3d6qu7KGCIQccj5ttGfWgCX3VykSNJK6oijczMQqgDxJPQVE4e1HSGk7sXgBJxuaOVUz+uV2geucVTHGPH1zq0VtabdrbsSKnJJZmbbGQM8gBjl5sfSpvxD2NW8enM9u0huoozISTlZGUZdQv5vjj4ZzSyBb8MisoZGDKQCGUggg8wQRyIPnWprmrxWltJdTthI13HzPgqj1JIA9TVY\\/g9640lvPZOSe5YSR58EkyGUegYZ\\/bpr\\/CD4iJki05D7KgTS48WbIjU+4bj+0PKnkCIXZ1LiG7kkjQv3allj3BY4kz7KKW5bjj3sQfLlDp1dCYnyNrEFT4MOTcvPlj4V1F2V8Miw06NSMSy4mlPjuYDanuVcD3586524+s+51S8j8riUj3O5dfowpDJjrmn7uE7GYD+buZMnyWR5Qf+oLT32Z6vOvDl+LZtstuZHRvFVaNXJHX2vZkI9cVvx6fv4L24+zEZh+xcF\\/uBpl\\/B7Ike+tG+zLApx4dXRvpJSAd+wPia4uDcwXdxJKI0SSPvGLso3MH9puZHNOWagmnk63r69+SY5ZWOMnlBECVQeWVUDl4kmtvsPuDBrQgfkZI5oCPDco7zB\\/5RFTbXuxCNpDLp900BJJ2OCyrnwVlIYD0OaYEl4o7ONLuZlubn8kV2BgsgjRo4wFVCrclXAA9nBqXWN7DIMQSxuF5YjdXwB4eyTiqWh7BpmbM1+nqVidz82YVDePeG20W+iS2uXLd0sokH5Nwd7KRgHp7P1oAde36y2at3gGO9gjfPmV3R\\/ci1aXYfp\\/daPE2MGZ5JT+9sX6IKrztmke4sdKv5B7csGHPhuZI3+8sfjVmdjV33ui22eqd5H+5I2PoRQAwfhDWO\\/T4ZvGKcD9mRGB+qrUn7LbvvdGs28ou7\\/wCUzR\\/4a1u2eENolznw7th71lT\\/ADNafYXch9GjUdY5ZUPxfvP8dMTLAFFFLQIM0ma0ru+VQQcj1wT9wppXUQT\\/AKwuc8gV\\/wDvNJywWKDaJEGpabomYD2iCfQEfea9RP50bkLazczRWp+MUUbkG1noBS4r0xRipETCshS4pQKAErICgUUARDtUsLufTZYrIoMgmUPnc0KgsypyI3EgfL1rnXgXSobvUILW5ZljlYqShAbO0lACQQMsAPjXW8iBlKnoQQfcRg1x5C7Wd6G\\/Ot7gH1zDJ\\/8AmosZ1Jw3wdY2HO0gVGIwZCS8hHiN7HIHoMCn\\/NYxuGUMvRgCPcRkVligQlR3tEs++0q8jxk9w7AesY3j6rS6xxxptrkT3kW5eqI3euD5bY8kH30w2Xajpt5IbJDKplBiRpI8I7OCoGQSR18cdaYFNdkund\\/rNqpGQjGY+ndKXU\\/vBa6lxnka5n7Erru9ahQjHeJLEc9Qe7Zx7uaAV0xSGUJ2Sr+K8Q3NoOS\\/6TEB\\/wAOTcv0X61G+L37\\/iOVZOYN6kRz+grrHj5CpXHIsPGh5cnl2\\/tTWwP95vrUY7WbR7XXJpAMb3S4jPnnBJ\\/eVh8KQHTpHhXKXao+dZvT\\/bEfJQP4V1BoupR3VvFcxMCkqBwfeOYPkQcgjzFclcV3onv7qdTlZLiV1PXKtIxXB8sYpgdHcJ2Yl4cihHMPZOvxZG\\/iaqHsFu9msKpP85DKnxAEg\\/uVavYde97o0ak5MUkkR927eB8nqmeEiLXiKJOgS9aH4NI0OPrQBvXf+g8UkjkBfBv2J2BP\\/TIa6WkYKCWIAHUk4HvJNUt2y8BXk14NQsYjICi71THeK8fIMF6sCAvTJyKmuoaZcaxo6xXAksZX2llb2ido6OvIhW67TgjAzQBJtZ1m3tITPcyrGgGckjn6KOrH0Fc7XRm4i1rMalYzhc\\/0Vsh+0x\\/SOScebYqSWXYZdO4F3ep3a+yNgd22DoFD4CfWra4U4UtdOh7m0TGcb3bnJIR4u3j15DoPAUCIb24aEX0qIW8bN+LyphUUsRGEZDyHgPZ5+lef4Pkj\\/wAnSxupGy4bbkEcmRCevqD86tE0lNAa2pWEVxC8E6B45BtZTnBHw5j3itHhnhu20+IwWaFEZzIQWLEsQB1PooHwp3opgIaxl6cqWjFIBhuLhuY9kep6\\/LFeUU7\\/ANIn7hz99P0lsD4VpX1soXOB\\/wCag4lqs8sGiZiOrE\\/T6V5\\/jYFY2miN3hkZm9o8+fy5dFFPEenIPzc+\\/nVWyUvYslZBe40\\/jw8qKfPxVP0R8hRT7mXqQ75ehsYpa1hfx7tueeM9D0zjrXp+MLVkLoTWYvKKnFo9aMVj3q4zkUy6pcymRDbsCvMMo+1nlhh5jqD5USsUVknCDk8D5SVjG4PIkbsDKjwNIkQDMwHNiM8zzwMD3cqmmQZnXKvatpncaxdLjAeTvl9RMBISPixHwroPtCm1FbT\\/ANJTdMWG4+wWVMcyivyZif41UsfZPq18r3V7MqTNjas7F3b0ZlyIxjoOfuFJiFTtpnis4Le3t17yOJI2mlbcCyjaSI1x5DmT8Kg+t8W398224uJJAeQjX2U9wjTANXV2fdlMEFuTqlvFLOzN1LOqpyAGM7d3U5AzzFTvReHLO0GLW2ii9VQbj73OWPzoA5x4d7LNTu8Hue4Q\\/nz5j5eiY3n5Vb3BXZLaWTpPMxuJ0IZSw2xow6FU8SPMk+4VYtFPAzl6yiez4lRSpG3UNoyCMxvOUyPMFWrqDbWDwqxBZQSDkEgEgjoQT0NelLAskW1DgKzmv49SYOs6Mjna+FdowAhYemB0xnFYdoXA0OqQBGPdzR5MUuM4z1Vh4ocD3dffLMVqXuqQQjM00cf67qv3mhjSb4KDHDPEmnxPZ229oZCSTAUdDuGG2lgHjz49K0NV7M5rPSJb689mYPEFiBB2Iz7WLkctxLDkOmPXldd52jabH\\/vG\\/wD4aO\\/1AxUP4z7R7S6s57OOGU97GUDsFUBuqtjJPIgGoOyC8zTDRaifEGav4N9\\/mK8t\\/wBF45R+2rI39xfnUyl7MrA6gNRCuJBJ3pQN+TaXduEhB5g554BxVL8DaxLpcsk0G1zJH3ZVwdv2gwb2SDkYPzqTXHanqLdDCn6kX\\/zLVX4iCNUeyNTLyS+5e9Fc6z8fak32rxx+qI0\\/uqK1hrmozfZuLqT9R5T\\/AHKj4leSLf4LYvmmkdJ0hPrXOsWkatLzEV42fFjKP7xrbi4H1dusMg\\/WmUf46ffy+lkX2XWvmuj+\\/uX9uFFUZH2casf0R75\\/8s1vadwPrUMiyRSqrA5BM7MvxUggj0wakrpfSVy0FKXS6JctBqK8NW+rrNnUJrd4tp5IPbDeBBCr9alJq+MsowWQ2PGU\\/wABBS0UUysKxZc0pNKKAEC0UtJQAUUUUhYIk+sLGdpGSQDn5j\\/v315txBjnyx608DQIcglQSOhPM0kvDkDfm49VODXH03Z91VUYbuDc9RW3wMWkXNxflmG+KAdJcBQ5zzCZ5kdfaxituE29qpeEluoaVmznzVB4knHMfWvQ8MSrGYY7lhEWLbCM4B6qCMez449TThY6BFHgkbyvQt4H0HQVqjRJcL7kZXR9enoLoMUgQyS5DOd2D4L+aPl99OwpAKyxW2McLBmlLc8iGjNLisTUiJlmivOcNsOwgNg7SwJUNjlkDqM1Tmp6jxCJXiPfZ3dYYgUI8Nj7fs\\/Gq7J7fI06fTO\\/KUkserLnLY5k4pl1Pi+wgyJbqLI6qrd4\\/wC6mTVJ6rY35\\/1+42Z8Li4yT\\/7alm+lN9lpJlbbbJNcH+yiITP6xyce8CqHqJeSOnX2TXjM7Ont+paWpdrlsmRbwySnwLYjX65b6VF7\\/tVv5OUCRxD0UyN825fSsNN7Mb6XBdYoF\\/rsXf8AdXI+oqVaf2SW64NxcSynxCARL\\/E\\/Wo\\/zpexb\\/TaP7n+f\\/CstR4kvpv566lI8u82L+6mBTdaWMsp\\/JRPKf6iM5z8Aa6F03grT4MGO1jJH5zjvG+b5p4upkgieUjakaM7bRjCopJx8BT8O38zE+2a4dKq\\/9f4KDsuz7UpelsUB8ZWVPpnd9KkNl2QXLfz1xEnoqs5+Z2injs57UG1O7e1e2Cey8iur5wikABwRzPtDmPHwqyXcKCx5ADJ9w5mprTQMs+2NTLjC+36nLvBwW51SGznUiN5GRtpw3JWxg+HMCr7s+zrTI\\/8Adg5\\/tHd\\/oTiqI7KYjPr0DqOXeSzH0AV2+8gfGuoKsVUPQx2a3UT5mxus+H7SL+atYE9ViQH54pxAx05e7lRmirEkjO5Sly8hRmikpkWYyShcbjjNZ1q6hFuXIHMcx76wsLnK+0cEVHdh4ZLblZRu0V5fjCfpD516A000yOGuRaKKKYGNFZViaACiiigAooooAxopKKBC0tY0tLAIyorGimMUmjNJRQBkKbeINIF3A0BlkiyQQ8TFWBHu6j0NOFFDSY4ycXlER0js3sITudDO\\/wClM24E+ewYU\\/EGpZDCqLtRVUDoFAA+QrKjNRUEuCVl1lnWbyZUoNYVlUisWtTWbPvraaD+likj+LoVH31tUopDOYeyTVBY6wguPYDb7d93LYzHA3eXtqBVydr3FkdlYSwq4\\/GJ0MSID7QVxh5CBzACk4PnitXjzspt9Qka5hkME7faON0bn9Jl6hvUfI1EtE7C5e9DX90hjzkrDuZ39NzAbc+fOkM9vweOHWBm1F1OCvcRHz5gysPdhVz+tV2GvDTrKOCJIYUCRooVVHQAVsU0IMUlKaSmAUlLSUCZjKfZJ9KiouHViCfHI9QeY\\/79KlhHKozq+nSBiy818B4j09az6hSayi+iSzhiCTnk086PPuQr4qfoajNswHL76crW4KEsvXHwNZqrdsupfZXlEjpDWjZ6mj8j7LeR6fA1u5rfGSksoxuLXIUUUVIQUUUUAFFFFAGNFLQaBCUlLSUAgpaStXUb5IV3OcDIGfLcQo+pFDeCSTbwjbpa1O99a9YrlTyzzqKmmPa0e2KSjNFSIhRS4oAoAKUUuKWgDHFGK1L7VYYQxkfGwFn2hnKqBklggJUY55NbcbhgGUgggEEdCDzBFACijFGawuJ1RGd2CqoJLE4AA6kk9KAPSitXTdQjuIlmhYMjjKsPHBIP1BrZoAWijFFABSUtJQDAUEUtFAjQvdORx0wfMdaZLmykTpzFSmsZIwetU2UxkiyNsokEkvcciK37HWJF6HcPJq39X0cN7SjnUde2ZTWCcLKXk2RlCxYZLbTWY25NlT69PnTiGzzqCRTY604Wt8yfYbl5HpVter+ohPTfSSylphPE8KuiTfky5IDHGzcOeM+HvPKnwHyrdGaksozShKPKMqKTNJUiAtJRRQIKXFJTVqnEdtbtskk9v9Bfab3kDp8alCEpvEVkjKcYrMngdsU2a1aLIjRyfZkUofQnp8a8bLii2kOA+0\\/1xgfPpTrIFkUjIYHywRStqlHpJYHVfCTzB5\\/AaLIkDY2cjlk+OK2Yhgg+orVaN45AvVD4\\/nA+APmK28jzrIltfU1t7llDjijFJE+QCDmsq1IzBWQFYZqpNT7XVlkaC0tJp5O8ZEiJKKQvLfJtyxyc+xyAHU+SbAs+71aKPP25CucrDG8pGOZB2AhT6HFVtqPbJbl2WKGZxtAiRcLJNIWIIbaSYkGBy+027oAObXZT6nqkIa4nNrbkkCO3XDOAdpWJFP2cgjcxPoAKmPCPANpbQgGBWkbJZpAHfBbcoLdMgY5jAyM0gKvl1y7u51k1KeSxto3BSCOCcKccyAir7XLILMfE1dXAdxC9jG1q5aDMgi3BlKxiRgkftAHCjCg+QHWnK10yJPsooPicZJ95PM1uquOlNIAqN9oUu3Tp8jIKhf3mC5+tSWm3iKx7+1liAyWjYD3lTj64olwSi8NFW6LrtzbxrDC6op3PHlQQWJyyHyHPcMeZraTi6+UqTIWVSdw2qCDnOH5e0vUZHv8AdHbJ9u+C4jYMhyAwAZWHv+NbEt2SBk4GMcuWfeawOc0dJQrfkXVpOopcQrNH0YdPEHxU+orbqHdmd2GgkT9Fgfgwx\\/hqZ1thLMUznWR2yaMa1dT1CO3iaaU4VRk45knoAB4knAqGdrXGcmnwxx22BNPuw5GdiJjcwHi2WAGeXU+FUxBx5qaSd5+NyP5pJh42HkUxjHuxTbEsZWTo3h3XBdxtIqFQrbc5BB5AnBHXGcH1FO1RjgvV457KCaKMRpIhOxfso4YrIo8xuzj31JFaiOcdQtcXJ7FhGdLSClqRBCFc03X2nhuY605UhqMoqSwySbTyiH3VkQeYxWi67TU2uLYOOdQvjO4FnD3jIzZJVdoyN2CRu8hy61zr9K49Y8G2i7e1HzIFxffGSbu1PKNSP2m607cL8YzWoEbflIhgbCea5\\/Rbw93SoPFdb2LE5JJZvia3opPu8M8zUYNw4PR9xCVahNZRdKcbWRAJkIyOmxuXpyoqme6Y895+lFX+JmZf4Rp\\/V\\/mdD0UUVuPLkd4s4lFqm1BulYHaPAY8TVPyXZeV2YkljuJPXJ60UV6nsymEKFYl1ZwdZOU7nB8InGkcCtJEJLmV4ywyI48AgHpvYg8\\/QYx61tcF6FJYXzRCTvIpFbm+NxC4K9OpUlhnyceVJRXmrNTZdc97zz08juw09dNXwLHBObyPIphJzlSTlTg\\/wPuxRRWHVLomatO+uB20d8Ls8unuNOVFFXUv4EV2r4mJioVxZwsFgnk022UXc2U3o3dH8q2JHc5AYAZODnn0ooqbKyR6Fo0dtbxQooGyNEyOp2KBnPwz8acwKKKAFFLRRTAKKKKAGHiPhWC7GXBWQfZkXkw9D+kPQ1UHE2lTWk\\/cyc0Iyj4IDDx+I8qKKpsSaLqZtSSN\\/gnXvxSYbidjECTy2+Bx6E5zV2xuCAQeR50UVCjhos1S6pkB7W+DZL+GKW2AM0O72Mgb0bBIBPLcCoPP1qoLDs\\/1KaURC0kTngvIpRF9Sx6\\/CiirjOi89G0tbS3hsojuEKYZsY3SMd0h+ZPzqQ255UUU0RZsKayooqQgooooGYmsHjBGDRRQwIPxP2eQXDGWMmKQjqgGwnwLJ4\\/DBqrNR064tJWSeNwFJAk2sI3HgVbpz+dFFZrqo4ydbs7VWb9jeUaJlTqeZ8TuPM0tFFY8Hdyz\\/9k=\\"><\\/p><p class=\\"ql-align-center\\"><br><\\/p><p class=\\"ql-align-center\\"><br><\\/p><p><strong>kamus inggris-indonesia :<\\/strong><\\/p><ol><li><a href=\\"translate.google.com\\" target=\\"_blank\\">google translate<\\/a><\\/li><li><img src=\\"data:image\\/jpeg;base64,\\/9j\\/4AAQSkZJRgABAQAAAQABAAD\\/2wCEAAkGBxIQEhUSDxAVFRIVGBcVFxUXFRUXFRURFhMWFhYVFRUZHikgGB0mGxcVIjIhJSkrLi4wFx8zODYsQygtLisBCgoKDg0OGxAQGy8lICUtLS4tLS8tLS0tLS0tLS0tLS8tLS0tLS0tLS0tLS0tLS0tLS0tLS0tLS0tLS0tLS0tLf\\/AABEIAOEA4QMBEQACEQEDEQH\\/xAAcAAEAAQUBAQAAAAAAAAAAAAAABQECAwQGCAf\\/xABJEAACAQIDBAMLCAgFBAMAAAABAgMAEQQSIQUGEzEiQVEHFCMyNGFxc4GRsxY1U3KTobLSFRczQlJigrEkQ1TD8CVFksFjg+H\\/xAAbAQEAAwEBAQEAAAAAAAAAAAAAAQIDBQQGB\\/\\/EADwRAAIBAgIGBwYEBwADAQAAAAABAgMRBBIFEyExQVEUFjJSYZGhBhUiM3GBNGLB0UJTgqKx4fAkQ3I1\\/9oADAMBAAIRAxEAPwD7jQCgFAKAit6fI8T6ib4TVMe0irPKy12EZWK1IFCBQkUIFCRQCpFhQWFQARUElKAqBQgVIFSLCo2AUBSlgekO5X814X6r\\/Gkrk1+2zWJ11ZlhQCgFAKAUAoBQCgNLa2HEsUkbXyujobc8rIVNvfWGJqunSlOO9K4Su7HzRe5dgO2f7Rfy18f1vx\\/5fI9DwsDG3c32aGymSUNyy8ZM1zy0y3rRe1Wk2rqKt\\/8ALI6NTEvc22anjySrflmmQX961MPanSc+zFP7Mno9PmZB3MMAeuf7Vfy1nL2ux62bPIdGgP1XYDtn+0X8lR1wx\\/h5Do0Cv6r8B2z\\/AGi\\/lp1wx\\/5fIdGgU\\/VdgO2f7Rfy064Y\\/wDL5DosAO5dgO2f7Rfy064Y\\/wDL5DosB+q7Ads\\/2i\\/kp1wx\\/wCXyHRYD9V2A7Z\\/tF\\/LTrhj\\/wAvkOiwH6r8B2z\\/AGi\\/lqOuGP8Ay+RHRYFf1XYDtn+0X8tOuGP\\/AC+RbokB+q\\/Ads\\/2i\\/lqeuGP\\/L5DosCn6rsB2z\\/aL+SnXDH\\/AJfIdFgD3LsB2z\\/aL+SnXDH\\/AJfIjosDV2l3PNnwRPKwxDBR4okS7EkBVF1tqSBrpW+G9qNIV6qprKr+BDw1NK5zc+wsFHPwJcLiFbMqk8dmAzkWOYYfKefbbTnXZjpTGSp6yFSLW3+Hl\\/UY6qN9x1x7l2A7Z\\/tF\\/LXz79r8f+XyN+iwPoO6+zUwuGjgizZEuFzG7WLltTYdZNfUaOxc8XQjWqb2YSioysiXr3kCgFAKAUAoBQCgFAYMV4p9B\\/tXjx\\/4ap9GF2kQi1+VHRPie8zqu8sbMQFWTDkk8gBGpJNfoOj4SnonLHe4s8c3aoXbNgO8O1nncE4LDkWU8jGGORLdrm7HzXHZWdWcdD6PVOPbl\\/l739iUtZO53u++\\/mH2XlRkMkzDMIlIXKnIM7fujSw0PKvn9GaFq4+9Ru0efNmtSoo7Ec1D3asOY7vhJBJexRXUjLbxg5A91q6UvZOWbZU2fQr0hcif3n7osGz5Yo5oZCJYkmzKV6KuWFiDzIy14MHoCWKhKUZr4W1u5FpVcvAhdk92TCyOwngeFACVfMHvYXClQBYnq5i9eyt7K1IwTpzTfFbiuvXFGTYHdegxOIWGTDtEsjBEkzhukxsucWGW5tyJ51GJ9l506LnCd2t6t\\/giNe7s0dDDvrG20m2aIXEi38JdcukYflz67Vzp6HccCsXm2Ph6GiqfFlE++0abSGzTC\\/Ea3hLrl1j4nLnyFqQ0O5YJ4vMrcvuHU+LKc7tnuuQwzPHBhXnSI5XlDBRcHKSoynS+gJIvXRw3sxKpSU6k8re5bykq+3YjutgbZixuHTEwXyODYHRlINmVh2ggivn8bg54Ss6U96NozzK5I14y4oAKEGptTBieJ4ixUOpUkBGNjz6LgqfaDXpwtfUVVUte3\\/cCsldWOcwu46x5bYycgMGIKwHOQdAx4d7W00IrsT9oJyTWrirq2y\\/7mWp8Tra+fNyX2f4i+3+9fpOgvwUPueGr2zbrsFBQCgFAKAUAoBQCgMGL8U+g\\/wBq8eO\\/D1Powu0iEWvyo6J8H3\\/2aMVt7vcsVEphTMOrNEovX6LomqqWjI1HuSb9WeKorzsS3cj2wcDiZtl4pQjs5ym3+eujKT1hgAV9HnFeL2gwnSqEcXS22Xo\\/2LUZZXZmvtdol3mvj7cLMmUvbID3uvDJvpbP7L1th1N6GSw\\/as9312h21m0r3dpsKzYfhFDiAGzlCp8FplDkee9r+eo9nI4mMJ629tlritlvsLO6LEr7U2YjgFWiwikHkVM7Ag+yraJk44TENcJT\\/wACptcTZ7r+Dj\\/SWBGRbOEVxYAMony2I69DastAV6ksFUlJu6b\\/AMCqkpIu7tMCJjMAyIFJ0JAAuFlTKNOy5qvs5WnUw1XO77f0JrJJqxbDiUi3pkMjBQSVBJsMzYYW1PbVpU5VNCJQV3b9WL2q7S2bFpLvSjRuHUHLdTcZlwrBgCOdjceykaU6ehHGSs7fqVbTqXNXE7JlwLYrFbFx2HxGGAzzw5o5CIrkgSIbhwOlroa9VOvHExhRxdOUZcHu2800Q1lbaZ9H7nO3BjsEsohSJg7IyRrljzgAllHVcEV8ppzCvDYnK5OV1dX3nopSzROpFcU2QoLihBS1AhahNgaIhkvs\\/wARfb\\/ev0rQX4KH3PDV7Zt12CgoBQCgFAKAUAoBQGDF+K3oP9q8eO\\/Dz\\/8AlhdpEIK\\/KjonK43cWCbHrtBpZRKrIwQZMl4wAByv1dtdylpudPCdGUVazV\\/qYums2Yxbz9z3DY\\/EDFNLLFMAvSiKC7Iei5uD0hoL+YVOA07UwtHU5VJePISpKTuZN7tw8PtMIZmZZ0GUTKFzMvY62sRe56rXNVwGnKuDk1FJxbvbl9BOkpHPx9xjB5MrYicve5cZBpa2ULYgdtdF+1dXNsgrFdQuZ0O2dxYMVicPiXllD4ZYlUDJlYROXXNcX1J1tXPw2nJ0aNSkoL4235lnSTadzLvLuZDj54MRLLIrQWyhcuU2fPrcE86zwGl5YSjKjGKeYmcFJ3Y3r3Mh2lJDJNLIhgvlCZbG7K2twf4aaO0vLBU5QjFPMJ01J3NHfLuc4faUgnaR4pbBWZQpDgcsynrHK9630dp6pg4atxUlw8CJ0lJ3MOwe5fhcFiIsTFLMXi6iUysxUqSRa40Y6DzVfFe0dXEUZUnBK5EaNne5p7Z7kWEnmeWOaWESEs0ahWW5NzlJ5C+ttbVvh\\/aerTpKEoKTStciVFN3udrsDYsWBgTD4cERpfmbszHUsx6yTXBxuNni6rqzNYRUVYka8ZdA0J2CgFAKAoaIhkvs\\/wARfb\\/ev0rQX4KH3PBV7Zt12CooBQCgFAKAUAoBQGptOXJFI9rhVZrdtlJrDE03UpSguKaKynk+LkfPxvrH9A\\/vWvi+rVXvr1PJ7\\/h3H5o1\\/wBYWGz8PL4Tlkzpmvz5XqerNbvryZq9L\\/Bn1crGz8tY\\/oH961HVmt316mXv6Hcfminy1j+gf3rTqzW769R7+h3H5ofLWP6B\\/etOrNbvr1Hv6Hcfmh8tY\\/oH9606s1u+vUe\\/odx+aHy1j+gf3rTqzW769R7+h3H5ofLWP6B\\/etOrNbvr1Hv2Hcfmh8tY\\/oH9606tVf5i9R7+p91+aMJ7oGHz8PIeJ\\/BnTNyvy9FOrNa1869TT3z8GfVytzM3y0j+gf3rTq1W769TP39DuPzQ+Wsf0D+9adWqv8xeo9\\/Q7r80PlrH9A\\/vWnVmt316k+\\/odx+aHy1j+gf3rTq1V\\/mL1I9\\/U+6\\/MfLWP6B\\/etOrVX+YvUe\\/6fdfmPlpH9A\\/vWnVqr\\/MXqPf1PuvzHy1j+gf3rTq1V\\/mL1Hv6n3X5j5ax\\/Qv71p1aq99eo9\\/Q7j80dtu7jBPBHKAQGvoeYsxH\\/qvq9HYZ4bDxpN3seqFZVlrFxJWugXFAKAUAoBQCgFAKAj9veTzerk\\/AarIxr9iX0PiArzM+RZxI+dv6\\/8Aarf+E+gk\\/wDwPsb2M3tZJZIlw+ZlYqtmJuQbXIA7OyqKF1cwp6Mi4KTkbe7u8XfTGN48jgE6E2IBsdDyIvSULbjHGYDUxU4u6NPaG9pEhjw8PEy8zqb252A6vPUqGzabUtGJwzVJWMuyN6e+Jli4OXNe5zXsQhJ0t2iocLK5Svo5Uqbnm9C3am9eSQxYeLiFTYnXUjmFA1Nu2pUOLJoaNzQz1JWGzt7eNMkXAy5jlJzcj12FqOFlcmro1QpuebcY8dveY5JIxBdlYqpzHUg21FqKndFoaMjKKk5by9sRF+kFUw+E0PEztp4K\\/icuWlRZ5Bkn0N\\/Fs5W8SzE72vmfgYfPGh6THNyva+nig+2pUEIaMgorPLazodm40TxrIoIDdR5gjQis2rOxzK9F0ZuLNq1DIWoBSwsKWFhQA1DDPr243kUP9X42r0R3H02C+TE6CrnsFAKAUAoBQCgFAKAj9veTz+rk\\/AarIxrdiX0PiArzM+RZxP8A3b+v\\/ard9g+gl+A+xm2AP+o4jzcT4gqr2QRljW+hRt4FMCv\\/AFKcLzKyW9JUf+6l9lGtR\\/8AiRb8DFuTjYoeIszBHJHSY20FwVv1G\\/VSom9w0lRqVVFw2ot2bMkm088XiEvY8rnhEE+03NHsiXqRlDB5Z71b\\/I3RxccE0yzsEc6Bm05McwueXV7qTTa2FNIUp1aUXT2lO+Y5dpo0ViuZRccmYLYkUs1AnJOGCcZ77GzsFQdoz6cuIR5jxFFRLsopjW1g428BN87D\\/n+SaLsEQv0D\\/uZqzwrGZJsBiwMurRm6m1+Qvo3otUrbsaN4SlNRp14b+J0+7e0GxEAdwM1yptoDbrtWclaRycdQVGpaO4lag8ZSgFAKArQFDUMhn17cbyKH+r8bV6I7j6fA\\/JidBVz2CgFAKAUAoBQCgFAR+3vJ5vVyfgNVkY1\\/ly+h8QFebefJEf8AoWHj98WPEve+Y2va3L0VfM7WPX0ypqtVwLsLsiKOVplBzve5zEjpG509IpfZYrUxNSpSVOW5FYtkxLM06g8Rr3OY21HZ7KZuBMsVOcFSfZOOx2Kwskzd9YeSFwekY2vmYdqkdfaK0Sdth2qVOtCmtVLMvEzbrQCTGGWGMrCgNr9V0ygE9ZN71EnZbSmOnkw+Wb+Jlm1sVh3nYYrDvEwJBeNrlrciVItqOupSdtjJw9OrGktVJP6opsCBZsYr4eMrDHrc89FOrHtJ6qS2RsycXNwwzU3eTOuwuyIo5WmQHO97kkkdIgnT0ism3axxqmLqVKapvcDsmIz98WPF7cxt4uXl6KXdrDpVTVargaWM3Vw8rlyGUk3IU2BJ56EaeyrKbRvT0lWhBR3kvhcMkSBI1yqOQ\\/5zqj2u54qlSVSTlJmUUKCgFAKAUANQ95DPr243kUP9X42r0R3H0+B+TE6CrnsFAKAUAoBQCgFAKAj9u+Tzerk\\/AarIzqQlNOEd7PifCbs++sMrOb1a0h3PVFeE3Z99TlY6taQ7n9xThN2ffTKx1b0h3P7ivCbs++mVjq1pDuepgxGzkktxIka38QU\\/3qLSNI6A0pDZFW\\/qMseHyiyqAB1CwHuqcrKS9nNJSd5Rv\\/UY8Rs9ZP2kSvb+IA\\/3pZloez+k4dmNv6i+LC5BlRAoHULAe6mVkS9ntJSd5Rv\\/AFF\\/Cbs++mVlerWkO56jhN2ffTKx1a0j3PUcJuz76ZWOrWkO56jhN2ffTKx1b0h3P7inCbsplY6t6R7n9yHCbs++mVjq1pHuf3IcJuz76ZWOrekO5\\/cOE3Z99MrHVrSHc9Rwm7KZWOrWke56jhN2ffUZWQ\\/ZrSHc9T65uOLYKH0N8Rq3ith0aOHnQgqdTet50FWNhQCgFAKAUAoBQCgNDbX7Cb1cn4DUF6PzY\\/U+PLVWfcWujmvlHJ393pw0yZsubXNbJm7bUscrp0+l6iytc6U1B1LrmUBvyoE01dMFgOdA2lvdjn\\/lA\\/f\\/AHpkXJ\\/Frm\\/ZZ+21TY5nTZdLVGyt\\/q50BYDnSx05NLeyoNQE01sBNudA3FcQD2ULKSaumGYDmaFZSinZsUJRQML2vr2ddCuaN7XIrF47EriEjjw+aFsuaSx6Nyb9dtBUniq160a6pxjeLttJYkDU++oPc2ltbAoSpLmVtU2LA1D3kPej6juX5HF6G+I1XPjcf+JkT1SeUUAoBQCgFAKAUAoDQ21+wm9XJ+A1Bej82P1PjyVVn3P8JwH\\/AHn\\/AOz\\/AGqngfOL\\/wDS+\\/6GqmAfFY7EQiUoueQtzPREnK19dSKjgYxozr4mVNSstpubpl8LjJsOzlkVXJ7LpYhgOo2vUmuAlKhiJU29iT9DT2Zs6XaskkssuVVOmmaxNyFUXFgBQzoYepjpynKVkjJsXBPBtNI5WzFc3S11XgtlOvmt7qEUKUqONUZ8P2EeHl2riJM0uWJOQ5gLchQFvzNiSaF1TqY\\/ESu7JG1u\\/JLgsaMI75o3sBztqt1YDq7CKM0wrqYXE6hu6ZG7L2U+Mnnj4xRFZmbmb9MhRa\\/nNDz0cNPE1pwUrK7\\/AMm9ujjWw0mJic5kiR3trbNG1tB1XvQ20fVlRlUg9tk\\/QioZIcUXlx2LZHJ6ICM4A9gsB5vNQ8cZQrNzrTafDZclNgbXmMGIhjcu6IWibXNluA1r68jcDnQ9eDxNR0alOLu0rr9SL2Nh4pMrd+GHE5jq4OU9hDjr7b0Z5cPCM3fWZZ34k7tlm\\/SeGBPVFe2gJzNfSo4HvxDaxsFfkauMjl2njHiEmWKMsO0AKct8vWSancZVIzxuJlBOyX6GltPZsmExEMTSl0LKUOo0Li4y301\\/vRbTCvQqYetGDlfl5n1A0PrSjCoZV7z6juX5HD6G+I1WPjsf+JkT1SeUUAoBQCgFAKAUAoDQ21+wm9XJ+A1Bej82P1Pjy8qqz7g4jvGX9LcThPw898+U5bcK183LnS+w4Oqn7wzWdr\\/oZt38FKu0cQ7RuEPEsxUhTeQEWPI6VD3F8HTnHFzk1s2lcBgZP0nM7ROI2DjMVOUgqBo3Kp4FaVGTx0m1s2kXhlxmzJHSOEyRtyOVmVgPFYFeRt1VJ5oPEYGo4xV0zNsTD4ptoJPiIXGbMSchCqDEwUX6uoWqLlsPGtPFqpUW8tkw+K2biHeCIyRScuiWBF7gHLqpFzUkyjiMFWcoK6Zt7ubOxGIxXfmKQoF1UEFbm2VQqnUADrqGa4OjVrV+kVVsMu5uDkjxGJaSN1DXsWUgHwhOhPOjZfRlOcK83JWMOxNlucZi+LG6xyLMuYqQCGkFrE6HTWoe4phqEniaikrJ39SOhhmwJeKTApOCSUcx5vNcMAdP5aneeaMKuFbhKmpcthP7EweKWGSXhQxzsPBoIUQ2Gtny258rHlQ6GFp11SlPKlLgrHNbSGIxeVGwOWfMc0ioVzDXRtLe0nqqTlVtbXai6dpc0rExjNmyjHYU5HZUSFWcKSt1ve55VHA906M1iqex7Etpr7SwmJwOLfEYeMvHISdFLDpG7KwGo11Bqd5lXhWwuIdSmtjNLGpjMVPFNLh3C5lCgI1lUOL+j0mmxGM+kYirGpKL3o+mGh9WUaoZD3o+pbl+RxehvxtVj43H\\/iZE7UnlFAKAUAoBQCgFAKA0NtfsJvVyfgNQy9H5sfqfHRyqp9tmXMrQlSXMUsMy5iliLrmKE5lzFBmT4lKC65laC65lKWF1zK0GZcxQZlzFLEZo3vcUJuhSwzLmKEZlzRShOZcy4Gl2M8eYJqN4zJ8T6juX5HF6G+I1XPj8f+IkT1SeUUAoBQCgFAKAUAoCJ3p8jxPqJvhNUx7SKs8rqxtzPvrr2RTWT5vzN5NlYhkikWJ2WZnSPKCxdo\\/HAUa6a9X7rdhqrcL2LKpLm\\/Muw2yMRJxsqEHDgGUMcjJckAZWsSbg6DWocoK3iTrJc35lG2NiwWU4afMqhmHCkuqG9mYW0Gjf+J7DTNAjPLmzNLu\\/i1YKYXNyBcdJQS+QZmGi9LrJ6jTPTsTrJc2Y22RiRK8LROJY0aRkNw3DXmwB8bzWvfqqc0LXIzy5sui2Di2Zk73mDIpdsyOoVArNdi1gNFb02qHOC2jPLmywbHxX+mn8XOfBSaRm\\/SOnLQ+6pzQ8BnlzZZ+i8Ta\\/Amtl4l8j24f8d7cvPTNDwGeXNjF7NxEKs8sUiorFC5VsmdWykZ+XjAj2VN4vYhnlzZt4zdzFxePGTpfoOrkHodEhCSG8JH0Tr0hVY1KbDnPm\\/MsbYOLCO7QSKqEhswKkERmQ9E6noi9M8L2GeXN+Zhk2RilzZsPOMih3vHIMqEEhm00Gja\\/ynsNTmgQ5y5subYuLBscNiASAdY5BoSADy7SB6TameHgRmlzfmaUsbobOGUkBrNcHKwupseogg1ZZXuGefN+ZbmPaffU2XIZ5c35jMe0+80yrkM8ubBY9p95pZcgpy5s9Hdyr5rwv1X+NJXKrfMZdM66sywoBQCgFAKAUAoBQETvT5HivUTfCapj2kUZ5XTlXYMyZTefFCNYQ6cNFCoOFHdAEkQkNa9yJZLkn941m6MW7kplkW8WIV53DLmxIUS3QahfFt2VLpRaS5C5I4PfSdM5ljSVmzFCbKI5HM5ZwApuf8RLyI52vWcqEW1YXNcb4YzXwiG4trGp\\/fL6DlfMTVtREXMY3rxl78bTKUy5RksSSTl5ZtTrztU6mFrEXLjvbize7odGteJCULiQMyH90kSyC\\/Yah4eBOZlzb34wm\\/EQa5jaJAC+YszkAaszG5PXTUQFxJvjjGFmlVvBmLVFN1YAEkcsxAGvmFOjwFzW2lvHicRG8crIVc3YiNQ5tK8oXONcod3IH8xq0aMYu6Ivc2H3vxhbMJEU\\/yxRrdgYyHbTpN4GIXPUtuuqqhCxNzEu82JXNw2SMG+iRIoW6GPogDTQn21OpgLl029WLa93QDXRY0UAssysQB1nviYk9rX6hRUIC4xe9OJlXK7IFzBzkjVCZBKJS5K\\/vFwGJ7ahUILcLmhtbHvip5J5LZpGLEDkByVR5gAAPRWkIKKsiDVqwFAUagPR\\/cq+a8L9V\\/jSVya3zGao66sywoBQCgFAKAUAoBQETvT5HivUTfCapj2kUZ5WXlXZRkdTFuiGjziVgeFDLrH0fCxSSEFs2gHDyg9ZYCuFLTEozy5OMl5W\\/c11ewwbV3a4MbyCVmCB+aZQzJiVhKi5vyYNe1uyt8NpN1aig42v99lr\\/APIShZGaHdQSIXimYgRRS6x2vxCxyeNzVEdj7KynpedOWWUOLXlx+jJ1ae5mXae5nBWUifPw0LjKotlBm1cluiLRec3JHVVMPpp1JqLp2u7bb+H7h0rcSzBbocWOGTjFeKgaxTtZR0TfpAX15WuO2r1NLuFScMl7O3lzIVO9tplwe50crAR4ospkkjz8OwBjjViDdueZiv8ASTWU9M1aa+Kntstm3i2WVJcyxNymZY2SUniQvLrGVs65Akepv0mcDzWNS9OZXJOG5pfbmNV4l77l25Tk+DSU+D5Bg5NzmtpkHozC\\/VdHTjf8HFryY1VjnNq4PgTSQ5s2Q2zWtfQG9vbXYwtfX0VUatf9zKSs7GtW5AoBQCgFAKAUBRqA9H9yr5rwv1X+NJXJrfMZqjrqzLCgFAKAUAoBQCgFARO9PkeK9RN8JqmPaRRnlZeVdlGR1GG3cg4KTYnEuiNGJDaxsNbhRYk2LwjlzL9lcGePq6506VK7vZcP+2XNsitvMx3Sj0\\/xLC0TSEMY7luGJI1UX5MxcWOvgmI6qzjpWov\\/AF8Ulsfin5bPMnVrmF3VhPiyzGzMtgY73TDiV7G2UdJuGLkciddbRLSlZPbBevF2\\/wAbRkXM1tm7uRTGTw7lVnMKMlumiK8jPyI5KLagEt18q9GJ0hUpKLUNrjmfg72RVQT4mf5M4cNl75kYkqFKmMAB8QYhftsFdjY\\/u6c6y941mrunz4Pgr39S2RczLhd0IXyjvtlzC4LZMr51iMZWx5ZpQhJ61a1rVnU0tWV5aq\\/2d9jf7XRKprmcnOoDsEYlQxCk8yoY5SfuNd6klKmpSVm0YveWa9p9\\/VV9XHkRcrarJWQFSBQCgFAKAUAoCjUB6P7lXzXhfqv8aSuTW+YzSJ11ZlxQCgFAKAUAoBQCgInenyPFeom+E1THtIozysnKuyjMZfNULeBlFSwilh5qIFSB5qWTA0qQVCioADChDTQzUsyWioagKg0AoBQCgFAKAUBQ0B6P7lXzVhfQ\\/wAaSuTW+YzWJ11ZlhQCgFAKAUAoBQCgInenyPFeom+E1THtIozysvKuwjM7Fdl7MZIiMQgcrEz5p8uheHi3BtlexnGX+QGvmnjdJRlL4Ha7\\/h8Hb7bjZRp7Npqbx4DAJCpwkymUylSBLnAizTANoT1CLXzjtr06OxOOnUevj8KV93HZf9SKijbYdJh8Ts5BkZ8GSiRJOSFbiRLhXDLh2t0n42W5XWuJOlpCUlJKdm3l8HmVs3ha5t8KMkGP2WBHm73Nh4QXiJb\\/AAIUhdLjp6fXvWdSjpR5ks1+G\\/v32\\/b0CcP++hG4KfADa0zu8HenCsl8nDZikK9HqzeOfYa91eGPeiacYp63Nd89jb8mVjk1l3uIvf5MNJKZsHLh+HkROHGwz5+mCQii1rKtz\\/MO2vdoGeKhS1WJjLNd7Xy2PeZ1lFu6JzamLwZD97y4NZjhohCziIxKw\\/bqbLZZCLWzXPO1q5dCjjElrYzcc8syV7\\/l+xq5Re61zaxON2aWHBbCiXwuRn4ZiE5w0IjZrCwS4ca36V6xhR0ik86llur2ve2Z3t42t9i14bthr4mfAGaGSBsHkTEzF0d0S6PEgDqCpBUOHIuMvLtrWEMcqM4VFO7jGzW3am9n1a3lHkvdHD7ZCd8TcJw6cRsrqoUMuY2IUaAejTsr6zBZ+j086s7LYYTtfYalekqKAUAoBQCgKGhB6O7lXzVhfQ\\/xpK5Ff5jNonX1QsKAUAoBQCgFAKAUBE70+R4r1E3wmqY9pFGeVlOldgzOlbcnEZOIGjZeAMRcZ9BZDktbxrOD2aGuL1gwyk4yTTzZbee30NdVIyrue0eNXB4mRbtFJJmQ6AKsmW5Ycrpc6cjVJacjUwTxNJXtJRs\\/t+4VL4srN3H7jokeLkWRyMOYspsGDKY45Jm0GthJpa3Lrrx0vaKc6lKEoq81K\\/Dam1Fem0u6G\\/wMe0t04UGJ4Jldo4VmhF08JGQ+aW+UXAyjoaMNeelXpaaqt086ik5OMnt2Nbl\\/vcVdJbbEmvc4Tj8JpXCmGOQMco8MZckicuWot52HOvHP2onqdZGKbUpL7WumaKgr7TnNn7BikfHR5nL4fiCFAVBkyM4JZmFjYKDbS+tuVdfE6TqUqdCpZJTtd8rrkYxgm2uR0J7nsJnhjWZyjtJnIKlkjSCNxyXRs7j2EVyOs1VUZzcVdbvFttfdWRtqFc18FuLG0cZkkkWTi8OTRcmXvrvchTa4bkwvfrrar7Q1I1JKKTWW65r4b7fAhUEYI91cKJMkskyr3r31mAUghJHEqeLzyhCPSfNWktM4qUM1OMW8+S31Ss9\\/Mrq43+xxYIOo0HZ2eavqVuRgXUAoBQCgFAKAo1Aej+5X81YX0P8AGkrk1+2zVHXVmWFAKAUAoBQCgFAKAid6fI8V6ib4TVMe0ijPKy8q7CMzeG2MT\\/qZbBQgHEa2RQQFtfkAx089eR4DDPfBc93EvnlzLG2lOX4hmkMliocuxbK2bML3vY5m085q6wlFQcFFWvexGZ7y9tsYk88TKdCPHbkwCsOfWFUewVXoGGvfIvInO+Zc+28USxOKmJfKHJkbpBfFDa621qFgMKkkoLZu2c95GZlDtnE\\/6mXmW8dvGLh78+eYBvSKdAw176teQzy5mKPHzLxMszji34lmI4lySc9j0tSefaa0lhaM1FSivh3bNxF2ZG2xiTe+JlN736ba3Cg317FX\\/wARVOgYbuLyGaXMuk21imtmxMpytxBeRtJL3zjXnfrqI4DDLaoLarbuHItnlzLX2viSoU4iUqFZQC7WCPbMoF+RsLipWBw6d1BXvfcQ5NmkBXrKl1AKAUAoBQCgKNQHo\\/uV\\/NeF9D\\/GeuRX+YzWJ11ULCgFAKAUAoBQCgFARO9PkeK9RN8JqmPaRRnlZeVdgzJkNgCFzCZWGQEA6N0Bme5Bt0idP5R2mqfHfYCoGz+jdpl01Ave\\/tXny81r8uVR8YLIxgbXLyk2vlGlmvot8tj5z6LddTeYKwd4iM5zLn6WovpzyaWtbl29foqHnuTYyZdnAnpy2HK97nQ9QXly951FLzIMOI7xyNw2lL9PLfQDmUzC31QbHrNPjJsZI\\/0eB0jMSLG2vSGmhNtDbzdZ1OlPiuLERMyZm4ZOS5y355eq9aJbNpFy3OKkAvRbQA47aAuvQCgFAKAUBRqBHo\\/uVfNeF+q\\/xnrk1vmM1R11ZlhQCgFAKAUAoBQCgInenyPFeom+E1THtIozysvKuwZks223KBGjRugI7sLsQFVQbnloDy\\/iNVyA2E3ma6FsPExTLYka2UWAub2\\/\\/T26RqvEWKLvGej\\/AIaHo3PL94gi\\/o1Hn6I1qNXbiC2Teecwrh+jw0EYAsbExyZ7sL9K5AuDp7zTVK9xtN2bfFncs+Ega4I6QLN4qrqzXJtlv7ffXU+ILY97iCCcHhiQQb8MA6BhfQaHpXv5qanxLIxyb2SZ4pEw8KSRFmDgG7Fomj6XWbZr8\\/3RUqjwuVuXpvYQPJIMxy52y+Pa+a4\\/mJ5ctKh0PEm5jx28\\/FR0OEgXMjRghekoZmNwe0Fj2cl7NZVG3EOxnffN2AD4WBgFYAMCek9sza367m3n81RqNu8g1MfvEZo3jbCwKXCjOiBWGV81xYdeo9pqVSs73BCitgUNOIJh9jxKqZ55M7IkhCxKVHEQOBcyAmwYdVcmrpTJNxUd3idjC6Fq16SqqSSZixuy1hALtIAbWPDWxuL8w9r+bnWUdLyluh6\\/6J9yyf8A7Ea8cMJ\\/zJPs1\\/PVnpSa\\/g9f9FloOo\\/40YsbhxGQAxIKhgSLGxJFiLnsr34TE9Ig5NW22OZicO8PVdNu56J7lXzXhfqv8aSvHW+YykTrqzLCgFAKAUAoBQCgFARO9PkeK9RN8JqmPaRRnldOVdhGZWpAvQCgFAKAUAoBQCgFAKAqKAo1OIOtVcwAVFdjFhFUN2tCg0Nxbq1vXyOLaVaV+bPssBswlO7stpr4uR1zSGFxa2fI10IAsA6uHB0Gt+VZQSey5rPK42jI3t5YI+9MNMsMcbSFSciBfGjzW0HK9ebDOesqRk7pbjHCSetcbnMbT5p6sfievqNFfKf1f6HA0v8Aimeg+5V814X6r\\/Geq1vmM8MDrqzLigFAKAUAoBQCgFARO9PkeK9RN8JqmPaRRnlYcq7CMzpsJsvZzxqXxrJJkjLglLLI0TswUZbsA4RSBe1+Z6sXOpfYiUjbXYeyrgHaRAJsTxIuXDzX8XTpdHt82txXPV7osRrYHAK4BxMhQQu5ZShJnEgVI1GTS63Nj7xV1KdtwsZ8HsrZ7tKJMaY1WXIhLrdoQVGf9mc17ubgDLlFwbioc6itsFjJFsPZ37+0h+9oCtxZzlB6NtUK6jTMG9FHOpwQsXS7E2bey7Q6wLmSNhbMAxIVdLLr5726jUaypyFjVwey8AWdZcaVPGdUYFcjYdVDLIxK9Em9vSLWqznPghYyy7H2eQcmOAbIzAs6EF+GmRCFTQl2a+psEPXUaypyFjFj9k4JDeLHB140aWuCxwzZeJLouhDNa3YhNWU5cUTYzjYuzyQO\\/wAC2XMS6EM3EGcJZLABA9iSbkp7a6ypyIsjU2xsvCRxF8NjRK4ZAE0uylemwsP4iLDsDVMJzb2oWIMVsQDTiDqopLZD\\/wDHhja4F8sS8iSBevj8Wr1pfVn2WCTeDhysy\\/aGOLKQ0EnSBHRW4LSRCNyD6bkW7bVlThZ7yXSSV0yQ3mwkg2fhPBv0AmYZTdBwrdIfu+2vJhnfEVXffuM8I0qzZx21eaerH43r63RXyn9X\\/hHC0v8Aimeg+5V814X6r\\/Gkqlf5jPFE66sywoBQCgFAKAUAoBQETvT5HivUTfCapj2kUZ5WXlXYMzotnbWwUUaK+BMrqELMzJqyu7MNBfKwcr22ROdqxlCbd7kpmaPb+CVSFwF26XTcRMLmUyA5ctha5UW6gvULVGrnzF0Rm28dBNkMGH4JXPn8Wz5nzg2UC1rsPQF7K1hGUd7uQyMy1cC1AMtALUAtQC1ALUAy0BUUBQ04g6zARow6cZe0UBADBSAFTNzIvcaea96+VqWdWd+Z9hhakoYOnldt5fjcIArLBhpklCjXOPGsTm0k5EI\\/byqMi5CVWTs5zTV+RBSSYiNskskgNtRxCdCOuxt7KpKKXA9VBQkrpGHaw1j9WPxvXc0X8p\\/V\\/ofMaX\\/FM9B9yr5qwv1X+NJWdb5jPCjrqzLCgFAKAUAoBQCgFARO9PkeK9RN8JqmPaRRnlZeQrsozLr0BSlgVvQC9AL0AvQC9AL0AvQC9AL0AvQFCaA6nAOgUFgWBijAKuFIYKoN7MOsV8tVTjWldPefV4WvT6LCOdJrfc2jNHkBZJy1gGIn0J6zbicv+eaoT8H6\\/sVqVIPdOPkv2NSRcO7E8CY9haUMwW+gJMnUPNUS28H6k0a6hs1iITa4syAkXEYBsQbHM5tp5iPfXa0ZFqi7riziaTqRniXKLueg+5V81YX6r\\/GkrKt8xnliddWZYUAoBQCgFAKAUAoCJ3o8jxPqJvhNUx7SKM8tLyFdhGYqQKAUBWgKUAoCtAUoBQCgFAKAUBibnU8EV\\/iZZQznwLjRGr3GSPlUcSEekO5Z814b6r\\/Gkrk1vmM2gdbWZcUAoBQCgP\\/Z\\"><\\/li><li>lainnya<\\/li><\\/ol><p><br><\\/p><blockquote><em>Belajar bahasa inggris<\\/em><\\/blockquote><p><br><\\/p>"}');
INSERT INTO "materi" ("id", "user_id", "kode", "judul", "isi") VALUES (34, 36, NULL, E'materi 1', E'{"type":"file","ext":"docx","name":"361564570224_BAB IIIe.docx"}');
INSERT INTO "materi" ("id", "user_id", "kode", "judul", "isi") VALUES (35, 36, NULL, E'Testt', E'{"type":"file","ext":"pptx","name":"361564570375_Bab 12 - TCC - IaaS - Kubernetes Technology.pptx"}');
INSERT INTO "materi" ("id", "user_id", "kode", "judul", "isi") VALUES (36, 37, E'MAT1', E'Pengenalan', E'{"type":"text","isi":"<h1>PENGENALAN<\\/h1><p><br><\\/p>"}');
INSERT INTO "materi" ("id", "user_id", "kode", "judul", "isi") VALUES (37, 37, E'VID1', E'Materi Video', E'{"type":"video","ext":"mp4","name":"371564641062_React Hooks Make Using Context 10x Better.mp4","desc":"video react"}');
INSERT INTO "materi" ("id", "user_id", "kode", "judul", "isi") VALUES (38, 37, E'FILE1', E'Materi File', E'{"type":"file","ext":"docx","name":"371564641096_BAB IIIe.docx"}');


INSERT INTO "kuis" ("id", "user_id", "kode", "judul", "keterangan") VALUES (8, 20, E'WEB1', E'Web dasar', E'soal2 pengenalan web dasar');
INSERT INTO "kuis" ("id", "user_id", "kode", "judul", "keterangan") VALUES (9, 20, E'LTWEB1', E'Latihan soal web dasar', E'soal2 latihan');
INSERT INTO "kuis" ("id", "user_id", "kode", "judul", "keterangan") VALUES (10, 34, E'K1', E'kuis dari dosen lain', E'ini ngets kuis');
INSERT INTO "kuis" ("id", "user_id", "kode", "judul", "keterangan") VALUES (11, 20, NULL, E'Test Isian', E'oke');
INSERT INTO "kuis" ("id", "user_id", "kode", "judul", "keterangan") VALUES (12, 20, NULL, E'test pg', E'100');
INSERT INTO "kuis" ("id", "user_id", "kode", "judul", "keterangan") VALUES (13, 20, NULL, E'Pemrograman Web', E'soal2 pemrograman web');
INSERT INTO "kuis" ("id", "user_id", "kode", "judul", "keterangan") VALUES (14, 36, E'ENGKUIS1', E'Ujian 1', E'kuis pertama b inggris');
INSERT INTO "kuis" ("id", "user_id", "kode", "judul", "keterangan") VALUES (15, 37, E'KUIS1', E'Ujian Web1', E'kuis web 1');


INSERT INTO "soal" ("id", "user_id", "type", "pertanyaan", "jawaban", "kode") VALUES (44, 20, 1, E'{"q":"apa itu HTML","type":"1","alist":["bahasa isyarat","adalah bukan HTML","adalah PHP","adalah HTML"]}', E'{"type":"1","a":[4]}', E'PGWD1');
INSERT INTO "soal" ("id", "user_id", "type", "pertanyaan", "jawaban", "kode") VALUES (49, 20, 1, E'{"q":"<?php\\r\\n$cars=array(\\"Volvo\\",\\"BMW\\",\\"Toyota\\");\\r\\necho count($cars);\\r\\n?>\\r\\nOutput yang tepat :","type":"1","alist":["1","2","3","4","5"]}', E'{"type":"1","a":[3]}', NULL);
INSERT INTO "soal" ("id", "user_id", "type", "pertanyaan", "jawaban", "kode") VALUES (57, 34, 1, E'{"type":"1","q":"Ini ngetes soal dosen lain","alist":["ini salah","ini benar","ini salah juga"]}', E'{"type":"1","a":[2]}', E'S1');
INSERT INTO "soal" ("id", "user_id", "type", "pertanyaan", "jawaban", "kode") VALUES (59, 34, 1, E'{"type":"2","q":"pilihan kedua","alist":["oke","ok jg","nonono"]}', E'{"type":"2","a":[2,1]}', E'S2');
INSERT INTO "soal" ("id", "user_id", "type", "pertanyaan", "jawaban", "kode") VALUES (62, 20, 1, E'{"type":"1","q":"test test test","alist":["ya","noo","no","nooo"]}', E'{"type":"1","a":[1]}', E'TESTx2');
INSERT INTO "soal" ("id", "user_id", "type", "pertanyaan", "jawaban", "kode") VALUES (63, 20, 1, E'{"type":"1","q":"Untuk menampilkan tahun dari tanggal sekarang adalah","alist":["echo \\"date(Y)\\"","echo date(d-mY)","echo date(Y)","echo date(\\"Y\\")"]}', E'{"type":"1","a":[4]}', E'WEB');
INSERT INTO "soal" ("id", "user_id", "type", "pertanyaan", "jawaban", "kode") VALUES (64, 20, 1, E'{"type":"1","q":"Tipe data yang dikenal di PHP antara lain","alist":["Float, Integer, String, Char","Object, Resources, NULL, Boolean","Integer, Float, Varchar, NULL","Array, Date, Float, Integer"]}', E'{"type":"1","a":[4]}', NULL);
INSERT INTO "soal" ("id", "user_id", "type", "pertanyaan", "jawaban", "kode") VALUES (65, 20, 1, E'{"type":"1","q":"perhatikan script berikut\\r\\n<?php\\r\\n    function  cetak($nomor, $data) {\\r\\n           return $data[$nomor];\\r\\n    }\\r\\n    echo cetak(2, [1,2,3]);\\r\\n?>\\r\\nOutputnya adalah :","alist":["2123","3","2","1"]}', E'{"type":"1","a":[2]}', E'WEB');
INSERT INTO "soal" ("id", "user_id", "type", "pertanyaan", "jawaban", "kode") VALUES (66, 36, 1, E'{"type":"1","q":"Aldo left his favourite restaurant at 11 o\\u2019clock. It was warm evening and decided to walk along the beach. Suddenly, four masked girls aged about seventeen came up to \\u2026\\u2026\\u2026\\u2026\\u2026 and asked for the street.","alist":["Him","Her","You","Me"]}', E'{"type":"1","a":[1]}', NULL);
INSERT INTO "soal" ("id", "user_id", "type", "pertanyaan", "jawaban", "kode") VALUES (67, 36, 1, E'{"type":"1","q":"I and my friends \\u2026 in the library. We read some books","alist":["am","is","have","are"]}', E'{"type":"1","a":[4]}', NULL);
INSERT INTO "soal" ("id", "user_id", "type", "pertanyaan", "jawaban", "kode") VALUES (68, 36, 1, E'{"type":"1","q":"She \\u2026 not work because she has the flu.","alist":["is","does","do","be"]}', E'{"type":"1","a":[2]}', NULL);
INSERT INTO "soal" ("id", "user_id", "type", "pertanyaan", "jawaban", "kode") VALUES (69, 36, 1, E'{"type":"1","q":"My father \\u2026 tea every morning.","alist":["drink","drinks","drinking","is"]}', E'{"type":"1","a":[2]}', NULL);
INSERT INTO "soal" ("id", "user_id", "type", "pertanyaan", "jawaban", "kode") VALUES (70, 36, 1, E'{"type":"1","q":"Irene   : What will you do on next week?\\r\\nDaniel: I \\u2026\\u2026\\u2026. my grandmother .","alist":["will visit","will visiting","am visiting","visited"]}', E'{"type":"1","a":[1]}', NULL);
INSERT INTO "soal" ("id", "user_id", "type", "pertanyaan", "jawaban", "kode") VALUES (71, 36, 1, E'{"type":"1","q":"It is still raining now outside. Therefore, the riders \\u2026\\u2026\\u2026. their rain coat.","alist":["are wearing","will wearing","is wearing","have wearing"]}', E'{"type":"1","a":[1]}', NULL);
INSERT INTO "soal" ("id", "user_id", "type", "pertanyaan", "jawaban", "kode") VALUES (72, 36, 1, E'{"type":"1","q":"Dina \\u2026\\u2026.. her little brother to buy her some foods at the moment.","alist":["askes","is asking","asked","asks"]}', E'{"type":"1","a":[2]}', NULL);
INSERT INTO "soal" ("id", "user_id", "type", "pertanyaan", "jawaban", "kode") VALUES (73, 36, 1, E'{"type":"1","q":"The baby \\u2026\\u2026\\u2026\\u2026. for three hours.","alist":["has sleeping","has slept","has sleep","has been slept"]}', E'{"type":"1","a":[2]}', NULL);
INSERT INTO "soal" ("id", "user_id", "type", "pertanyaan", "jawaban", "kode") VALUES (74, 36, 1, E'{"type":"1","q":"\\u2026\\u2026\\u2026. You and Ahmed at the library last night?","alist":["Were","Did","Are","Do"]}', E'{"type":"1","a":[1]}', NULL);
INSERT INTO "soal" ("id", "user_id", "type", "pertanyaan", "jawaban", "kode") VALUES (75, 36, 1, E'{"type":"1","q":"Carmen and I \\u2026\\u2026\\u2026 the lunch yet. So, we are very hungry now.","alist":["haven\\u2019t eat","haven\\u2019t eating","have eaten","haven\\u2019t eaten"]}', E'{"type":"1","a":[4]}', NULL);
INSERT INTO "soal" ("id", "user_id", "type", "pertanyaan", "jawaban", "kode") VALUES (76, 36, 1, E'{"type":"2","q":"pilih 2 jawaban yang benar","alist":["benar","salah","ini benar","ini salah"]}', E'{"type":"2","a":[1,3]}', NULL);
INSERT INTO "soal" ("id", "user_id", "type", "pertanyaan", "jawaban", "kode") VALUES (77, 36, 1, E'{"type":"2","q":"pilih tiga jawaban benar","alist":["salah","benar","benar benar","benar benar benar"]}', E'{"type":"2","a":[2,3,4]}', NULL);
INSERT INTO "soal" ("id", "user_id", "type", "pertanyaan", "jawaban", "kode") VALUES (84, 37, 1, E'{"type":"1","q":"php adalah","alist":["bahasa pemrograman","bukan bahasa pemrograman","javascript","html"]}', E'{"type":"1","a":[1]}', E'PG1');
INSERT INTO "soal" ("id", "user_id", "type", "pertanyaan", "jawaban", "kode") VALUES (85, 37, 1, E'{"type":"2","q":"pilih 2 jawaban yang benar","alist":["benar","salah","salah juga","ini benar"]}', E'{"type":"2","a":[1,4]}', E'PG2');
INSERT INTO "soal" ("id", "user_id", "type", "pertanyaan", "jawaban", "kode") VALUES (45, 20, 1, E'{"q":"Kepanjangan dari WWW adalah\\u2026","type":"1","alist":["Web Word Wide","Word Wide Web","Wik Wik Wik","Was Wis Wus"]}', E'{"type":"1","a":[2]}', E'PGW1');
INSERT INTO "soal" ("id", "user_id", "type", "pertanyaan", "jawaban", "kode") VALUES (52, 20, 1, E'{"q":"Untuk merubah warna background  pada CSS digunakan","type":"1","alist":["backcolor:","bgcolor:","color","kolor","background-color"]}', E'{"type":"1","a":[5]}', NULL);
INSERT INTO "soal" ("id", "user_id", "type", "pertanyaan", "jawaban", "kode") VALUES (46, 20, 1, E'{"q":"Kepanjangan dari URL\\u2026","type":"1","alist":["Uniform Resource Locator","Unix Resource Linux","Unicorn Robot Locator","Ulrico Roberto Lorenzo"]}', E'{"type":"1","a":[1]}', NULL);
INSERT INTO "soal" ("id", "user_id", "type", "pertanyaan", "jawaban", "kode") VALUES (47, 20, 1, E'{"q":"Suatu fungsi pada kelas yang secara otomatis dijalankan pada saat kelas dibentuk disebut","type":"1","alist":["Method","Object","Constructor","Conspiration"]}', E'{"type":"1","a":[3]}', NULL);
INSERT INTO "soal" ("id", "user_id", "type", "pertanyaan", "jawaban", "kode") VALUES (48, 20, 1, E'{"q":"Pilih dua jawaban benar","type":"2","alist":["salah","benar","jelas salah","benar benar salah","betul"]}', E'{"type":"2","a":[2,5]}', NULL);
INSERT INTO "soal" ("id", "user_id", "type", "pertanyaan", "jawaban", "kode") VALUES (86, 37, 2, E'{"q":"ini benar"}', E'true', E'BS1');
INSERT INTO "soal" ("id", "user_id", "type", "pertanyaan", "jawaban", "kode") VALUES (79, 36, 2, E'{"q":"ini adalah salah"}', E'false', NULL);
INSERT INTO "soal" ("id", "user_id", "type", "pertanyaan", "jawaban", "kode") VALUES (53, 20, 2, E'{"q":"echo strlxen(\\"Pemrograman Web!\\");\\r\\nakan menghasilkan output 16"}', E'false', NULL);
INSERT INTO "soal" ("id", "user_id", "type", "pertanyaan", "jawaban", "kode") VALUES (87, 37, 2, E'{"q":"ini salah"}', E'false', NULL);
INSERT INTO "soal" ("id", "user_id", "type", "pertanyaan", "jawaban", "kode") VALUES (50, 20, 2, E'{"q":"variabel dalam PHP Dimulai dengan symbol $"}', E'true', E'BSW1');
INSERT INTO "soal" ("id", "user_id", "type", "pertanyaan", "jawaban", "kode") VALUES (51, 20, 2, E'{"q":"<a> https:\\/\\/siakad.akakom.ac.id\\/\\u201cSIAKAD AKAKOM\\u201d<\\/a>\\r\\npenulisan tag link diatas benar\\/salah?"}', E'false', NULL);
INSERT INTO "soal" ("id", "user_id", "type", "pertanyaan", "jawaban", "kode") VALUES (78, 36, 2, E'{"q":"ini adalah benar"}', E'true', NULL);
INSERT INTO "soal" ("id", "user_id", "type", "pertanyaan", "jawaban", "kode") VALUES (58, 34, 3, E'{"q":"ini soal menjodohkan lain","qlist":["1+1","2+2"],"alist":["4","2"]}', E'[{"q":1,"a":0},{"q":0,"a":1}]', E'S2');
INSERT INTO "soal" ("id", "user_id", "type", "pertanyaan", "jawaban", "kode") VALUES (54, 20, 3, E'{"q":"jodohkan kanan kiri oke","qlist":["WWW","<br \\/>","<image src=\\u201d\\u2026\\u201d>","1+2","oke"],"alist":["menampilkan file gambar ","World Wide Web","mengganti baris pada HTML","Wide Web Wold","3","siap"]}', E'[{"q":0,"a":1},{"q":1,"a":2},{"q":2,"a":0},{"q":3,"a":4},{"q":4,"a":5}]', NULL);
INSERT INTO "soal" ("id", "user_id", "type", "pertanyaan", "jawaban", "kode") VALUES (80, 36, 3, E'{"q":"jodohkan","qlist":["1+1","1+2","2+2"],"alist":["3","2","4","18"]}', E'[{"q":0,"a":1},{"q":1,"a":0},{"q":2,"a":2}]', NULL);
INSERT INTO "soal" ("id", "user_id", "type", "pertanyaan", "jawaban", "kode") VALUES (88, 37, 3, E'{"q":"jodohkan kiri kanan","qlist":["1+1","2+2","3+3","4+1"],"alist":["5","4","2","6","18"]}', E'[{"q":0,"a":2},{"q":1,"a":1},{"q":2,"a":3},{"q":3,"a":0}]', NULL);
INSERT INTO "soal" ("id", "user_id", "type", "pertanyaan", "jawaban", "kode") VALUES (89, 37, 4, E'{"q":"Ibu kota Indonesia adalah [[Jakarta]].\\r\\n1+1=[[2]], 2+2=[[4]]"}', E'["Jakarta","2","4"]', NULL);
INSERT INTO "soal" ("id", "user_id", "type", "pertanyaan", "jawaban", "kode") VALUES (81, 36, 4, E'{"q":"Kangaroos [[eat]] grass and plants plants. They [[have]] short front legs.  But they have very long and very strong black legs and a tail. These are use for sitting up and for jumping. Kangaroos have been known to make forward jumps of over eight meters, and leap across fences more than three meters high. They can also [[run]] at speeds of over 45 kilometers per hour."}', E'["eat","have","run"]', NULL);
INSERT INTO "soal" ("id", "user_id", "type", "pertanyaan", "jawaban", "kode") VALUES (60, 20, 4, E'{"q":"ngetes [[satu]] . test test [[dua]] asdsadsa [[tiga]] kksjfjasa [[empat]].\\r\\nskaflas sanglkasgn sakngklsa [[lima]] smkmsa."}', E'["satu","dua","tiga","empat","lima"]', NULL);
INSERT INTO "soal" ("id", "user_id", "type", "pertanyaan", "jawaban", "kode") VALUES (61, 20, 4, E'{"q":"12222222 [[ok]]"}', E'["ok"]', E'TESTx1');
INSERT INTO "soal" ("id", "user_id", "type", "pertanyaan", "jawaban", "kode") VALUES (56, 20, 5, E'{"q":"Lorem ipsum dolor sit amet"}', E'"consectetur adipiscing elit, sed do eiusmod tempor incididunt ut labore et dolore magna aliqua."', NULL);
INSERT INTO "soal" ("id", "user_id", "type", "pertanyaan", "jawaban", "kode") VALUES (55, 20, 5, E'{"q":"Jelaskan apa itu anu!"}', E'"anu adalah itu"', NULL);
INSERT INTO "soal" ("id", "user_id", "type", "pertanyaan", "jawaban", "kode") VALUES (83, 36, 5, E'{"q":"Jelaskan sejarah laravel"}', E'"laravel ......"', NULL);
INSERT INTO "soal" ("id", "user_id", "type", "pertanyaan", "jawaban", "kode") VALUES (82, 36, 5, E'{"q":"Jelaskan pengertian e-learning"}', E'"elearning adalah pembelajaran elektronik"', NULL);
INSERT INTO "soal" ("id", "user_id", "type", "pertanyaan", "jawaban", "kode") VALUES (90, 37, 5, E'{"q":"jelaskan tentang elearning"}', E'"elearning adalah ..."', E'ES1');
INSERT INTO "soal" ("id", "user_id", "type", "pertanyaan", "jawaban", "kode") VALUES (91, 37, 5, E'{"q":"essay pertanyaan no 2"}', E'"kunci jawaban"', E'ES2');


INSERT INTO "mapel_user" ("id", "user_id", "mapel_id", "group") VALUES (42, 17, 58, E'kelas1');
INSERT INTO "mapel_user" ("id", "user_id", "mapel_id", "group") VALUES (41, 35, 57, E'kelas 1');
INSERT INTO "mapel_user" ("id", "user_id", "mapel_id", "group") VALUES (44, 17, 57, NULL);
INSERT INTO "mapel_user" ("id", "user_id", "mapel_id", "group") VALUES (40, 31, 57, E'kelas 1');
INSERT INTO "mapel_user" ("id", "user_id", "mapel_id", "group") VALUES (43, 17, 56, NULL);
INSERT INTO "mapel_user" ("id", "user_id", "mapel_id", "group") VALUES (39, 35, 56, NULL);
INSERT INTO "mapel_user" ("id", "user_id", "mapel_id", "group") VALUES (36, 22, 55, NULL);
INSERT INTO "mapel_user" ("id", "user_id", "mapel_id", "group") VALUES (45, 17, 55, NULL);
INSERT INTO "mapel_user" ("id", "user_id", "mapel_id", "group") VALUES (33, 17, 54, E'kelas2');
INSERT INTO "mapel_user" ("id", "user_id", "mapel_id", "group") VALUES (34, 22, 54, E'kelas2');
INSERT INTO "mapel_user" ("id", "user_id", "mapel_id", "group") VALUES (37, 22, 53, E'kelompokx');
INSERT INTO "mapel_user" ("id", "user_id", "mapel_id", "group") VALUES (35, 17, 53, NULL);
INSERT INTO "mapel_user" ("id", "user_id", "mapel_id", "group") VALUES (31, 17, 1, E'kelas 1');
INSERT INTO "mapel_user" ("id", "user_id", "mapel_id", "group") VALUES (32, 22, 1, E'kelas 1');
INSERT INTO "mapel_user" ("id", "user_id", "mapel_id", "group") VALUES (38, 35, 1, NULL);



INSERT INTO "mapel_user_log" ("id", "user_id", "mapel_id", "group", "time", "action", "status") VALUES (42, 22, 3, NULL, E'2019-06-30 23:53:22', 1, 0);
INSERT INTO "mapel_user_log" ("id", "user_id", "mapel_id", "group", "time", "action", "status") VALUES (43, 22, 3, NULL, E'2019-06-30 23:53:35', 2, 0);
INSERT INTO "mapel_user_log" ("id", "user_id", "mapel_id", "group", "time", "action", "status") VALUES (44, 22, 3, NULL, E'2019-06-30 23:54:43', 6, 1);
INSERT INTO "mapel_user_log" ("id", "user_id", "mapel_id", "group", "time", "action", "status") VALUES (45, 22, 53, E'kelompokx', E'2019-06-30 23:55:21', 1, 0);
INSERT INTO "mapel_user_log" ("id", "user_id", "mapel_id", "group", "time", "action", "status") VALUES (46, 22, 53, E'kelompokx', E'2019-06-30 23:55:40', 2, 0);
INSERT INTO "mapel_user_log" ("id", "user_id", "mapel_id", "group", "time", "action", "status") VALUES (49, 22, 53, E'umum', E'2019-06-30 23:59:35', 4, 0);
INSERT INTO "mapel_user_log" ("id", "user_id", "mapel_id", "group", "time", "action", "status") VALUES (50, 22, 53, E'kelompokx', E'2019-07-01 00:00:14', 4, 0);
INSERT INTO "mapel_user_log" ("id", "user_id", "mapel_id", "group", "time", "action", "status") VALUES (51, 22, 53, E'umum', E'2019-07-01 00:00:53', 4, 0);
INSERT INTO "mapel_user_log" ("id", "user_id", "mapel_id", "group", "time", "action", "status") VALUES (52, 22, 53, E'kelompokx', E'2019-07-01 00:01:56', 4, 0);
INSERT INTO "mapel_user_log" ("id", "user_id", "mapel_id", "group", "time", "action", "status") VALUES (53, 22, 53, E'umum', E'2019-07-01 00:02:00', 4, 0);
INSERT INTO "mapel_user_log" ("id", "user_id", "mapel_id", "group", "time", "action", "status") VALUES (54, 22, 53, E'kelompokx', E'2019-07-01 00:02:03', 4, 0);
INSERT INTO "mapel_user_log" ("id", "user_id", "mapel_id", "group", "time", "action", "status") VALUES (56, 22, 53, E'umum', E'2019-07-01 00:04:38', 4, 0);
INSERT INTO "mapel_user_log" ("id", "user_id", "mapel_id", "group", "time", "action", "status") VALUES (57, 22, 53, E'kelompokx', E'2019-07-01 00:06:11', 4, 0);
INSERT INTO "mapel_user_log" ("id", "user_id", "mapel_id", "group", "time", "action", "status") VALUES (58, 22, 53, E'umum', E'2019-07-01 00:06:14', 4, 0);
INSERT INTO "mapel_user_log" ("id", "user_id", "mapel_id", "group", "time", "action", "status") VALUES (59, 22, 53, E'kelompokx', E'2019-07-01 00:07:08', 4, 0);
INSERT INTO "mapel_user_log" ("id", "user_id", "mapel_id", "group", "time", "action", "status") VALUES (60, 22, 53, NULL, E'2019-07-01 00:07:23', 4, 0);
INSERT INTO "mapel_user_log" ("id", "user_id", "mapel_id", "group", "time", "action", "status") VALUES (61, 22, 53, E'kelompokx', E'2019-07-01 00:07:51', 4, 0);
INSERT INTO "mapel_user_log" ("id", "user_id", "mapel_id", "group", "time", "action", "status") VALUES (62, 22, 53, NULL, E'2019-07-01 00:07:55', 4, 0);
INSERT INTO "mapel_user_log" ("id", "user_id", "mapel_id", "group", "time", "action", "status") VALUES (63, 22, 53, E'kelompokx', E'2019-07-01 00:08:01', 4, 0);
INSERT INTO "mapel_user_log" ("id", "user_id", "mapel_id", "group", "time", "action", "status") VALUES (64, 22, 53, NULL, E'2019-07-01 00:08:03', 4, 0);
INSERT INTO "mapel_user_log" ("id", "user_id", "mapel_id", "group", "time", "action", "status") VALUES (65, 22, 53, E'kelompokx', E'2019-07-01 00:08:06', 4, 0);
INSERT INTO "mapel_user_log" ("id", "user_id", "mapel_id", "group", "time", "action", "status") VALUES (66, 22, 53, NULL, E'2019-07-01 00:08:09', 4, 0);
INSERT INTO "mapel_user_log" ("id", "user_id", "mapel_id", "group", "time", "action", "status") VALUES (67, 22, 53, E'kelompokx', E'2019-07-01 00:08:11', 4, 0);
INSERT INTO "mapel_user_log" ("id", "user_id", "mapel_id", "group", "time", "action", "status") VALUES (68, 22, 53, NULL, E'2019-07-01 00:08:28', 4, 0);
INSERT INTO "mapel_user_log" ("id", "user_id", "mapel_id", "group", "time", "action", "status") VALUES (69, 22, 53, NULL, E'2019-07-01 00:08:32', 6, 1);
INSERT INTO "mapel_user_log" ("id", "user_id", "mapel_id", "group", "time", "action", "status") VALUES (70, 17, 1, E'kelas 1', E'2019-07-07 22:32:58', 2, 0);
INSERT INTO "mapel_user_log" ("id", "user_id", "mapel_id", "group", "time", "action", "status") VALUES (72, 17, 1, NULL, E'2019-07-07 23:08:45', 5, 1);
INSERT INTO "mapel_user_log" ("id", "user_id", "mapel_id", "group", "time", "action", "status") VALUES (73, 17, 54, E'kelas2', E'2019-07-07 23:10:03', 1, 0);
INSERT INTO "mapel_user_log" ("id", "user_id", "mapel_id", "group", "time", "action", "status") VALUES (74, 17, 1, E'kelas 1', E'2019-07-07 23:10:11', 2, 1);
INSERT INTO "mapel_user_log" ("id", "user_id", "mapel_id", "group", "time", "action", "status") VALUES (75, 22, 1, E'kelas 1', E'2019-07-07 23:10:43', 2, 1);
INSERT INTO "mapel_user_log" ("id", "user_id", "mapel_id", "group", "time", "action", "status") VALUES (76, 22, 54, E'kelas2', E'2019-07-07 23:10:49', 1, 0);
INSERT INTO "mapel_user_log" ("id", "user_id", "mapel_id", "group", "time", "action", "status") VALUES (77, 17, 54, E'kelas2', E'2019-07-07 23:13:23', 2, 1);
INSERT INTO "mapel_user_log" ("id", "user_id", "mapel_id", "group", "time", "action", "status") VALUES (78, 22, 54, E'kelas2', E'2019-07-07 23:13:23', 2, 1);
INSERT INTO "mapel_user_log" ("id", "user_id", "mapel_id", "group", "time", "action", "status") VALUES (79, 17, 53, E'kelompokx', E'2019-07-08 01:49:31', 1, 0);
INSERT INTO "mapel_user_log" ("id", "user_id", "mapel_id", "group", "time", "action", "status") VALUES (80, 17, 53, E'kelompokx', E'2019-07-08 01:49:50', 2, 0);
INSERT INTO "mapel_user_log" ("id", "user_id", "mapel_id", "group", "time", "action", "status") VALUES (81, 17, 53, NULL, E'2019-07-08 01:51:32', 4, 0);
INSERT INTO "mapel_user_log" ("id", "user_id", "mapel_id", "group", "time", "action", "status") VALUES (82, 17, 53, E'kelompokx', E'2019-07-08 01:52:33', 4, 0);
INSERT INTO "mapel_user_log" ("id", "user_id", "mapel_id", "group", "time", "action", "status") VALUES (83, 17, 53, NULL, E'2019-07-08 01:59:47', 4, 0);
INSERT INTO "mapel_user_log" ("id", "user_id", "mapel_id", "group", "time", "action", "status") VALUES (84, 17, 53, E'kelompokx', E'2019-07-08 02:14:56', 4, 0);
INSERT INTO "mapel_user_log" ("id", "user_id", "mapel_id", "group", "time", "action", "status") VALUES (85, 17, 53, NULL, E'2019-07-08 02:15:09', 4, 0);
INSERT INTO "mapel_user_log" ("id", "user_id", "mapel_id", "group", "time", "action", "status") VALUES (86, 17, 10, NULL, E'2019-07-16 13:36:31', 1, 1);
INSERT INTO "mapel_user_log" ("id", "user_id", "mapel_id", "group", "time", "action", "status") VALUES (87, 22, 55, NULL, E'2019-07-20 11:03:43', 2, 1);
INSERT INTO "mapel_user_log" ("id", "user_id", "mapel_id", "group", "time", "action", "status") VALUES (88, 17, 53, E'kelompokx', E'2019-07-30 21:11:23', 4, 0);
INSERT INTO "mapel_user_log" ("id", "user_id", "mapel_id", "group", "time", "action", "status") VALUES (89, 22, 53, E'kelompokx', E'2019-07-30 21:12:20', 1, 0);
INSERT INTO "mapel_user_log" ("id", "user_id", "mapel_id", "group", "time", "action", "status") VALUES (90, 22, 53, E'kelompokx', E'2019-07-30 21:12:39', 2, 1);
INSERT INTO "mapel_user_log" ("id", "user_id", "mapel_id", "group", "time", "action", "status") VALUES (91, 17, 53, NULL, E'2019-07-30 21:12:59', 4, 1);
INSERT INTO "mapel_user_log" ("id", "user_id", "mapel_id", "group", "time", "action", "status") VALUES (92, 35, 1, NULL, E'2019-07-31 10:45:04', 2, 1);
INSERT INTO "mapel_user_log" ("id", "user_id", "mapel_id", "group", "time", "action", "status") VALUES (93, 35, 56, NULL, E'2019-07-31 17:36:58', 2, 1);
INSERT INTO "mapel_user_log" ("id", "user_id", "mapel_id", "group", "time", "action", "status") VALUES (94, 31, 57, E'kelas 1', E'2019-07-31 18:54:47', 1, 0);
INSERT INTO "mapel_user_log" ("id", "user_id", "mapel_id", "group", "time", "action", "status") VALUES (95, 35, 57, E'kelas 1', E'2019-07-31 18:55:01', 1, 0);
INSERT INTO "mapel_user_log" ("id", "user_id", "mapel_id", "group", "time", "action", "status") VALUES (96, 31, 57, E'kelas 1', E'2019-07-31 18:55:43', 2, 1);
INSERT INTO "mapel_user_log" ("id", "user_id", "mapel_id", "group", "time", "action", "status") VALUES (97, 35, 57, E'kelas 1', E'2019-07-31 18:55:43', 2, 1);
INSERT INTO "mapel_user_log" ("id", "user_id", "mapel_id", "group", "time", "action", "status") VALUES (98, 17, 58, E'kelas1', E'2019-08-01 13:43:57', 1, 0);
INSERT INTO "mapel_user_log" ("id", "user_id", "mapel_id", "group", "time", "action", "status") VALUES (99, 17, 58, E'kelas1', E'2019-08-01 13:44:24', 2, 1);
INSERT INTO "mapel_user_log" ("id", "user_id", "mapel_id", "group", "time", "action", "status") VALUES (100, 17, 56, NULL, E'2019-08-08 15:40:10', 2, 1);
INSERT INTO "mapel_user_log" ("id", "user_id", "mapel_id", "group", "time", "action", "status") VALUES (101, 17, 57, NULL, E'2019-08-08 15:40:29', 1, 0);
INSERT INTO "mapel_user_log" ("id", "user_id", "mapel_id", "group", "time", "action", "status") VALUES (102, 17, 57, NULL, E'2019-08-08 15:40:43', 2, 1);
INSERT INTO "mapel_user_log" ("id", "user_id", "mapel_id", "group", "time", "action", "status") VALUES (103, 17, 55, NULL, E'2019-08-08 15:42:09', 2, 1);



INSERT INTO "kuis_soal" ("id", "type", "kuis_id", "soal_id", "nama", "keterangan", "parent", "settings") VALUES (45, 2, 8, 56, NULL, NULL, 44, E'{"bobot":"20"}');
INSERT INTO "kuis_soal" ("id", "type", "kuis_id", "soal_id", "nama", "keterangan", "parent", "settings") VALUES (46, 2, 8, 55, NULL, NULL, 44, E'{"bobot":"20"}');
INSERT INTO "kuis_soal" ("id", "type", "kuis_id", "soal_id", "nama", "keterangan", "parent", "settings") VALUES (71, 2, 9, 54, NULL, NULL, 69, E'{"bobot": 20}');
INSERT INTO "kuis_soal" ("id", "type", "kuis_id", "soal_id", "nama", "keterangan", "parent", "settings") VALUES (72, 2, 9, 55, NULL, NULL, 70, E'{"bobot":"10"}');
INSERT INTO "kuis_soal" ("id", "type", "kuis_id", "soal_id", "nama", "keterangan", "parent", "settings") VALUES (73, 2, 9, 56, NULL, NULL, 70, E'{"bobot":"30"}');
INSERT INTO "kuis_soal" ("id", "type", "kuis_id", "soal_id", "nama", "keterangan", "parent", "settings") VALUES (58, 1, 9, NULL, E'pilihan', NULL, NULL, E'{"keterangan":"dipilih yang bener ya","bobotPerSoal":false,"acakSoal":true,"bobot":"40"}');
INSERT INTO "kuis_soal" ("id", "type", "kuis_id", "soal_id", "nama", "keterangan", "parent", "settings") VALUES (69, 1, 9, NULL, E'dua', NULL, NULL, E'{"keterangan":"kiri kanan","bobotPerSoal":false,"acakSoal":false,"bobot":"20"}');
INSERT INTO "kuis_soal" ("id", "type", "kuis_id", "soal_id", "nama", "keterangan", "parent", "settings") VALUES (70, 1, 9, NULL, E'ess', NULL, NULL, E'{"keterangan":"essay ntab","bobotPerSoal":true,"acakSoal":false,"bobot":1}');
INSERT INTO "kuis_soal" ("id", "type", "kuis_id", "soal_id", "nama", "keterangan", "parent", "settings") VALUES (87, 2, 11, 45, NULL, NULL, 85, E'{"bobot": 5}');
INSERT INTO "kuis_soal" ("id", "type", "kuis_id", "soal_id", "nama", "keterangan", "parent", "settings") VALUES (88, 2, 11, 52, NULL, NULL, 85, E'{"bobot": 5}');
INSERT INTO "kuis_soal" ("id", "type", "kuis_id", "soal_id", "nama", "keterangan", "parent", "settings") VALUES (89, 2, 11, 46, NULL, NULL, 85, E'{"bobot": 5}');
INSERT INTO "kuis_soal" ("id", "type", "kuis_id", "soal_id", "nama", "keterangan", "parent", "settings") VALUES (85, 1, 11, NULL, E'BAB1', NULL, NULL, E'{"keterangan":"","bobotPerSoal":false,"acakSoal":false,"bobot":"15"}');
INSERT INTO "kuis_soal" ("id", "type", "kuis_id", "soal_id", "nama", "keterangan", "parent", "settings") VALUES (90, 2, 11, 60, NULL, NULL, 86, E'{"bobot": 17.5}');
INSERT INTO "kuis_soal" ("id", "type", "kuis_id", "soal_id", "nama", "keterangan", "parent", "settings") VALUES (91, 2, 11, 54, NULL, NULL, 86, E'{"bobot": 17.5}');
INSERT INTO "kuis_soal" ("id", "type", "kuis_id", "soal_id", "nama", "keterangan", "parent", "settings") VALUES (86, 1, 11, NULL, E'BAB2', NULL, NULL, E'{"keterangan":"","bobotPerSoal":false,"acakSoal":false,"bobot":"35"}');
INSERT INTO "kuis_soal" ("id", "type", "kuis_id", "soal_id", "nama", "keterangan", "parent", "settings") VALUES (82, 2, 10, 58, NULL, NULL, 80, E'{"bobot": 10}');
INSERT INTO "kuis_soal" ("id", "type", "kuis_id", "soal_id", "nama", "keterangan", "parent", "settings") VALUES (80, 1, 10, NULL, E'BAB2', NULL, NULL, E'{"keterangan":"","bobotPerSoal":false,"acakSoal":false,"bobot":"10"}');
INSERT INTO "kuis_soal" ("id", "type", "kuis_id", "soal_id", "nama", "keterangan", "parent", "settings") VALUES (94, 2, 12, 52, NULL, NULL, 92, E'{"bobot": 20}');
INSERT INTO "kuis_soal" ("id", "type", "kuis_id", "soal_id", "nama", "keterangan", "parent", "settings") VALUES (95, 2, 12, 45, NULL, NULL, 92, E'{"bobot": 20}');
INSERT INTO "kuis_soal" ("id", "type", "kuis_id", "soal_id", "nama", "keterangan", "parent", "settings") VALUES (81, 2, 10, 57, NULL, NULL, 77, E'{"bobot": 2}');
INSERT INTO "kuis_soal" ("id", "type", "kuis_id", "soal_id", "nama", "keterangan", "parent", "settings") VALUES (92, 1, 12, NULL, E'bab 1', NULL, NULL, E'{"keterangan":"","bobotPerSoal":false,"acakSoal":false,"bobot":"40"}');
INSERT INTO "kuis_soal" ("id", "type", "kuis_id", "soal_id", "nama", "keterangan", "parent", "settings") VALUES (77, 1, 10, NULL, E'BAB1', NULL, NULL, E'{"keterangan":"","bobotPerSoal":true,"acakSoal":false,"bobot":"4"}');
INSERT INTO "kuis_soal" ("id", "type", "kuis_id", "soal_id", "nama", "keterangan", "parent", "settings") VALUES (84, 2, 10, 59, NULL, NULL, 77, E'{"bobot":"5"}');
INSERT INTO "kuis_soal" ("id", "type", "kuis_id", "soal_id", "nama", "keterangan", "parent", "settings") VALUES (54, 2, 8, 50, NULL, NULL, 42, E'{"bobot": 5}');
INSERT INTO "kuis_soal" ("id", "type", "kuis_id", "soal_id", "nama", "keterangan", "parent", "settings") VALUES (55, 2, 8, 51, NULL, NULL, 42, E'{"bobot": 5}');
INSERT INTO "kuis_soal" ("id", "type", "kuis_id", "soal_id", "nama", "keterangan", "parent", "settings") VALUES (44, 1, 8, NULL, E'BAB 3', NULL, NULL, E'{"keterangan":"","bobotPerSoal":true,"acakSoal":false,"bobot":1}');
INSERT INTO "kuis_soal" ("id", "type", "kuis_id", "soal_id", "nama", "keterangan", "parent", "settings") VALUES (56, 2, 8, 53, NULL, NULL, 42, E'{"bobot": 5}');
INSERT INTO "kuis_soal" ("id", "type", "kuis_id", "soal_id", "nama", "keterangan", "parent", "settings") VALUES (43, 1, 8, NULL, E'BAB 2', NULL, NULL, E'{"keterangan":"jodohkan","bobotPerSoal":false,"acakSoal":false,"bobot":"10"}');
INSERT INTO "kuis_soal" ("id", "type", "kuis_id", "soal_id", "nama", "keterangan", "parent", "settings") VALUES (47, 2, 8, 52, NULL, NULL, 42, E'{"bobot": 5}');
INSERT INTO "kuis_soal" ("id", "type", "kuis_id", "soal_id", "nama", "keterangan", "parent", "settings") VALUES (48, 2, 8, 49, NULL, NULL, 42, E'{"bobot": 5}');
INSERT INTO "kuis_soal" ("id", "type", "kuis_id", "soal_id", "nama", "keterangan", "parent", "settings") VALUES (49, 2, 8, 48, NULL, NULL, 42, E'{"bobot": 5}');
INSERT INTO "kuis_soal" ("id", "type", "kuis_id", "soal_id", "nama", "keterangan", "parent", "settings") VALUES (50, 2, 8, 47, NULL, NULL, 42, E'{"bobot": 5}');
INSERT INTO "kuis_soal" ("id", "type", "kuis_id", "soal_id", "nama", "keterangan", "parent", "settings") VALUES (51, 2, 8, 46, NULL, NULL, 42, E'{"bobot": 5}');
INSERT INTO "kuis_soal" ("id", "type", "kuis_id", "soal_id", "nama", "keterangan", "parent", "settings") VALUES (52, 2, 8, 45, NULL, NULL, 42, E'{"bobot": 5}');
INSERT INTO "kuis_soal" ("id", "type", "kuis_id", "soal_id", "nama", "keterangan", "parent", "settings") VALUES (53, 2, 8, 44, NULL, NULL, 42, E'{"bobot": 5}');
INSERT INTO "kuis_soal" ("id", "type", "kuis_id", "soal_id", "nama", "keterangan", "parent", "settings") VALUES (42, 1, 8, NULL, E'BAB 1', NULL, NULL, E'{"keterangan":"pilih jawaban yang benar","bobotPerSoal":false,"acakSoal":true,"bobot":"50"}');
INSERT INTO "kuis_soal" ("id", "type", "kuis_id", "soal_id", "nama", "keterangan", "parent", "settings") VALUES (57, 2, 8, 54, NULL, NULL, 43, E'{"bobot": 10}');
INSERT INTO "kuis_soal" ("id", "type", "kuis_id", "soal_id", "nama", "keterangan", "parent", "settings") VALUES (59, 2, 9, 46, NULL, NULL, 58, E'{"bobot": 4}');
INSERT INTO "kuis_soal" ("id", "type", "kuis_id", "soal_id", "nama", "keterangan", "parent", "settings") VALUES (60, 2, 9, 45, NULL, NULL, 58, E'{"bobot": 4}');
INSERT INTO "kuis_soal" ("id", "type", "kuis_id", "soal_id", "nama", "keterangan", "parent", "settings") VALUES (61, 2, 9, 44, NULL, NULL, 58, E'{"bobot": 4}');
INSERT INTO "kuis_soal" ("id", "type", "kuis_id", "soal_id", "nama", "keterangan", "parent", "settings") VALUES (62, 2, 9, 47, NULL, NULL, 58, E'{"bobot": 4}');
INSERT INTO "kuis_soal" ("id", "type", "kuis_id", "soal_id", "nama", "keterangan", "parent", "settings") VALUES (63, 2, 9, 48, NULL, NULL, 58, E'{"bobot": 4}');
INSERT INTO "kuis_soal" ("id", "type", "kuis_id", "soal_id", "nama", "keterangan", "parent", "settings") VALUES (64, 2, 9, 52, NULL, NULL, 58, E'{"bobot": 4}');
INSERT INTO "kuis_soal" ("id", "type", "kuis_id", "soal_id", "nama", "keterangan", "parent", "settings") VALUES (65, 2, 9, 49, NULL, NULL, 58, E'{"bobot": 4}');
INSERT INTO "kuis_soal" ("id", "type", "kuis_id", "soal_id", "nama", "keterangan", "parent", "settings") VALUES (66, 2, 9, 50, NULL, NULL, 58, E'{"bobot": 4}');
INSERT INTO "kuis_soal" ("id", "type", "kuis_id", "soal_id", "nama", "keterangan", "parent", "settings") VALUES (67, 2, 9, 51, NULL, NULL, 58, E'{"bobot": 4}');
INSERT INTO "kuis_soal" ("id", "type", "kuis_id", "soal_id", "nama", "keterangan", "parent", "settings") VALUES (68, 2, 9, 53, NULL, NULL, 58, E'{"bobot": 4}');
INSERT INTO "kuis_soal" ("id", "type", "kuis_id", "soal_id", "nama", "keterangan", "parent", "settings") VALUES (107, 2, 13, 56, NULL, NULL, 105, E'{"bobot":"35"}');
INSERT INTO "kuis_soal" ("id", "type", "kuis_id", "soal_id", "nama", "keterangan", "parent", "settings") VALUES (109, 2, 13, 54, NULL, NULL, 108, E'{"bobot": 50}');
INSERT INTO "kuis_soal" ("id", "type", "kuis_id", "soal_id", "nama", "keterangan", "parent", "settings") VALUES (108, 1, 13, NULL, E'Menjodohkan', NULL, NULL, E'{"keterangan":"","bobotPerSoal":false,"acakSoal":false,"bobot":"50"}');
INSERT INTO "kuis_soal" ("id", "type", "kuis_id", "soal_id", "nama", "keterangan", "parent", "settings") VALUES (93, 1, 12, NULL, E'bab 2', NULL, NULL, E'{"keterangan":"","bobotPerSoal":true,"acakSoal":false,"bobot":1}');
INSERT INTO "kuis_soal" ("id", "type", "kuis_id", "soal_id", "nama", "keterangan", "parent", "settings") VALUES (96, 2, 12, 61, NULL, NULL, 93, E'{"bobot":"50"}');
INSERT INTO "kuis_soal" ("id", "type", "kuis_id", "soal_id", "nama", "keterangan", "parent", "settings") VALUES (111, 2, 13, 60, NULL, NULL, 110, E'{"bobot": 50}');
INSERT INTO "kuis_soal" ("id", "type", "kuis_id", "soal_id", "nama", "keterangan", "parent", "settings") VALUES (110, 1, 13, NULL, E'isian', NULL, NULL, E'{"keterangan":"","bobotPerSoal":false,"acakSoal":false,"bobot":"50"}');
INSERT INTO "kuis_soal" ("id", "type", "kuis_id", "soal_id", "nama", "keterangan", "parent", "settings") VALUES (97, 2, 12, 60, NULL, NULL, 93, E'{"bobot":"20"}');
INSERT INTO "kuis_soal" ("id", "type", "kuis_id", "soal_id", "nama", "keterangan", "parent", "settings") VALUES (99, 2, 13, 63, NULL, NULL, 98, E'{"bobot": 10}');
INSERT INTO "kuis_soal" ("id", "type", "kuis_id", "soal_id", "nama", "keterangan", "parent", "settings") VALUES (100, 2, 13, 65, NULL, NULL, 98, E'{"bobot": 10}');
INSERT INTO "kuis_soal" ("id", "type", "kuis_id", "soal_id", "nama", "keterangan", "parent", "settings") VALUES (102, 2, 13, 49, NULL, NULL, 98, E'{"bobot": 10}');
INSERT INTO "kuis_soal" ("id", "type", "kuis_id", "soal_id", "nama", "keterangan", "parent", "settings") VALUES (103, 2, 13, 64, NULL, NULL, 98, E'{"bobot": 10}');
INSERT INTO "kuis_soal" ("id", "type", "kuis_id", "soal_id", "nama", "keterangan", "parent", "settings") VALUES (104, 2, 13, 47, NULL, NULL, 98, E'{"bobot": 10}');
INSERT INTO "kuis_soal" ("id", "type", "kuis_id", "soal_id", "nama", "keterangan", "parent", "settings") VALUES (98, 1, 13, NULL, E'Pilihan Ganda', NULL, NULL, E'{"keterangan":"","bobotPerSoal":false,"acakSoal":false,"bobot":"50"}');
INSERT INTO "kuis_soal" ("id", "type", "kuis_id", "soal_id", "nama", "keterangan", "parent", "settings") VALUES (117, 2, 14, 66, NULL, NULL, 112, E'{"bobot": 1}');
INSERT INTO "kuis_soal" ("id", "type", "kuis_id", "soal_id", "nama", "keterangan", "parent", "settings") VALUES (105, 1, 13, NULL, E'Essay', NULL, NULL, E'{"keterangan":"","bobotPerSoal":true,"acakSoal":false,"bobot":"50"}');
INSERT INTO "kuis_soal" ("id", "type", "kuis_id", "soal_id", "nama", "keterangan", "parent", "settings") VALUES (106, 2, 13, 55, NULL, NULL, 105, E'{"bobot":"15"}');
INSERT INTO "kuis_soal" ("id", "type", "kuis_id", "soal_id", "nama", "keterangan", "parent", "settings") VALUES (118, 2, 14, 67, NULL, NULL, 112, E'{"bobot": 1}');
INSERT INTO "kuis_soal" ("id", "type", "kuis_id", "soal_id", "nama", "keterangan", "parent", "settings") VALUES (119, 2, 14, 68, NULL, NULL, 112, E'{"bobot": 1}');
INSERT INTO "kuis_soal" ("id", "type", "kuis_id", "soal_id", "nama", "keterangan", "parent", "settings") VALUES (120, 2, 14, 69, NULL, NULL, 112, E'{"bobot": 1}');
INSERT INTO "kuis_soal" ("id", "type", "kuis_id", "soal_id", "nama", "keterangan", "parent", "settings") VALUES (121, 2, 14, 70, NULL, NULL, 112, E'{"bobot": 1}');
INSERT INTO "kuis_soal" ("id", "type", "kuis_id", "soal_id", "nama", "keterangan", "parent", "settings") VALUES (122, 2, 14, 71, NULL, NULL, 112, E'{"bobot": 1}');
INSERT INTO "kuis_soal" ("id", "type", "kuis_id", "soal_id", "nama", "keterangan", "parent", "settings") VALUES (123, 2, 14, 72, NULL, NULL, 112, E'{"bobot": 1}');
INSERT INTO "kuis_soal" ("id", "type", "kuis_id", "soal_id", "nama", "keterangan", "parent", "settings") VALUES (124, 2, 14, 73, NULL, NULL, 112, E'{"bobot": 1}');
INSERT INTO "kuis_soal" ("id", "type", "kuis_id", "soal_id", "nama", "keterangan", "parent", "settings") VALUES (125, 2, 14, 76, NULL, NULL, 112, E'{"bobot": 1}');
INSERT INTO "kuis_soal" ("id", "type", "kuis_id", "soal_id", "nama", "keterangan", "parent", "settings") VALUES (126, 2, 14, 77, NULL, NULL, 112, E'{"bobot": 1}');
INSERT INTO "kuis_soal" ("id", "type", "kuis_id", "soal_id", "nama", "keterangan", "parent", "settings") VALUES (112, 1, 14, NULL, E'BAB 1 - PILIHAN', NULL, NULL, E'{"keterangan":"","bobotPerSoal":false,"acakSoal":true,"bobot":"10"}');
INSERT INTO "kuis_soal" ("id", "type", "kuis_id", "soal_id", "nama", "keterangan", "parent", "settings") VALUES (127, 2, 14, 78, NULL, NULL, 113, E'{"bobot": 5}');
INSERT INTO "kuis_soal" ("id", "type", "kuis_id", "soal_id", "nama", "keterangan", "parent", "settings") VALUES (128, 2, 14, 79, NULL, NULL, 113, E'{"bobot": 5}');
INSERT INTO "kuis_soal" ("id", "type", "kuis_id", "soal_id", "nama", "keterangan", "parent", "settings") VALUES (113, 1, 14, NULL, E'BAB 2 - B/S', NULL, NULL, E'{"keterangan":"","bobotPerSoal":false,"acakSoal":false,"bobot":"10"}');
INSERT INTO "kuis_soal" ("id", "type", "kuis_id", "soal_id", "nama", "keterangan", "parent", "settings") VALUES (129, 2, 14, 80, NULL, NULL, 114, E'{"bobot": 10}');
INSERT INTO "kuis_soal" ("id", "type", "kuis_id", "soal_id", "nama", "keterangan", "parent", "settings") VALUES (114, 1, 14, NULL, E'BAB 3 - MENJODOHKAN', NULL, NULL, E'{"keterangan":"","bobotPerSoal":false,"acakSoal":false,"bobot":"10"}');
INSERT INTO "kuis_soal" ("id", "type", "kuis_id", "soal_id", "nama", "keterangan", "parent", "settings") VALUES (130, 2, 14, 81, NULL, NULL, 115, E'{"bobot": 10}');
INSERT INTO "kuis_soal" ("id", "type", "kuis_id", "soal_id", "nama", "keterangan", "parent", "settings") VALUES (115, 1, 14, NULL, E'BAB 4 - ISIAN', NULL, NULL, E'{"keterangan":"","bobotPerSoal":false,"acakSoal":false,"bobot":"10"}');
INSERT INTO "kuis_soal" ("id", "type", "kuis_id", "soal_id", "nama", "keterangan", "parent", "settings") VALUES (116, 1, 14, NULL, E'BAB 5 - ESSAY', NULL, NULL, E'{"keterangan":"","bobotPerSoal":true,"acakSoal":false,"bobot":1}');
INSERT INTO "kuis_soal" ("id", "type", "kuis_id", "soal_id", "nama", "keterangan", "parent", "settings") VALUES (131, 2, 14, 82, NULL, NULL, 116, E'{"bobot":"3"}');
INSERT INTO "kuis_soal" ("id", "type", "kuis_id", "soal_id", "nama", "keterangan", "parent", "settings") VALUES (132, 2, 14, 83, NULL, NULL, 116, E'{"bobot":"7"}');
INSERT INTO "kuis_soal" ("id", "type", "kuis_id", "soal_id", "nama", "keterangan", "parent", "settings") VALUES (133, 1, 15, NULL, E'BAB1', NULL, NULL, E'{"keterangan":"","bobotPerSoal":false,"acakSoal":true,"bobot":"20"}');
INSERT INTO "kuis_soal" ("id", "type", "kuis_id", "soal_id", "nama", "keterangan", "parent", "settings") VALUES (137, 2, 15, 86, NULL, NULL, 136, E'{"bobot": 10}');
INSERT INTO "kuis_soal" ("id", "type", "kuis_id", "soal_id", "nama", "keterangan", "parent", "settings") VALUES (136, 1, 15, NULL, E'BAB2', NULL, NULL, E'{"keterangan":"","bobotPerSoal":false,"acakSoal":false,"bobot":"20"}');
INSERT INTO "kuis_soal" ("id", "type", "kuis_id", "soal_id", "nama", "keterangan", "parent", "settings") VALUES (140, 2, 15, 88, NULL, NULL, 139, E'{"bobot": 20}');
INSERT INTO "kuis_soal" ("id", "type", "kuis_id", "soal_id", "nama", "keterangan", "parent", "settings") VALUES (139, 1, 15, NULL, E'BAB3', NULL, NULL, E'{"keterangan":"","bobotPerSoal":false,"acakSoal":false,"bobot":"20"}');
INSERT INTO "kuis_soal" ("id", "type", "kuis_id", "soal_id", "nama", "keterangan", "parent", "settings") VALUES (142, 2, 15, 89, NULL, NULL, 141, E'{"bobot": 20}');
INSERT INTO "kuis_soal" ("id", "type", "kuis_id", "soal_id", "nama", "keterangan", "parent", "settings") VALUES (141, 1, 15, NULL, E'BAB4', NULL, NULL, E'{"keterangan":"","bobotPerSoal":false,"acakSoal":false,"bobot":"20"}');
INSERT INTO "kuis_soal" ("id", "type", "kuis_id", "soal_id", "nama", "keterangan", "parent", "settings") VALUES (143, 1, 15, NULL, E'BAB5', NULL, NULL, E'{"keterangan":"","bobotPerSoal":true,"acakSoal":false,"bobot":1}');
INSERT INTO "kuis_soal" ("id", "type", "kuis_id", "soal_id", "nama", "keterangan", "parent", "settings") VALUES (134, 2, 15, 84, NULL, NULL, 133, E'{"bobot": 10}');
INSERT INTO "kuis_soal" ("id", "type", "kuis_id", "soal_id", "nama", "keterangan", "parent", "settings") VALUES (135, 2, 15, 85, NULL, NULL, 133, E'{"bobot": 10}');
INSERT INTO "kuis_soal" ("id", "type", "kuis_id", "soal_id", "nama", "keterangan", "parent", "settings") VALUES (138, 2, 15, 87, NULL, NULL, 136, E'{"bobot": 10}');
INSERT INTO "kuis_soal" ("id", "type", "kuis_id", "soal_id", "nama", "keterangan", "parent", "settings") VALUES (144, 2, 15, 90, NULL, NULL, 143, E'{"bobot":"5"}');
INSERT INTO "kuis_soal" ("id", "type", "kuis_id", "soal_id", "nama", "keterangan", "parent", "settings") VALUES (145, 2, 15, 91, NULL, NULL, 143, E'{"bobot":"15"}');



INSERT INTO "mapel_materi" ("id", "type", "mapel_id", "materi_id", "nama", "parent") VALUES (61, 1, 1, NULL, E'xc', NULL);
INSERT INTO "mapel_materi" ("id", "type", "mapel_id", "materi_id", "nama", "parent") VALUES (13, 1, 1, NULL, E'BAB 1', NULL);
INSERT INTO "mapel_materi" ("id", "type", "mapel_id", "materi_id", "nama", "parent") VALUES (14, 1, 1, NULL, E'BAB 2', NULL);
INSERT INTO "mapel_materi" ("id", "type", "mapel_id", "materi_id", "nama", "parent") VALUES (24, 2, 1, 3, NULL, 14);
INSERT INTO "mapel_materi" ("id", "type", "mapel_id", "materi_id", "nama", "parent") VALUES (46, 2, 1, 11, NULL, 40);
INSERT INTO "mapel_materi" ("id", "type", "mapel_id", "materi_id", "nama", "parent") VALUES (40, 1, 1, NULL, E'test', NULL);
INSERT INTO "mapel_materi" ("id", "type", "mapel_id", "materi_id", "nama", "parent") VALUES (83, 2, 1, 32, NULL, 61);
INSERT INTO "mapel_materi" ("id", "type", "mapel_id", "materi_id", "nama", "parent") VALUES (74, 2, 1, 25, NULL, 61);
INSERT INTO "mapel_materi" ("id", "type", "mapel_id", "materi_id", "nama", "parent") VALUES (25, 1, 3, NULL, E'pertemuan 1', NULL);
INSERT INTO "mapel_materi" ("id", "type", "mapel_id", "materi_id", "nama", "parent") VALUES (29, 2, 3, 4, NULL, 28);
INSERT INTO "mapel_materi" ("id", "type", "mapel_id", "materi_id", "nama", "parent") VALUES (28, 1, 3, NULL, E'tugas', 26);
INSERT INTO "mapel_materi" ("id", "type", "mapel_id", "materi_id", "nama", "parent") VALUES (27, 2, 3, 3, NULL, 25);
INSERT INTO "mapel_materi" ("id", "type", "mapel_id", "materi_id", "nama", "parent") VALUES (26, 1, 3, NULL, E'pertemuan 2', NULL);
INSERT INTO "mapel_materi" ("id", "type", "mapel_id", "materi_id", "nama", "parent") VALUES (56, 2, 7, 24, NULL, 51);
INSERT INTO "mapel_materi" ("id", "type", "mapel_id", "materi_id", "nama", "parent") VALUES (48, 1, 7, NULL, E'baru', NULL);
INSERT INTO "mapel_materi" ("id", "type", "mapel_id", "materi_id", "nama", "parent") VALUES (49, 2, 7, 21, NULL, 48);
INSERT INTO "mapel_materi" ("id", "type", "mapel_id", "materi_id", "nama", "parent") VALUES (50, 1, 7, NULL, E'baru2', NULL);
INSERT INTO "mapel_materi" ("id", "type", "mapel_id", "materi_id", "nama", "parent") VALUES (51, 1, 7, NULL, E'baru3', NULL);
INSERT INTO "mapel_materi" ("id", "type", "mapel_id", "materi_id", "nama", "parent") VALUES (52, 1, 7, NULL, E'baru2-1', 50);
INSERT INTO "mapel_materi" ("id", "type", "mapel_id", "materi_id", "nama", "parent") VALUES (53, 1, 7, NULL, E'baru 3-1', 51);
INSERT INTO "mapel_materi" ("id", "type", "mapel_id", "materi_id", "nama", "parent") VALUES (55, 2, 7, 23, NULL, 52);
INSERT INTO "mapel_materi" ("id", "type", "mapel_id", "materi_id", "nama", "parent") VALUES (57, 2, 7, 10, NULL, 48);
INSERT INTO "mapel_materi" ("id", "type", "mapel_id", "materi_id", "nama", "parent") VALUES (58, 2, 7, 6, NULL, 50);
INSERT INTO "mapel_materi" ("id", "type", "mapel_id", "materi_id", "nama", "parent") VALUES (59, 2, 7, 7, NULL, 50);
INSERT INTO "mapel_materi" ("id", "type", "mapel_id", "materi_id", "nama", "parent") VALUES (62, 2, 13, 27, NULL, 0);
INSERT INTO "mapel_materi" ("id", "type", "mapel_id", "materi_id", "nama", "parent") VALUES (75, 1, 53, NULL, E'test', NULL);
INSERT INTO "mapel_materi" ("id", "type", "mapel_id", "materi_id", "nama", "parent") VALUES (71, 2, 54, 28, NULL, 69);
INSERT INTO "mapel_materi" ("id", "type", "mapel_id", "materi_id", "nama", "parent") VALUES (70, 1, 54, NULL, E'pertemuan2', NULL);
INSERT INTO "mapel_materi" ("id", "type", "mapel_id", "materi_id", "nama", "parent") VALUES (73, 2, 54, 6, NULL, 70);
INSERT INTO "mapel_materi" ("id", "type", "mapel_id", "materi_id", "nama", "parent") VALUES (72, 2, 54, 3, NULL, 70);
INSERT INTO "mapel_materi" ("id", "type", "mapel_id", "materi_id", "nama", "parent") VALUES (69, 1, 54, NULL, E'pertemuan1', NULL);
INSERT INTO "mapel_materi" ("id", "type", "mapel_id", "materi_id", "nama", "parent") VALUES (78, 1, 55, NULL, E'pendahuluan', NULL);
INSERT INTO "mapel_materi" ("id", "type", "mapel_id", "materi_id", "nama", "parent") VALUES (82, 2, 55, 31, NULL, 78);
INSERT INTO "mapel_materi" ("id", "type", "mapel_id", "materi_id", "nama", "parent") VALUES (81, 2, 55, 30, NULL, 78);
INSERT INTO "mapel_materi" ("id", "type", "mapel_id", "materi_id", "nama", "parent") VALUES (87, 2, 57, 33, NULL, 85);
INSERT INTO "mapel_materi" ("id", "type", "mapel_id", "materi_id", "nama", "parent") VALUES (85, 1, 57, NULL, E'Pendahuluan', NULL);
INSERT INTO "mapel_materi" ("id", "type", "mapel_id", "materi_id", "nama", "parent") VALUES (86, 1, 57, NULL, E'Bab 1', NULL);
INSERT INTO "mapel_materi" ("id", "type", "mapel_id", "materi_id", "nama", "parent") VALUES (88, 2, 57, 34, NULL, 86);
INSERT INTO "mapel_materi" ("id", "type", "mapel_id", "materi_id", "nama", "parent") VALUES (89, 1, 58, NULL, E'bab 1', NULL);
INSERT INTO "mapel_materi" ("id", "type", "mapel_id", "materi_id", "nama", "parent") VALUES (90, 2, 58, 36, NULL, 89);
INSERT INTO "mapel_materi" ("id", "type", "mapel_id", "materi_id", "nama", "parent") VALUES (91, 1, 58, NULL, E'bab 2', NULL);
INSERT INTO "mapel_materi" ("id", "type", "mapel_id", "materi_id", "nama", "parent") VALUES (92, 2, 58, 37, NULL, 91);
INSERT INTO "mapel_materi" ("id", "type", "mapel_id", "materi_id", "nama", "parent") VALUES (93, 2, 58, 38, NULL, 91);




INSERT INTO "mapel_kuis" ("id", "mapel_id", "kuis_id", "group", "settings", "published") VALUES (18, 1, 11, E'kelas 1', E'{"type":"2","keterangan":null,"waktu":"2","mulai":"2","start":"2019-07-21 19:07:00"}', E'true');
INSERT INTO "mapel_kuis" ("id", "mapel_id", "kuis_id", "group", "settings", "published") VALUES (19, 1, 12, E'kelas 1', E'{"type":"1","keterangan":null}', E'true');
INSERT INTO "mapel_kuis" ("id", "mapel_id", "kuis_id", "group", "settings", "published") VALUES (13, 1, 8, E'kelas 1', E'{"type":"2","keterangan":"kelas 1","waktu":"3","mulai":"1","started":true,"start":"2019-07-17 02:18:01"}', E'true');
INSERT INTO "mapel_kuis" ("id", "mapel_id", "kuis_id", "group", "settings", "published") VALUES (14, 1, 9, E'kelas 1', E'{"type":"2","keterangan":null,"waktu":"60","mulai":"2","start":"1992-07-18 17:30:00"}', E'true');
INSERT INTO "mapel_kuis" ("id", "mapel_id", "kuis_id", "group", "settings", "published") VALUES (17, 1, 8, E'kelas 1', E'{"type":"1","keterangan":null}', E'true');
INSERT INTO "mapel_kuis" ("id", "mapel_id", "kuis_id", "group", "settings", "published") VALUES (12, 1, 8, E'kelas 2', E'{"type":"2","keterangan":"kelas 2","waktu":"20","mulai":"1","started":true,"start":"2019-07-21 16:30:20"}', E'true');
INSERT INTO "mapel_kuis" ("id", "mapel_id", "kuis_id", "group", "settings", "published") VALUES (22, 1, 12, E'kelas 2', E'{}', E'false');
INSERT INTO "mapel_kuis" ("id", "mapel_id", "kuis_id", "group", "settings", "published") VALUES (26, 1, 13, NULL, E'{"type":"1","keterangan":null}', E'true');
INSERT INTO "mapel_kuis" ("id", "mapel_id", "kuis_id", "group", "settings", "published") VALUES (20, 54, 11, E'kelas1', E'{"type":"2","keterangan":null,"waktu":"2","mulai":"1","started":true,"start":"2019-07-29 14:24:25"}', E'true');
INSERT INTO "mapel_kuis" ("id", "mapel_id", "kuis_id", "group", "settings", "published") VALUES (21, 54, 11, E'kelas2', E'{"type":"2","keterangan":null,"waktu":"2","mulai":"1","started":true,"start":"2019-07-29 14:25:36"}', E'true');
INSERT INTO "mapel_kuis" ("id", "mapel_id", "kuis_id", "group", "settings", "published") VALUES (25, 54, 12, E'kelas2', E'{"type":"2","keterangan":null,"waktu":"2","mulai":"2","start":"2019-07-29 15:05:00"}', E'true');
INSERT INTO "mapel_kuis" ("id", "mapel_id", "kuis_id", "group", "settings", "published") VALUES (23, 54, 12, E'kelas2', E'{"type":"2","keterangan":null,"waktu":"2","mulai":"2","start":"2019-07-29 14:34:00"}', E'true');
INSERT INTO "mapel_kuis" ("id", "mapel_id", "kuis_id", "group", "settings", "published") VALUES (15, 55, 10, NULL, E'{"type":"1","keterangan":null}', E'true');
INSERT INTO "mapel_kuis" ("id", "mapel_id", "kuis_id", "group", "settings", "published") VALUES (28, 57, 14, E'kelas 1', E'{"type":"2","keterangan":null,"waktu":"4","mulai":"2","start":"2019-07-31 19:00:00"}', E'true');
INSERT INTO "mapel_kuis" ("id", "mapel_id", "kuis_id", "group", "settings", "published") VALUES (27, 57, 14, E'kelas 1', E'{"type":"1","keterangan":null}', E'true');
INSERT INTO "mapel_kuis" ("id", "mapel_id", "kuis_id", "group", "settings", "published") VALUES (29, 57, 14, E'kelas 1', E'{"type":"2","keterangan":"untuk susulan\\/perbaikan","waktu":"4","mulai":"1","started":false,"start":null}', E'true');
INSERT INTO "mapel_kuis" ("id", "mapel_id", "kuis_id", "group", "settings", "published") VALUES (30, 58, 15, E'kelas1', E'{"type":"1","keterangan":null}', E'true');
INSERT INTO "mapel_kuis" ("id", "mapel_id", "kuis_id", "group", "settings", "published") VALUES (32, 58, 15, E'kelas1', E'{"type":"2","keterangan":null,"waktu":"4","mulai":"1","started":true,"start":"2019-08-01 13:53:22"}', E'true');
INSERT INTO "mapel_kuis" ("id", "mapel_id", "kuis_id", "group", "settings", "published") VALUES (31, 58, 15, E'kelas1', E'{"type":"2","keterangan":null,"waktu":"4","mulai":"2","start":"2019-08-01 13:46:00"}', E'true');




INSERT INTO "hasil" ("id", "user_id", "mapel_kuis_id", "start", "end", "koreksi", "published") VALUES (52, 17, 13, E'2019-07-17 02:18:01', E'2019-07-17 02:21:01', E'false', E'true');
INSERT INTO "hasil" ("id", "user_id", "mapel_kuis_id", "start", "end", "koreksi", "published") VALUES (53, 22, 13, E'2019-07-17 02:18:01', E'2019-07-17 02:21:01', E'false', E'true');
INSERT INTO "hasil" ("id", "user_id", "mapel_kuis_id", "start", "end", "koreksi", "published") VALUES (85, 17, 15, E'2019-08-08 15:42:19', NULL, E'false', E'false');
INSERT INTO "hasil" ("id", "user_id", "mapel_kuis_id", "start", "end", "koreksi", "published") VALUES (66, 22, 17, E'2019-07-29 14:04:29', NULL, E'false', E'false');
INSERT INTO "hasil" ("id", "user_id", "mapel_kuis_id", "start", "end", "koreksi", "published") VALUES (59, 17, 17, E'2019-07-27 19:15:41', NULL, E'false', E'false');
INSERT INTO "hasil" ("id", "user_id", "mapel_kuis_id", "start", "end", "koreksi", "published") VALUES (58, 17, 18, E'2019-07-21 19:07:00', E'2019-07-21 19:09:00', E'false', E'true');
INSERT INTO "hasil" ("id", "user_id", "mapel_kuis_id", "start", "end", "koreksi", "published") VALUES (65, 22, 19, E'2019-07-29 14:03:26', NULL, E'false', E'false');
INSERT INTO "hasil" ("id", "user_id", "mapel_kuis_id", "start", "end", "koreksi", "published") VALUES (60, 17, 19, E'2019-07-27 20:40:07', NULL, E'false', E'false');
INSERT INTO "hasil" ("id", "user_id", "mapel_kuis_id", "start", "end", "koreksi", "published") VALUES (67, 22, 21, E'2019-07-29 14:25:36', E'2019-07-29 14:27:36', E'false', E'false');
INSERT INTO "hasil" ("id", "user_id", "mapel_kuis_id", "start", "end", "koreksi", "published") VALUES (68, 22, 23, E'2019-07-29 14:34:00', E'2019-07-29 14:36:00', E'false', E'true');
INSERT INTO "hasil" ("id", "user_id", "mapel_kuis_id", "start", "end", "koreksi", "published") VALUES (76, 17, 25, E'2019-07-29 15:05:00', E'2019-07-29 15:07:00', E'false', E'false');
INSERT INTO "hasil" ("id", "user_id", "mapel_kuis_id", "start", "end", "koreksi", "published") VALUES (77, 35, 26, E'2019-07-31 10:45:18', NULL, E'false', E'false');
INSERT INTO "hasil" ("id", "user_id", "mapel_kuis_id", "start", "end", "koreksi", "published") VALUES (78, 31, 27, E'2019-07-31 18:56:46', NULL, E'false', E'false');
INSERT INTO "hasil" ("id", "user_id", "mapel_kuis_id", "start", "end", "koreksi", "published") VALUES (79, 35, 27, E'2019-07-31 18:58:19', NULL, E'false', E'false');
INSERT INTO "hasil" ("id", "user_id", "mapel_kuis_id", "start", "end", "koreksi", "published") VALUES (80, 31, 28, E'2019-07-31 19:00:00', E'2019-07-31 19:04:00', E'false', E'true');
INSERT INTO "hasil" ("id", "user_id", "mapel_kuis_id", "start", "end", "koreksi", "published") VALUES (81, 35, 28, E'2019-07-31 19:00:00', E'2019-07-31 19:04:00', E'false', E'true');
INSERT INTO "hasil" ("id", "user_id", "mapel_kuis_id", "start", "end", "koreksi", "published") VALUES (82, 17, 30, E'2019-08-01 13:44:55', NULL, E'false', E'false');
INSERT INTO "hasil" ("id", "user_id", "mapel_kuis_id", "start", "end", "koreksi", "published") VALUES (83, 17, 31, E'2019-08-01 13:46:00', E'2019-08-01 13:50:00', E'false', E'true');
INSERT INTO "hasil" ("id", "user_id", "mapel_kuis_id", "start", "end", "koreksi", "published") VALUES (84, 17, 32, E'2019-08-01 13:53:22', E'2019-08-01 13:57:22', E'false', E'false');



INSERT INTO "hasil_detail" ("id", "hasil_id", "kuis_soal_id", "soal_id", "jawaban", "point", "max_point") VALUES (439, 52, 52, 45, E'[1]', 0.00, 5.00);
INSERT INTO "hasil_detail" ("id", "hasil_id", "kuis_soal_id", "soal_id", "jawaban", "point", "max_point") VALUES (441, 52, 57, 54, E'[{"q":1,"a":0},{"q":2,"a":2},{"q":3,"a":4},{"q":4,"a":5}]', 4.00, 10.00);
INSERT INTO "hasil_detail" ("id", "hasil_id", "kuis_soal_id", "soal_id", "jawaban", "point", "max_point") VALUES (431, 52, 54, 50, E'true', 5.00, 5.00);
INSERT INTO "hasil_detail" ("id", "hasil_id", "kuis_soal_id", "soal_id", "jawaban", "point", "max_point") VALUES (436, 52, 49, 48, E'[2,5]', 5.00, 5.00);
INSERT INTO "hasil_detail" ("id", "hasil_id", "kuis_soal_id", "soal_id", "jawaban", "point", "max_point") VALUES (438, 52, 51, 46, E'[1]', 5.00, 5.00);
INSERT INTO "hasil_detail" ("id", "hasil_id", "kuis_soal_id", "soal_id", "jawaban", "point", "max_point") VALUES (433, 52, 56, 53, E'false', 5.00, 5.00);
INSERT INTO "hasil_detail" ("id", "hasil_id", "kuis_soal_id", "soal_id", "jawaban", "point", "max_point") VALUES (440, 52, 53, 44, E'[4]', 5.00, 5.00);
INSERT INTO "hasil_detail" ("id", "hasil_id", "kuis_soal_id", "soal_id", "jawaban", "point", "max_point") VALUES (435, 52, 48, 49, E'[3]', 5.00, 5.00);
INSERT INTO "hasil_detail" ("id", "hasil_id", "kuis_soal_id", "soal_id", "jawaban", "point", "max_point") VALUES (437, 52, 50, 47, E'[3]', 5.00, 5.00);
INSERT INTO "hasil_detail" ("id", "hasil_id", "kuis_soal_id", "soal_id", "jawaban", "point", "max_point") VALUES (434, 52, 47, 52, E'[5]', 5.00, 5.00);
INSERT INTO "hasil_detail" ("id", "hasil_id", "kuis_soal_id", "soal_id", "jawaban", "point", "max_point") VALUES (432, 52, 55, 51, E'false', 5.00, 5.00);
INSERT INTO "hasil_detail" ("id", "hasil_id", "kuis_soal_id", "soal_id", "jawaban", "point", "max_point") VALUES (430, 52, 46, 55, E'"siap"', 15.00, 20.00);
INSERT INTO "hasil_detail" ("id", "hasil_id", "kuis_soal_id", "soal_id", "jawaban", "point", "max_point") VALUES (429, 52, 45, 56, E'"oke"', 20.00, 20.00);
INSERT INTO "hasil_detail" ("id", "hasil_id", "kuis_soal_id", "soal_id", "jawaban", "point", "max_point") VALUES (452, 53, 52, 45, E'[3]', 0.00, 5.00);
INSERT INTO "hasil_detail" ("id", "hasil_id", "kuis_soal_id", "soal_id", "jawaban", "point", "max_point") VALUES (449, 53, 49, 48, E'[2,4]', 0.00, 5.00);
INSERT INTO "hasil_detail" ("id", "hasil_id", "kuis_soal_id", "soal_id", "jawaban", "point", "max_point") VALUES (445, 53, 55, 51, E'true', 0.00, 5.00);
INSERT INTO "hasil_detail" ("id", "hasil_id", "kuis_soal_id", "soal_id", "jawaban", "point", "max_point") VALUES (446, 53, 56, 53, E'true', 0.00, 5.00);
INSERT INTO "hasil_detail" ("id", "hasil_id", "kuis_soal_id", "soal_id", "jawaban", "point", "max_point") VALUES (450, 53, 50, 47, E'[3]', 5.00, 5.00);
INSERT INTO "hasil_detail" ("id", "hasil_id", "kuis_soal_id", "soal_id", "jawaban", "point", "max_point") VALUES (447, 53, 47, 52, E'[5]', 5.00, 5.00);
INSERT INTO "hasil_detail" ("id", "hasil_id", "kuis_soal_id", "soal_id", "jawaban", "point", "max_point") VALUES (448, 53, 48, 49, E'[3]', 5.00, 5.00);
INSERT INTO "hasil_detail" ("id", "hasil_id", "kuis_soal_id", "soal_id", "jawaban", "point", "max_point") VALUES (444, 53, 54, 50, E'true', 5.00, 5.00);
INSERT INTO "hasil_detail" ("id", "hasil_id", "kuis_soal_id", "soal_id", "jawaban", "point", "max_point") VALUES (453, 53, 53, 44, E'[4]', 5.00, 5.00);
INSERT INTO "hasil_detail" ("id", "hasil_id", "kuis_soal_id", "soal_id", "jawaban", "point", "max_point") VALUES (451, 53, 51, 46, E'[1]', 5.00, 5.00);
INSERT INTO "hasil_detail" ("id", "hasil_id", "kuis_soal_id", "soal_id", "jawaban", "point", "max_point") VALUES (454, 53, 57, 54, E'[{"q":0,"a":1},{"q":1,"a":2},{"q":2,"a":3},{"q":3,"a":4},{"q":4,"a":5}]', 8.00, 10.00);
INSERT INTO "hasil_detail" ("id", "hasil_id", "kuis_soal_id", "soal_id", "jawaban", "point", "max_point") VALUES (442, 53, 45, 56, E'"mboh"', 18.00, 20.00);
INSERT INTO "hasil_detail" ("id", "hasil_id", "kuis_soal_id", "soal_id", "jawaban", "point", "max_point") VALUES (443, 53, 46, 55, NULL, 20.00, 20.00);
INSERT INTO "hasil_detail" ("id", "hasil_id", "kuis_soal_id", "soal_id", "jawaban", "point", "max_point") VALUES (491, 58, 87, 45, E'[1]', 0.00, 5.00);
INSERT INTO "hasil_detail" ("id", "hasil_id", "kuis_soal_id", "soal_id", "jawaban", "point", "max_point") VALUES (493, 58, 89, 46, E'[1]', 5.00, 5.00);
INSERT INTO "hasil_detail" ("id", "hasil_id", "kuis_soal_id", "soal_id", "jawaban", "point", "max_point") VALUES (492, 58, 88, 52, E'[5]', 5.00, 5.00);
INSERT INTO "hasil_detail" ("id", "hasil_id", "kuis_soal_id", "soal_id", "jawaban", "point", "max_point") VALUES (495, 58, 91, 54, E'[{"q":0,"a":1},{"q":2,"a":0},{"q":1,"a":2},{"q":3,"a":5},{"q":4,"a":4}]', 10.50, 17.50);
INSERT INTO "hasil_detail" ("id", "hasil_id", "kuis_soal_id", "soal_id", "jawaban", "point", "max_point") VALUES (494, 58, 90, 60, E'["satu","dua","tiga","empat"]', 15.00, 17.50);
INSERT INTO "hasil_detail" ("id", "hasil_id", "kuis_soal_id", "soal_id", "jawaban", "point", "max_point") VALUES (502, 59, 48, 49, E'[1]', 0.00, 5.00);
INSERT INTO "hasil_detail" ("id", "hasil_id", "kuis_soal_id", "soal_id", "jawaban", "point", "max_point") VALUES (508, 59, 57, 54, E'[{"q":0,"a":0},{"q":1,"a":1},{"q":2,"a":2},{"q":3,"a":3},{"q":4,"a":4}]', 0.00, 10.00);
INSERT INTO "hasil_detail" ("id", "hasil_id", "kuis_soal_id", "soal_id", "jawaban", "point", "max_point") VALUES (498, 59, 54, 50, E'false', 0.00, 5.00);
INSERT INTO "hasil_detail" ("id", "hasil_id", "kuis_soal_id", "soal_id", "jawaban", "point", "max_point") VALUES (499, 59, 55, 51, NULL, NULL, 5.00);
INSERT INTO "hasil_detail" ("id", "hasil_id", "kuis_soal_id", "soal_id", "jawaban", "point", "max_point") VALUES (496, 59, 45, 56, NULL, NULL, 20.00);
INSERT INTO "hasil_detail" ("id", "hasil_id", "kuis_soal_id", "soal_id", "jawaban", "point", "max_point") VALUES (497, 59, 46, 55, NULL, NULL, 20.00);
INSERT INTO "hasil_detail" ("id", "hasil_id", "kuis_soal_id", "soal_id", "jawaban", "point", "max_point") VALUES (500, 59, 56, 53, NULL, NULL, 5.00);
INSERT INTO "hasil_detail" ("id", "hasil_id", "kuis_soal_id", "soal_id", "jawaban", "point", "max_point") VALUES (501, 59, 47, 52, NULL, NULL, 5.00);
INSERT INTO "hasil_detail" ("id", "hasil_id", "kuis_soal_id", "soal_id", "jawaban", "point", "max_point") VALUES (503, 59, 49, 48, NULL, NULL, 5.00);
INSERT INTO "hasil_detail" ("id", "hasil_id", "kuis_soal_id", "soal_id", "jawaban", "point", "max_point") VALUES (504, 59, 50, 47, NULL, NULL, 5.00);
INSERT INTO "hasil_detail" ("id", "hasil_id", "kuis_soal_id", "soal_id", "jawaban", "point", "max_point") VALUES (505, 59, 51, 46, NULL, NULL, 5.00);
INSERT INTO "hasil_detail" ("id", "hasil_id", "kuis_soal_id", "soal_id", "jawaban", "point", "max_point") VALUES (506, 59, 52, 45, NULL, NULL, 5.00);
INSERT INTO "hasil_detail" ("id", "hasil_id", "kuis_soal_id", "soal_id", "jawaban", "point", "max_point") VALUES (507, 59, 53, 44, NULL, NULL, 5.00);
INSERT INTO "hasil_detail" ("id", "hasil_id", "kuis_soal_id", "soal_id", "jawaban", "point", "max_point") VALUES (509, 60, 94, 52, E'[4]', 0.00, 20.00);
INSERT INTO "hasil_detail" ("id", "hasil_id", "kuis_soal_id", "soal_id", "jawaban", "point", "max_point") VALUES (511, 60, 96, 61, E'["wawa"]', NULL, 50.00);
INSERT INTO "hasil_detail" ("id", "hasil_id", "kuis_soal_id", "soal_id", "jawaban", "point", "max_point") VALUES (510, 60, 95, 45, NULL, NULL, 20.00);
INSERT INTO "hasil_detail" ("id", "hasil_id", "kuis_soal_id", "soal_id", "jawaban", "point", "max_point") VALUES (512, 60, 97, 60, E'["ouc1","sadf2","asfsa3","vvv4","xaxva5"]', NULL, 20.00);
INSERT INTO "hasil_detail" ("id", "hasil_id", "kuis_soal_id", "soal_id", "jawaban", "point", "max_point") VALUES (548, 65, 95, 45, E'[3]', 0.00, 20.00);
INSERT INTO "hasil_detail" ("id", "hasil_id", "kuis_soal_id", "soal_id", "jawaban", "point", "max_point") VALUES (547, 65, 94, 52, E'[5]', 20.00, 20.00);
INSERT INTO "hasil_detail" ("id", "hasil_id", "kuis_soal_id", "soal_id", "jawaban", "point", "max_point") VALUES (550, 65, 97, 60, E'["a","b","c",null,"e"]', NULL, 20.00);
INSERT INTO "hasil_detail" ("id", "hasil_id", "kuis_soal_id", "soal_id", "jawaban", "point", "max_point") VALUES (549, 65, 96, 61, E'["2"]', NULL, 50.00);
INSERT INTO "hasil_detail" ("id", "hasil_id", "kuis_soal_id", "soal_id", "jawaban", "point", "max_point") VALUES (560, 66, 51, 46, E'[3]', 0.00, 5.00);
INSERT INTO "hasil_detail" ("id", "hasil_id", "kuis_soal_id", "soal_id", "jawaban", "point", "max_point") VALUES (555, 66, 56, 53, E'true', 0.00, 5.00);
INSERT INTO "hasil_detail" ("id", "hasil_id", "kuis_soal_id", "soal_id", "jawaban", "point", "max_point") VALUES (558, 66, 49, 48, E'[2,5]', 5.00, 5.00);
INSERT INTO "hasil_detail" ("id", "hasil_id", "kuis_soal_id", "soal_id", "jawaban", "point", "max_point") VALUES (554, 66, 55, 51, E'false', 5.00, 5.00);
INSERT INTO "hasil_detail" ("id", "hasil_id", "kuis_soal_id", "soal_id", "jawaban", "point", "max_point") VALUES (557, 66, 48, 49, E'[3]', 5.00, 5.00);
INSERT INTO "hasil_detail" ("id", "hasil_id", "kuis_soal_id", "soal_id", "jawaban", "point", "max_point") VALUES (561, 66, 52, 45, E'[2]', 5.00, 5.00);
INSERT INTO "hasil_detail" ("id", "hasil_id", "kuis_soal_id", "soal_id", "jawaban", "point", "max_point") VALUES (563, 66, 57, 54, E'[{"q":0,"a":1},{"q":1,"a":0},{"q":2,"a":2},{"q":3,"a":4},{"q":4,"a":5}]', 6.00, 10.00);
INSERT INTO "hasil_detail" ("id", "hasil_id", "kuis_soal_id", "soal_id", "jawaban", "point", "max_point") VALUES (559, 66, 50, 47, NULL, NULL, 5.00);
INSERT INTO "hasil_detail" ("id", "hasil_id", "kuis_soal_id", "soal_id", "jawaban", "point", "max_point") VALUES (551, 66, 45, 56, E'null', NULL, 20.00);
INSERT INTO "hasil_detail" ("id", "hasil_id", "kuis_soal_id", "soal_id", "jawaban", "point", "max_point") VALUES (562, 66, 53, 44, NULL, NULL, 5.00);
INSERT INTO "hasil_detail" ("id", "hasil_id", "kuis_soal_id", "soal_id", "jawaban", "point", "max_point") VALUES (552, 66, 46, 55, E'null', NULL, 20.00);
INSERT INTO "hasil_detail" ("id", "hasil_id", "kuis_soal_id", "soal_id", "jawaban", "point", "max_point") VALUES (556, 66, 47, 52, NULL, NULL, 5.00);
INSERT INTO "hasil_detail" ("id", "hasil_id", "kuis_soal_id", "soal_id", "jawaban", "point", "max_point") VALUES (553, 66, 54, 50, NULL, NULL, 5.00);
INSERT INTO "hasil_detail" ("id", "hasil_id", "kuis_soal_id", "soal_id", "jawaban", "point", "max_point") VALUES (565, 67, 88, 52, NULL, NULL, 5.00);
INSERT INTO "hasil_detail" ("id", "hasil_id", "kuis_soal_id", "soal_id", "jawaban", "point", "max_point") VALUES (564, 67, 87, 45, NULL, NULL, 5.00);
INSERT INTO "hasil_detail" ("id", "hasil_id", "kuis_soal_id", "soal_id", "jawaban", "point", "max_point") VALUES (566, 67, 89, 46, NULL, NULL, 5.00);
INSERT INTO "hasil_detail" ("id", "hasil_id", "kuis_soal_id", "soal_id", "jawaban", "point", "max_point") VALUES (567, 67, 90, 60, NULL, NULL, 17.50);
INSERT INTO "hasil_detail" ("id", "hasil_id", "kuis_soal_id", "soal_id", "jawaban", "point", "max_point") VALUES (568, 67, 91, 54, NULL, NULL, 17.50);
INSERT INTO "hasil_detail" ("id", "hasil_id", "kuis_soal_id", "soal_id", "jawaban", "point", "max_point") VALUES (572, 68, 97, 60, E'["satu","dua","tuga","mpat","limo"]', 20.00, 20.00);
INSERT INTO "hasil_detail" ("id", "hasil_id", "kuis_soal_id", "soal_id", "jawaban", "point", "max_point") VALUES (569, 68, 94, 52, E'[5]', 20.00, 20.00);
INSERT INTO "hasil_detail" ("id", "hasil_id", "kuis_soal_id", "soal_id", "jawaban", "point", "max_point") VALUES (570, 68, 95, 45, E'[2]', 20.00, 20.00);
INSERT INTO "hasil_detail" ("id", "hasil_id", "kuis_soal_id", "soal_id", "jawaban", "point", "max_point") VALUES (571, 68, 96, 61, E'["ya"]', 50.00, 50.00);
INSERT INTO "hasil_detail" ("id", "hasil_id", "kuis_soal_id", "soal_id", "jawaban", "point", "max_point") VALUES (586, 76, 95, 45, NULL, 0.00, 20.00);
INSERT INTO "hasil_detail" ("id", "hasil_id", "kuis_soal_id", "soal_id", "jawaban", "point", "max_point") VALUES (585, 76, 94, 52, E'[5]', 20.00, 20.00);
INSERT INTO "hasil_detail" ("id", "hasil_id", "kuis_soal_id", "soal_id", "jawaban", "point", "max_point") VALUES (587, 76, 96, 61, NULL, NULL, 50.00);
INSERT INTO "hasil_detail" ("id", "hasil_id", "kuis_soal_id", "soal_id", "jawaban", "point", "max_point") VALUES (588, 76, 97, 60, NULL, NULL, 20.00);
INSERT INTO "hasil_detail" ("id", "hasil_id", "kuis_soal_id", "soal_id", "jawaban", "point", "max_point") VALUES (595, 77, 103, 64, E'[3]', 0.00, 10.00);
INSERT INTO "hasil_detail" ("id", "hasil_id", "kuis_soal_id", "soal_id", "jawaban", "point", "max_point") VALUES (593, 77, 100, 65, NULL, 0.00, 10.00);
INSERT INTO "hasil_detail" ("id", "hasil_id", "kuis_soal_id", "soal_id", "jawaban", "point", "max_point") VALUES (592, 77, 99, 63, NULL, 0.00, 10.00);
INSERT INTO "hasil_detail" ("id", "hasil_id", "kuis_soal_id", "soal_id", "jawaban", "point", "max_point") VALUES (590, 77, 109, 54, E'[{"q":2,"a":2},{"q":1,"a":1},{"q":3,"a":3},{"q":4,"a":4}]', 0.00, 50.00);
INSERT INTO "hasil_detail" ("id", "hasil_id", "kuis_soal_id", "soal_id", "jawaban", "point", "max_point") VALUES (596, 77, 104, 47, NULL, 0.00, 10.00);
INSERT INTO "hasil_detail" ("id", "hasil_id", "kuis_soal_id", "soal_id", "jawaban", "point", "max_point") VALUES (594, 77, 102, 49, NULL, 0.00, 10.00);
INSERT INTO "hasil_detail" ("id", "hasil_id", "kuis_soal_id", "soal_id", "jawaban", "point", "max_point") VALUES (597, 77, 106, 55, NULL, NULL, 15.00);
INSERT INTO "hasil_detail" ("id", "hasil_id", "kuis_soal_id", "soal_id", "jawaban", "point", "max_point") VALUES (591, 77, 111, 60, E'["1","2","3","4","5"]', NULL, 50.00);
INSERT INTO "hasil_detail" ("id", "hasil_id", "kuis_soal_id", "soal_id", "jawaban", "point", "max_point") VALUES (589, 77, 107, 56, E'null', NULL, 35.00);
INSERT INTO "hasil_detail" ("id", "hasil_id", "kuis_soal_id", "soal_id", "jawaban", "point", "max_point") VALUES (602, 78, 121, 70, NULL, 0.00, 1.00);
INSERT INTO "hasil_detail" ("id", "hasil_id", "kuis_soal_id", "soal_id", "jawaban", "point", "max_point") VALUES (598, 78, 117, 66, NULL, 0.00, 1.00);
INSERT INTO "hasil_detail" ("id", "hasil_id", "kuis_soal_id", "soal_id", "jawaban", "point", "max_point") VALUES (599, 78, 118, 67, NULL, 0.00, 1.00);
INSERT INTO "hasil_detail" ("id", "hasil_id", "kuis_soal_id", "soal_id", "jawaban", "point", "max_point") VALUES (600, 78, 119, 68, NULL, 0.00, 1.00);
INSERT INTO "hasil_detail" ("id", "hasil_id", "kuis_soal_id", "soal_id", "jawaban", "point", "max_point") VALUES (601, 78, 120, 69, NULL, 0.00, 1.00);
INSERT INTO "hasil_detail" ("id", "hasil_id", "kuis_soal_id", "soal_id", "jawaban", "point", "max_point") VALUES (604, 78, 123, 72, NULL, 0.00, 1.00);
INSERT INTO "hasil_detail" ("id", "hasil_id", "kuis_soal_id", "soal_id", "jawaban", "point", "max_point") VALUES (605, 78, 124, 73, NULL, 0.00, 1.00);
INSERT INTO "hasil_detail" ("id", "hasil_id", "kuis_soal_id", "soal_id", "jawaban", "point", "max_point") VALUES (606, 78, 125, 76, NULL, 0.00, 1.00);
INSERT INTO "hasil_detail" ("id", "hasil_id", "kuis_soal_id", "soal_id", "jawaban", "point", "max_point") VALUES (607, 78, 126, 77, NULL, 0.00, 1.00);
INSERT INTO "hasil_detail" ("id", "hasil_id", "kuis_soal_id", "soal_id", "jawaban", "point", "max_point") VALUES (608, 78, 127, 78, NULL, 0.00, 5.00);
INSERT INTO "hasil_detail" ("id", "hasil_id", "kuis_soal_id", "soal_id", "jawaban", "point", "max_point") VALUES (610, 78, 129, 80, NULL, 0.00, 10.00);
INSERT INTO "hasil_detail" ("id", "hasil_id", "kuis_soal_id", "soal_id", "jawaban", "point", "max_point") VALUES (603, 78, 122, 71, E'[1]', 1.00, 1.00);
INSERT INTO "hasil_detail" ("id", "hasil_id", "kuis_soal_id", "soal_id", "jawaban", "point", "max_point") VALUES (609, 78, 128, 79, E'false', 5.00, 5.00);
INSERT INTO "hasil_detail" ("id", "hasil_id", "kuis_soal_id", "soal_id", "jawaban", "point", "max_point") VALUES (613, 78, 132, 83, NULL, NULL, 7.00);
INSERT INTO "hasil_detail" ("id", "hasil_id", "kuis_soal_id", "soal_id", "jawaban", "point", "max_point") VALUES (611, 78, 130, 81, NULL, NULL, 10.00);
INSERT INTO "hasil_detail" ("id", "hasil_id", "kuis_soal_id", "soal_id", "jawaban", "point", "max_point") VALUES (612, 78, 131, 82, NULL, NULL, 3.00);
INSERT INTO "hasil_detail" ("id", "hasil_id", "kuis_soal_id", "soal_id", "jawaban", "point", "max_point") VALUES (622, 79, 125, 76, E'[3]', 0.00, 1.00);
INSERT INTO "hasil_detail" ("id", "hasil_id", "kuis_soal_id", "soal_id", "jawaban", "point", "max_point") VALUES (616, 79, 119, 68, NULL, 0.00, 1.00);
INSERT INTO "hasil_detail" ("id", "hasil_id", "kuis_soal_id", "soal_id", "jawaban", "point", "max_point") VALUES (618, 79, 121, 70, NULL, 0.00, 1.00);
INSERT INTO "hasil_detail" ("id", "hasil_id", "kuis_soal_id", "soal_id", "jawaban", "point", "max_point") VALUES (617, 79, 120, 69, NULL, 0.00, 1.00);
INSERT INTO "hasil_detail" ("id", "hasil_id", "kuis_soal_id", "soal_id", "jawaban", "point", "max_point") VALUES (619, 79, 122, 71, NULL, 0.00, 1.00);
INSERT INTO "hasil_detail" ("id", "hasil_id", "kuis_soal_id", "soal_id", "jawaban", "point", "max_point") VALUES (614, 79, 117, 66, NULL, 0.00, 1.00);
INSERT INTO "hasil_detail" ("id", "hasil_id", "kuis_soal_id", "soal_id", "jawaban", "point", "max_point") VALUES (621, 79, 124, 73, NULL, 0.00, 1.00);
INSERT INTO "hasil_detail" ("id", "hasil_id", "kuis_soal_id", "soal_id", "jawaban", "point", "max_point") VALUES (620, 79, 123, 72, NULL, 0.00, 1.00);
INSERT INTO "hasil_detail" ("id", "hasil_id", "kuis_soal_id", "soal_id", "jawaban", "point", "max_point") VALUES (623, 79, 126, 77, E'[2,3,4]', 1.00, 1.00);
INSERT INTO "hasil_detail" ("id", "hasil_id", "kuis_soal_id", "soal_id", "jawaban", "point", "max_point") VALUES (615, 79, 118, 67, E'[4]', 1.00, 1.00);
INSERT INTO "hasil_detail" ("id", "hasil_id", "kuis_soal_id", "soal_id", "jawaban", "point", "max_point") VALUES (625, 79, 128, 79, E'false', 5.00, 5.00);
INSERT INTO "hasil_detail" ("id", "hasil_id", "kuis_soal_id", "soal_id", "jawaban", "point", "max_point") VALUES (624, 79, 127, 78, E'true', 5.00, 5.00);
INSERT INTO "hasil_detail" ("id", "hasil_id", "kuis_soal_id", "soal_id", "jawaban", "point", "max_point") VALUES (626, 79, 129, 80, E'[{"q":0,"a":1},{"q":1,"a":0},{"q":2,"a":2}]', 10.00, 10.00);
INSERT INTO "hasil_detail" ("id", "hasil_id", "kuis_soal_id", "soal_id", "jawaban", "point", "max_point") VALUES (629, 79, 132, 83, E'"a"', NULL, 7.00);
INSERT INTO "hasil_detail" ("id", "hasil_id", "kuis_soal_id", "soal_id", "jawaban", "point", "max_point") VALUES (628, 79, 131, 82, NULL, NULL, 3.00);
INSERT INTO "hasil_detail" ("id", "hasil_id", "kuis_soal_id", "soal_id", "jawaban", "point", "max_point") VALUES (627, 79, 130, 81, E'["eat","have",null]', NULL, 10.00);
INSERT INTO "hasil_detail" ("id", "hasil_id", "kuis_soal_id", "soal_id", "jawaban", "point", "max_point") VALUES (637, 80, 124, 73, NULL, 0.00, 1.00);
INSERT INTO "hasil_detail" ("id", "hasil_id", "kuis_soal_id", "soal_id", "jawaban", "point", "max_point") VALUES (631, 80, 118, 67, NULL, 0.00, 1.00);
INSERT INTO "hasil_detail" ("id", "hasil_id", "kuis_soal_id", "soal_id", "jawaban", "point", "max_point") VALUES (633, 80, 120, 69, NULL, 0.00, 1.00);
INSERT INTO "hasil_detail" ("id", "hasil_id", "kuis_soal_id", "soal_id", "jawaban", "point", "max_point") VALUES (635, 80, 122, 71, NULL, 0.00, 1.00);
INSERT INTO "hasil_detail" ("id", "hasil_id", "kuis_soal_id", "soal_id", "jawaban", "point", "max_point") VALUES (638, 80, 125, 76, E'[2,3]', 0.00, 1.00);
INSERT INTO "hasil_detail" ("id", "hasil_id", "kuis_soal_id", "soal_id", "jawaban", "point", "max_point") VALUES (639, 80, 126, 77, E'[1,2,3]', 0.00, 1.00);
INSERT INTO "hasil_detail" ("id", "hasil_id", "kuis_soal_id", "soal_id", "jawaban", "point", "max_point") VALUES (636, 80, 123, 72, E'[2]', 1.00, 1.00);
INSERT INTO "hasil_detail" ("id", "hasil_id", "kuis_soal_id", "soal_id", "jawaban", "point", "max_point") VALUES (634, 80, 121, 70, E'[1]', 1.00, 1.00);
INSERT INTO "hasil_detail" ("id", "hasil_id", "kuis_soal_id", "soal_id", "jawaban", "point", "max_point") VALUES (630, 80, 117, 66, E'[1]', 1.00, 1.00);
INSERT INTO "hasil_detail" ("id", "hasil_id", "kuis_soal_id", "soal_id", "jawaban", "point", "max_point") VALUES (632, 80, 119, 68, E'[2]', 1.00, 1.00);
INSERT INTO "hasil_detail" ("id", "hasil_id", "kuis_soal_id", "soal_id", "jawaban", "point", "max_point") VALUES (644, 80, 131, 82, E'"adalah"', 3.00, 3.00);
INSERT INTO "hasil_detail" ("id", "hasil_id", "kuis_soal_id", "soal_id", "jawaban", "point", "max_point") VALUES (645, 80, 132, 83, E'"adalahadalah"', 3.00, 7.00);
INSERT INTO "hasil_detail" ("id", "hasil_id", "kuis_soal_id", "soal_id", "jawaban", "point", "max_point") VALUES (640, 80, 127, 78, E'true', 5.00, 5.00);
INSERT INTO "hasil_detail" ("id", "hasil_id", "kuis_soal_id", "soal_id", "jawaban", "point", "max_point") VALUES (641, 80, 128, 79, E'false', 5.00, 5.00);
INSERT INTO "hasil_detail" ("id", "hasil_id", "kuis_soal_id", "soal_id", "jawaban", "point", "max_point") VALUES (642, 80, 129, 80, E'[{"q":0,"a":1},{"q":1,"a":0}]', 6.67, 10.00);
INSERT INTO "hasil_detail" ("id", "hasil_id", "kuis_soal_id", "soal_id", "jawaban", "point", "max_point") VALUES (643, 80, 130, 81, E'["eat","have","run"]', 10.00, 10.00);
INSERT INTO "hasil_detail" ("id", "hasil_id", "kuis_soal_id", "soal_id", "jawaban", "point", "max_point") VALUES (656, 81, 127, 78, E'false', 0.00, 5.00);
INSERT INTO "hasil_detail" ("id", "hasil_id", "kuis_soal_id", "soal_id", "jawaban", "point", "max_point") VALUES (661, 81, 132, 83, NULL, 0.00, 7.00);
INSERT INTO "hasil_detail" ("id", "hasil_id", "kuis_soal_id", "soal_id", "jawaban", "point", "max_point") VALUES (653, 81, 124, 73, E'[1]', 0.00, 1.00);
INSERT INTO "hasil_detail" ("id", "hasil_id", "kuis_soal_id", "soal_id", "jawaban", "point", "max_point") VALUES (648, 81, 119, 68, E'[2]', 1.00, 1.00);
INSERT INTO "hasil_detail" ("id", "hasil_id", "kuis_soal_id", "soal_id", "jawaban", "point", "max_point") VALUES (655, 81, 126, 77, E'[2,3,4]', 1.00, 1.00);
INSERT INTO "hasil_detail" ("id", "hasil_id", "kuis_soal_id", "soal_id", "jawaban", "point", "max_point") VALUES (647, 81, 118, 67, E'[4]', 1.00, 1.00);
INSERT INTO "hasil_detail" ("id", "hasil_id", "kuis_soal_id", "soal_id", "jawaban", "point", "max_point") VALUES (654, 81, 125, 76, E'[1,3]', 1.00, 1.00);
INSERT INTO "hasil_detail" ("id", "hasil_id", "kuis_soal_id", "soal_id", "jawaban", "point", "max_point") VALUES (652, 81, 123, 72, E'[2]', 1.00, 1.00);
INSERT INTO "hasil_detail" ("id", "hasil_id", "kuis_soal_id", "soal_id", "jawaban", "point", "max_point") VALUES (650, 81, 121, 70, E'[1]', 1.00, 1.00);
INSERT INTO "hasil_detail" ("id", "hasil_id", "kuis_soal_id", "soal_id", "jawaban", "point", "max_point") VALUES (651, 81, 122, 71, E'[1]', 1.00, 1.00);
INSERT INTO "hasil_detail" ("id", "hasil_id", "kuis_soal_id", "soal_id", "jawaban", "point", "max_point") VALUES (649, 81, 120, 69, E'[2]', 1.00, 1.00);
INSERT INTO "hasil_detail" ("id", "hasil_id", "kuis_soal_id", "soal_id", "jawaban", "point", "max_point") VALUES (646, 81, 117, 66, E'[1]', 1.00, 1.00);
INSERT INTO "hasil_detail" ("id", "hasil_id", "kuis_soal_id", "soal_id", "jawaban", "point", "max_point") VALUES (660, 81, 131, 82, E'"adalah"', 3.00, 3.00);
INSERT INTO "hasil_detail" ("id", "hasil_id", "kuis_soal_id", "soal_id", "jawaban", "point", "max_point") VALUES (659, 81, 130, 81, E'{"1":"have"}', 4.00, 10.00);
INSERT INTO "hasil_detail" ("id", "hasil_id", "kuis_soal_id", "soal_id", "jawaban", "point", "max_point") VALUES (657, 81, 128, 79, E'false', 5.00, 5.00);
INSERT INTO "hasil_detail" ("id", "hasil_id", "kuis_soal_id", "soal_id", "jawaban", "point", "max_point") VALUES (658, 81, 129, 80, E'[{"q":1,"a":0},{"q":2,"a":2},{"q":0,"a":1}]', 10.00, 10.00);
INSERT INTO "hasil_detail" ("id", "hasil_id", "kuis_soal_id", "soal_id", "jawaban", "point", "max_point") VALUES (662, 82, 137, 86, NULL, 0.00, 10.00);
INSERT INTO "hasil_detail" ("id", "hasil_id", "kuis_soal_id", "soal_id", "jawaban", "point", "max_point") VALUES (667, 82, 138, 87, E'true', 0.00, 10.00);
INSERT INTO "hasil_detail" ("id", "hasil_id", "kuis_soal_id", "soal_id", "jawaban", "point", "max_point") VALUES (666, 82, 135, 85, NULL, 0.00, 10.00);
INSERT INTO "hasil_detail" ("id", "hasil_id", "kuis_soal_id", "soal_id", "jawaban", "point", "max_point") VALUES (665, 82, 134, 84, E'[1]', 10.00, 10.00);
INSERT INTO "hasil_detail" ("id", "hasil_id", "kuis_soal_id", "soal_id", "jawaban", "point", "max_point") VALUES (663, 82, 140, 88, E'[{"q":0,"a":0},{"q":1,"a":1},{"q":2,"a":3},{"q":3,"a":2}]', 10.00, 20.00);
INSERT INTO "hasil_detail" ("id", "hasil_id", "kuis_soal_id", "soal_id", "jawaban", "point", "max_point") VALUES (668, 82, 144, 90, NULL, NULL, 5.00);
INSERT INTO "hasil_detail" ("id", "hasil_id", "kuis_soal_id", "soal_id", "jawaban", "point", "max_point") VALUES (664, 82, 142, 89, E'["jawkarta","2","1"]', NULL, 20.00);
INSERT INTO "hasil_detail" ("id", "hasil_id", "kuis_soal_id", "soal_id", "jawaban", "point", "max_point") VALUES (669, 82, 145, 91, E'"jsjjs"', NULL, 15.00);
INSERT INTO "hasil_detail" ("id", "hasil_id", "kuis_soal_id", "soal_id", "jawaban", "point", "max_point") VALUES (674, 83, 135, 85, E'[2,3]', 0.00, 10.00);
INSERT INTO "hasil_detail" ("id", "hasil_id", "kuis_soal_id", "soal_id", "jawaban", "point", "max_point") VALUES (676, 83, 144, 90, E'"jawaban"', 2.00, 5.00);
INSERT INTO "hasil_detail" ("id", "hasil_id", "kuis_soal_id", "soal_id", "jawaban", "point", "max_point") VALUES (671, 83, 140, 88, E'[{"q":0,"a":1},{"q":1,"a":0},{"q":2,"a":3},{"q":3,"a":2}]', 5.00, 20.00);
INSERT INTO "hasil_detail" ("id", "hasil_id", "kuis_soal_id", "soal_id", "jawaban", "point", "max_point") VALUES (673, 83, 134, 84, E'[1]', 10.00, 10.00);
INSERT INTO "hasil_detail" ("id", "hasil_id", "kuis_soal_id", "soal_id", "jawaban", "point", "max_point") VALUES (670, 83, 137, 86, E'true', 10.00, 10.00);
INSERT INTO "hasil_detail" ("id", "hasil_id", "kuis_soal_id", "soal_id", "jawaban", "point", "max_point") VALUES (675, 83, 138, 87, E'false', 10.00, 10.00);
INSERT INTO "hasil_detail" ("id", "hasil_id", "kuis_soal_id", "soal_id", "jawaban", "point", "max_point") VALUES (677, 83, 145, 91, E'"jawaban"', 15.00, 15.00);
INSERT INTO "hasil_detail" ("id", "hasil_id", "kuis_soal_id", "soal_id", "jawaban", "point", "max_point") VALUES (672, 83, 142, 89, E'["jakarta","2","1"]', 15.00, 20.00);
INSERT INTO "hasil_detail" ("id", "hasil_id", "kuis_soal_id", "soal_id", "jawaban", "point", "max_point") VALUES (679, 84, 140, 88, NULL, 0.00, 20.00);
INSERT INTO "hasil_detail" ("id", "hasil_id", "kuis_soal_id", "soal_id", "jawaban", "point", "max_point") VALUES (683, 84, 138, 87, NULL, 0.00, 10.00);
INSERT INTO "hasil_detail" ("id", "hasil_id", "kuis_soal_id", "soal_id", "jawaban", "point", "max_point") VALUES (682, 84, 135, 85, NULL, 0.00, 10.00);
INSERT INTO "hasil_detail" ("id", "hasil_id", "kuis_soal_id", "soal_id", "jawaban", "point", "max_point") VALUES (681, 84, 134, 84, NULL, 0.00, 10.00);
INSERT INTO "hasil_detail" ("id", "hasil_id", "kuis_soal_id", "soal_id", "jawaban", "point", "max_point") VALUES (678, 84, 137, 86, NULL, 0.00, 10.00);
INSERT INTO "hasil_detail" ("id", "hasil_id", "kuis_soal_id", "soal_id", "jawaban", "point", "max_point") VALUES (680, 84, 142, 89, NULL, NULL, 20.00);
INSERT INTO "hasil_detail" ("id", "hasil_id", "kuis_soal_id", "soal_id", "jawaban", "point", "max_point") VALUES (685, 84, 145, 91, NULL, NULL, 15.00);
INSERT INTO "hasil_detail" ("id", "hasil_id", "kuis_soal_id", "soal_id", "jawaban", "point", "max_point") VALUES (684, 84, 144, 90, NULL, NULL, 5.00);
INSERT INTO "hasil_detail" ("id", "hasil_id", "kuis_soal_id", "soal_id", "jawaban", "point", "max_point") VALUES (688, 85, 84, 59, NULL, 0.00, 5.00);
INSERT INTO "hasil_detail" ("id", "hasil_id", "kuis_soal_id", "soal_id", "jawaban", "point", "max_point") VALUES (686, 85, 82, 58, NULL, 0.00, 10.00);
INSERT INTO "hasil_detail" ("id", "hasil_id", "kuis_soal_id", "soal_id", "jawaban", "point", "max_point") VALUES (687, 85, 81, 57, NULL, 0.00, 2.00);

